title,author,genre,summary,excerpt
Visual C++6 For Dummies,['Charles Wright'],['Computers'],"Discusses how to get started with Visual C++, describes how to create useful help files, provides instructions for building, compiling, and debugging programs, and covers classes","Ok. i know its called &quot;for dummies&quot;.... and i dint really consider myself one, until i dropped $29.99, but, i looked at the first few chapters, and it look OK.... I thought id get much more &quot;Windows programming&quot; out of iti got a bit tired of :&quot;see me feel me touch me print me...&quot;&quot;smooth operator&quot;&quot;holy debugger batman, it works... etc...A bit to bubble-gummy for me AND, as was mentioned before:What About Windows ???? ... id didn't buy it Strickly for c++, it said &quot;VISUAL c++&quot;... maybe if it had been called &quot;Visual c++ console apps&quot;, (which is what it is) i would have (should have), left it on the shelf.. maybe its my fault... i guess when i think visual c++, i think sdi, and mdi classes...OH... maybe i am a dummy, after allI was NOT amused, nor very happy..."
Sisters of Cain,['Colin Dexter'],['Fiction'],"“Audacious and amusing . . . may be the best book yet in this deservedly celebrated series.”—The Wall Street Journal It was only the second time Inspector Morse had ever taken over a murder enquiry after the preliminary—invariably dramatic—discovery and sweep of the crime scene. Secretly pleased to have missed the blood and gore, Morse and the faithful Lewis go about finding the killer who stabbed Dr. Felix McClure, late of Wolsey College. In another part of Oxford, three women—a housecleaner, a schoolteacher, and a prostitute—are playing out a drama that has long been unfolding. It will take much brain work, many pints, and not a little anguish before Morse sees the startling connections between McClure's death and the daughters of Cain. . . . Praise for The Daughters of Cain “Very cleverly constructed. . . Dexter writes with an urbanity and range of reference that is all his own.”—Los Angeles Times “You don’t really know Morse until you’ve read him. . . . Viewers who have enjoyed British actor John Thaw as Morse in the PBS Mystery! anthology series should welcome the deeper character development in Dexter’s novels.”—Chicago Sun-Times “A masterful crime writer whom few others match.”—Publishers Weekly","Glynis Tryon and Seneca Falls make only a cameo appearence; most of the action is in Washington, D.C. and Richmond, Virginia and points between. The main character is Bronwen Llyr, Glynis' neice and a Union spy; and to a lesser extent, Bronwen's sister Kathryn, a nurse. There is adventure aplenty, and as usual, Monfredo brings American history alive, so you learn about it without even trying.Great fun to read, and educational too. What more can you ask?watziznaym@gmail.com"
STEPHEN HAWKING'S A BRIEF HISTORY OF TIME,['Stephen Hawking'],['Science'],"Was there a beginning of time? Could time run backwards? Is the universe infinite or does it have boundaries? These are just some of the questions considered in an internationally acclaimed masterpiece by one of the world's greatest thinkers. It begins by reviewing the great theories of the cosmos from Newton to Einstein, before delving into the secrets which still lie at the heart of space and time, from the Big Bang to black holes, via spiral galaxies and strong theory. To this day A Brief History of Time remains a staple of the scientific canon, and its succinct and clear language continues to introduce millions to the universe and its wonders.","This may be as bad as it gets. Were we not expecting a New Relativity we could understand? Yes? Were we not promised a glimpse into the future? Time travel. Easier to digest than Einstein? No? As far as I'm concerned, we got &quot;None of the above&quot;. ( This probably being the Professors' fave phrase.) When he tangented about &quot;Time Cones&quot;, and did so with meaningless graphics, I lost all faith in him as a prodigal. &quot;...for the layman...&quot;. You bet! It's not even for the scientists (exceptin' those @ MarvelComics.Com). Astro-babble to the max!"
The Tipping Point: How Little Things Can Make a Big Difference (Wheeler Compass),['Malcolm Gladwell'],['Reference'],An introduction to the Tipping Point theory explains how minor changes in ideas and products can increase their popularity and how small adjustments in an individual's immediate environment can alter group behavior.,"Good content, but could have been communicated in about half the time in half the space."
"Chronic Sorrow: A Living Loss (Series in Death, Dying, and Bereavement)",['Susan Roos'],['Psychology'],"Grief and loss are burgeoning concerns for professional disciplines such as nursing, social work, family therapy, psychology, psychiatry, law, religion and medicine. Although understanding has increased in virtually all other areas of grief and loss, chronic sorrow has received scant attention. Chronic sorrow is a natural grief reaction to losses that are not final, but continue to be present in the life of the griever. This book views chronic sorrow in a life-span perspective, and reveals the effect on the griever and the people close to them. This book fills a void in the literature; and attempts to develop a comprehensive analysis of chronic sorrow that will secure its position within the field of grief and loss.","Susan Roos hit the nail on the head in defining what it is like being the parent of a child with special needs. The book is very well written, with just enough personal experience combined with professional expertise. For professionals in the field, her writing will provide an in-depth parent perspective of the realities of everyday caregiving and advocating for your child. For parents or family members caring for children with disabilities, this book will give validation to the feelings that have likely plagued you with guilt all these years."
City of Quartz (The Haymarket Series),['Mike Davis'],['Social Science'],The hidden story of L.A. Mike davis shows us where the city's money comes form and who controls it while also exposing the brutal ongoing struggle between L.A.'s haves and have-nots.,"To call this book a Marxist rant would be an understatement. Davis spends over 400 pages verbally demolishing a great city. I've lived here my entire life and I could not imagine living anywhere else. Nothing escapes his wrath. He engages in the same tiring class warfare arguments all Marxists value; Rich against poor, black and latino against white, religion against secularization. Everyone who has a position of power in Los Angeles is raked across the coals. Never mind that he does not provide any of his own solutions for the supposed problems of our city. If you are looking for a balanced well-argued book do not look here, but if you are looking to read a leftest diatribe you'll feel perfectly at home."
The Witch of Blackbird Pond,['Elizabeth George Speare'],['Juvenile Fiction'],"In 1687 in Connecticut, Kit Tyler, feeling out of place in the Puritan household of her aunt, befriends an old woman considered a witch by the community and suddenly finds herself standing trial for witchcraft.","This book is really good. A beleivable plot, good characters, easy to follow, what more could you want? My mom wasn't sure about the book because of the title, but after listening to it she thought it was a really great book too. This book has a little bit of everything in it and is a MUST READ for any over 10."
The Lincoln Lawyer,['Michael Connelly'],['Fiction'],"This #1 bestselling legal thriller from Michael Connelly is a stunning display of novelistic mastery - as human, as gripping, and as whiplash-surprising as any novel yet from the writer Publishers Weekly has called ""today's Dostoevsky of crime literature."" Mickey Haller is a Lincoln Lawyer, a criminal defense attorney who operates out of the backseat of his Lincoln Town Car, traveling between the far-flung courthouses of Los Angeles to defend clients of every kind. Bikers, con artists, drunk drivers, drug dealers - they're all on Mickey Haller's client list. For him, the law is rarely about guilt or innocence, it's about negotiation and manipulation. Sometimes it's even about justice. A Beverly Hills playboy arrested for attacking a woman he picked up in a bar chooses Haller to defend him, and Mickey has his first high-paying client in years. It is a defense attorney's dream, what they call a franchise case. And as the evidence stacks up, Haller comes to believe this may be the easiest case of his career. Then someone close to him is murdered and Haller discovers that his search for innocence has brought him face-to-face with evil as pure as a flame. To escape without being burned, he must deploy every tactic, feint, and instinct in his arsenal - this time to save his own life.","Even if you're not interested in law, this book is a must read. It's got a great story line, it's well written and easy to breeze through. You fall in love with Haller from page 1 and are mesmerized by him until the last word. Great book."
Great Expectations,['Charles Dickens'],['Fiction'],"Penguin Classics e-books give you the best possible editions of Charles Dickens's novels, including all the original illustrations, useful and informative introductions, the definitive, accurate text as it was meant to be published, a chronology of Dickens's life and notes that fill in the background to the book. This Penguin Classics edition of Great Expectations also includes Dickens's alternative ending to the novel. A terrifying encounter with an escaped convict in a graveyard on the wild Kent marshes; a summons to meet the bitter, decaying Miss Havisham and her beautiful, cold-hearted ward Estella; the sudden generosity of a mysterious benefactor - these form a series of events that change the orphaned Pip's life forever, and he eagerly abandons his humble origins to begin a new life as a gentleman. Dickens's haunting late novel depicts Pip's education and development through adversity as he discovers thetrue nature of his 'great expectations'.","Dickens has a very vivid imagination. He express himself in a bizzare way in all of his works. In this novel, however, he out does himself. This book has a strange air about it. I was rather confused how Miss Havisham could be so confined. Why anyone would let a man upset them so much. They really aren't worth that much. The storyline was very interesting. I found the book easy to follow. Overall I would say a must read"
Path of Daggers (Wheel of Time 08),['Robert Jordan'],['Fiction'],"The Wheel of Time is now an original series on Prime Video, starring Rosamund Pike as Moiraine! Since its debut in 1990, The Wheel of Time® by Robert Jordan has captivated millions of readers around the globe with its scope, originality, and compelling characters. The Wheel of Time turns and Ages come and go, leaving memories that become legend. Legend fades to myth, and even myth is long forgotten when the Age that gave it birth returns again. In the Third Age, an Age of Prophecy, the World and Time themselves hang in the balance. What was, what will be, and what is, may yet fall under the Shadow. The Seanchan invasion force is in possession of Ebou Dar. Nynaeve, Elayne, and Aviendha head for Caemlyn and Elayne's rightful throne, but on the way they discover an enemy much worse than the Seanchan. In Illian, Rand vows to throw the Seanchan back as he did once before. But signs of madness are appearing among the Asha'man. In Ghealdan, Perrin faces the intrigues of Whitecloaks, Seanchan invaders, the scattered Shaido Aiel, and the Prophet himself. Perrin's beloved wife, Faile, may pay with her life, and Perrin himself may have to destroy his soul to save her. Meanwhile the rebel Aes Sedai under their young Amyrlin, Egwene al'Vere, face an army that intends to keep them away from the White Tower. But Egwene is determined to unseat the usurper Elaida and reunite the Aes Sedai. She does not yet understand the price that others--and she herself--will pay. The Wheel of Time® New Spring: The Novel #1 The Eye of the World #2 The Great Hunt #3 The Dragon Reborn #4 The Shadow Rising #5 The Fires of Heaven #6 Lord of Chaos #7 A Crown of Swords #8 The Path of Daggers #9 Winter's Heart #10 Crossroads of Twilight #11 Knife of Dreams By Robert Jordan and Brandon Sanderson #12 The Gathering Storm #13 Towers of Midnight #14 A Memory of Light By Robert Jordan and Teresa Patterson The World of Robert Jordan's The Wheel of Time By Robert Jordan, Harriet McDougal, Alan Romanczuk, and Maria Simons The Wheel of Time Companion By Robert Jordan and Amy Romanczuk Patterns of the Wheel: Coloring Art Based on Robert Jordan's The Wheel of Time At the Publisher's request, this title is being sold without Digital Rights Management Software (DRM) applied.","Because he needs some discipline. Anybody that can write books like the Eye of the World and the Great Hunt (Arguably two of the greatest fantasy books ever) and then turn out some kind of pulp mash like the Path of Daggers, definitely has lost direction. When I first got interested in the series last year, I read some of the interviews posted around the web and I thought Jordan was money hungry and arrogant. Then I kept reading the books in the series and I thought I had been wrong. Then Path of Daggers came out and I knew I was right. We are being had! I can't really imagine any other explanation for this book's quality than, Jordan had a deadline, he stopped writing where he was, and said, OK the book is done. It is amazing and outrageous that in the final chapters he opens up entirely new story lines and then just leaves them dangling. It is even more amazing that Tor books lets him get away with this. Readers unite, rise up, write Tor books and tell them to bring this prodigy back in line. He can do better and he should.For those of you who say that this book is a necessary part of the series here is a test. Let's call it a random sampling, so you can try it as many times as you like. 9/10 times you will get the same results:1. Pick up the Great Hunt. 2. Open the book anywhere and read for one hour. 3. See if you can stop when the hour is up. 4. If you don't want to stop ask yourself why. 5. Try the same thing with path of daggers. 6. Do you want to keep reading for an hour? Was this book easier to put down? 7. See how far the series has degenerated."
Mother Night,['Richard Zimdars'],['Fiction'],"Ryan and Dawnna. From their days as children in school, the sport of basketball helped them to create a friendship that made them nearly inseparable. Now that friendship is about to be tested by the strange and incredible twist of fate that changed their lives forever. Brought to Earthea against their will, the pair has quickly bonded with their new family, LaKeisha James and her daughters, Ebony and Ivory, members of the Denavah Di-Di’s, a babies’ professional basketball team. The five, along with their friends and teammates, are called upon to embark on two incredible missions... One mission, given by LaKeisha’s brother-in-law Jeddadiah, is to play host to a band of foreign dignitaries and discover the truth to their sudden interest in Amerikan culture. They must complete this task while attempting to be successful in their never-ending mission: defeating their rivals and becoming league champions of the Baby Ballers Basketball Association!","The beginning of this book sets a standard that is hard to keep throughout, but Kurt does it. The varying views of Auschwitz and the war, and the personal view of this one person makes people look at World War II in a very different way. Even the prologue astounded us with painful fact. It shows that even the most atrocious men, still suffer a tragedy. With extremely powerful quotes throughout, this is definitely a good read."
Crime and Punishment,"['Fyodor Dostoyevsky', 'Constance Garnett']",['Fiction'],"In a timeless story of justice, morality, and redemption, an impoverished Russian student murders a miserly landlady, a crime that has severe repercussions on his life and his family as he battles his conscience.","When I first picked up this book, I assumed the title defined the story in the ""classic"" sense - a criminal committed some henious act and was sent to prison, where the bulk of the tale would be told. I expected a look at a Russian prison in the 19th century, but I was surprised by the content.Dostoevesky, who was sent into exile in Siberia, wrote a pyschological thriller - long before the genre of 'thriller' was ever invented. Rather than focusing on the criminal's time in prison, he focused on the criminal's mindset and the intellectual torture that he put himself through. Rodion Raskolnikov, a young man, was a murderer; he killed two women; one intentionally, the other only a victim of circumstance. Raskolnikov then struggles with the crime he has committed and tries to explain to himself why he should (or should not) confess to the crime. During his neurotic episodes, we meet unforgettable characters such as Porfiry Petrovich of the police department, who (in my opinion) probably was the basis for the modern day Detective Columbo of television fame. Porfiry has a way of asking questions that force Raskolnikov to think about his crime and nearly leads him to break down. Even though Raskolnikov never confesses to Porfiry, the two men develop quite an intriguing relationship, one that fascinates the reader for many pages.I think I could go on & on about with praise and quips from this book, but if I did my review would be a hundred pages long and might dissuade people from reading it. Don't read this just because it has been tagged with the label ""classic"" by every modern publisher. Read it becuase it is a thrilling, page turning, escape into 19th century Russia and the psychological thoughts of a killer who believes he has killed because he is ""above the law"". Great book - wish I'd read it many years ago!"
The Notebook,['Jean Andrews'],['Computers'],"This step-by-step, highly visual text provides you with a comprehensive introduction to managing and maintaining computer hardware. Written by best-selling author and educator Jean Andrews, A+ GUIDE TO HARDWARE, Sixth Edition closely integrates the CompTIA A+ Exam objectives to prepare you for the hardware portions of the 220-801 and 220-802 certification exams. The new Sixth Edition also features extensive updates to reflect current technology, techniques, and industry standards in the dynamic, fast-paced field of PC repair. Each chapter covers both core concepts and advanced topics, organizing material to facilitate practical application and encourage you to learn by doing. Supported by a wide range of supplemental resources to enhance learning—including innovative tools, interactive exercises and activities, and online study guides—this proven text offers an ideal way to prepare you for success as a professional PC repair technician. Important Notice: Media content referenced within the product description or the product text may not be available in the ebook version.",We think this will make a great Valentine's gift for all our &quot;sweethearts&quot;. We heard a radio interview with Nicholas Sparks this last week with news that the screen writer of a Preacher's Wife has the task of bringing this love story to the movies. When it is released we hope those who didn't enjoy the book skip the movie so there will be more room in line for us!
The Brother of Jesus: The Dramatic Story & Meaning of the First Archaeological Link to Jesus & His Family,"['Hershel Shanks', 'Ben Witherington, III']",['Religion'],"The most important archaeological discovery ever about Jesus! For 2,000 years we’ve gone without archaeological EVIDENCE of Jesus and his family … until now … This is the dramatic inside story of what may well be the most momentous archaeological discovery of our time: the first-century ossuary of Jesus’ brother, James, the head of the Jerusalem Church. Reportedly found just outside ancient Jerusalem, the fragile limestone burial box bears the inscription ‘James, son of Joseph, brother of Jesus’. The ossuary and its inscription are now regarded as authentic by top scholars in the field; they represent the first visual, tangible, scientific evidence of Jesus’ existence. The implications are monumental for understanding Jesus, his family, and the Jewish Christian movement during the formative years of Christianity. Hidden for centuries, the ossuary was purchased many years ago by an Israeli collector of ancient artifacts who never suspected its importance. Only when the renowned French scholar André Lemaire saw the Aramaic inscription (Aramaic was the language spoken by Jesus and his earliest followers) in April 2002 was its significance discovered. In October 2002, Lemaire announced the news to the world, asserting that it was almost certain that the inscription referred to Jesus of the Bible, his father Joseph and his brother James. Controversy immediately erupted over the age and authenticity of the inscription. The discovery also rekindled an ancient debate over whether Mary, the mother of Jesus, was a virgin throughout her life - a doctrine that still divides Catholics and Protestants. Hershel Shanks, a central figure of biblical archaeology, who led a forceful campaign to make the Dead Sea Scrolls available to the world, recounts the story of the ossuary’s discovery and authentication. Ben Witherington III, a leading New Testament scholar, shows how the discovery reveals surprising facts about a story people thought they knew: how Jesus was raised in a large, religiously conservative Jewish family; how his brothers and sisters were skeptical about his claims - until he died; how Jesus’ brother James went on to head the Jewish Christian movement in Jerusalem, becoming the leader Peter and Paul looked to for guidance and approval; how James brokered the major church controversy of the first century and wrote a book of the Bible; how he was martyred and soon written out of history by the Church of Rome. The dramatic discovery of the ossuary allows us to become reacquainted with the towering historical figure the apostle Paul called a ‘pillar of the church’.","Shanks and Witherington bring a sophisticated and compelling study with ""The Brother of Jesus"" (2003 paperback). Theirs is a careful consideration of the authenticity for the ""James the son of Joseph the brother of Jesus"" ossuary publicly introduced in 2002. (It was discovered a number of years ago, extracted from it's original resting place, and then housed in various Israeli locations over several generations until its 21st century public presentation.)Recounting various scientific/forensic examinations of the small bone box, the authors add their voices to its continuing controversy. Did this ossuary house the bones of St. James, the Just, the brother of Jesus Christ? Can it really ever be completely examined and understood without knowing the information from its original provenance?These are difficult questions to answer, even in the wake of the ossuary's forensic study. After providing a complete and careful recounting of all the ossuary's scientific examinations Shanks and Witherington attempt clear answers with their presentation of James' history by reviewing the various personality and events associated with him. They review the ossuary bullae (sealant), its patina (the calcium carbonate surface) and its Aramaic calligraphy. They revisit the early Christian sources for James, the various personalities named ""James"" in the Scripture, authorship for the Epistle of James, the death and legend of James, the family of James, and much more.Due to the technical nature of this 305-page book it should not be considered a quick read. Each chapter concludes with a plethora of source suggestions. Preferring to consult each source Shanks and Witherington cite, I completed the book in a little less than a month. The authors provide dozens of precision maps, informative charts, interesting photographs (colored and black and whites), and helpful endnotes.In the end, I found pages 1 through 224 to be the most helpful. These first two parts demonstrate that the James ossuary (sandstone box itself) is authentic from the first century (such ossuaries were commonly used around Jerusalem only from about 20 BC to AD 70). Shanks and Witherington are also convinced that the first half of the writing- ""James the son of Joseph"" is probably authentic to the first century.The third section of the book (pages 225 to 305) is less persuasive and would be more convincing with additional research (and scholarly debate). Here the authors believe the second half of the inscription- ""the brother of Jesus""- to be a later addition and, thus, a forgery (page 235). Who can say for sure?""The Brother of Jesus"" is a good read witnessing to a fascinating subject. Shanks and Witherington have been at the forefront of the James ossuary's history from its 2002 introduction. The book is recommended to all who want to know more about the ossuary that may have housed the bones of Jesus' brother. It is also a good read for all Bible students. Order your copy soon."
False Impression,['Jeffrey Archer'],['Fiction'],"Jeffrey Archer, one of the greatest popular novelists of our generation, delivers a truly page-turning thriller in False Impression. When an aristocratic old lady is brutally murdered in her country home the night before 9/11, it takes all the resources of the FBI and Interpol to work out the connection between her and the possible motive for her death - a priceless Van Gogh painting. It's a young woman, who was in the North Tower when the first plane crashed into the building, who has the courage and determination to take on both sides of the law and avenge the old lady's death. Anna Petrescu is missing, presumed dead, after 9/11 and she uses her new status to escape from America, only to be pursued across the world from Toronto to London, to Hong Kong, Tokyo and Bucharest, but it is only when she returns to New York that the mystery unfolds. Why are so many people willing to risk their own lives and others' to own the Van Gogh Self-Portrait with Bandaged Ear?","I've been reading Jeffrey Archer since 1977...and I've never been disappointed with his stories. This one is as solid as it gets. I've been reading a lot of other writters lately who forget about finishing their books, so it was refreshing to read something that tied up all the loose ends."
Memoirs of a Geisha (Signed),['Arthur Golden'],['Fiction'],"A literary sensation and runaway bestseller, this brilliant debut novel tells with seamless authenticity and exquisite lyricism the true confessions of one of Japan's most celebrated geisha. Nominated as one of America’s best-loved novels by PBS’s The Great American Read Speaking to us with the wisdom of age and in a voice at once haunting and startlingly immediate, Nitta Sayuri tells the story of her life as a geisha. It begins in a poor fishing village in 1929, when, as a nine-year-old girl with unusual blue-gray eyes, she is taken from her home and sold into slavery to a renowned geisha house. We witness her transformation as she learns the rigorous arts of the geisha: dance and music; wearing kimono, elaborate makeup, and hair; pouring sake to reveal just a touch of inner wrist; competing with a jealous rival for men's solicitude and the money that goes with it. In Memoirs of a Geisha, we enter a world where appearances are paramount; where a girl's virginity is auctioned to the highest bidder; where women are trained to beguile the most powerful men; and where love is scorned as illusion. It is a unique and triumphant work of fiction—at once romantic, erotic, suspenseful—and completely unforgettable.","CoverI absolutely adore this cover! The actress who plays Sayuri in the movie is one of my favorites and a stunning beauty. I am mesmerized by the Geisha culture and this cover fits the feel of this gorgeous tale.CharactersSayuri is such a great character. She starts the story being an afraid child and ends it being someone girls can really look up to. I found myself wanting to be her. I even used Sayuri for a username online for a while. I know, ridiculous. Each character brings their own personality to the story and none of them were created without their full potential shining through.StoryThis is still my favorite book, ever. Being obsessed with Japan helps a lot but even without that, it's an amazing tale of love of triumph in Japan pre American takeover. The only thing I don't like about this book is the inclusion of the US. Japan was such an outstanding place back then, and even though it's still a fantastic place, I would have liked it to stay the way it was in this book. This is my favorite period of time in Japan and I would have given anything to live in that time and place. This book is my dream come true. It's deep and memorable, and will be hard to pass in my opinion. Arthur Golden is a magical man.Quote(s)""If you aren't the woman I think you are, then this isn't the world I thought it was.""""He was like a song I'd heard once in fragments but had been singing in my mind ever since.""""I don't know when we'll see each other again or what the world will be like when we do. We may both have seen many horrible things. But I will think of you every time I need to be reminded that there is beauty and goodness in the world."""
"Lord of the Flies, a Novel",['William Golding'],['Fiction'],"Nog altijd even opwindend en tot nadenken stemmend als toen het in 1954 verscheen, schept 'Heer van de vliegen' een gewelddadig, treff end beeld van de menselijke natuur, en wat er met deze gebeurt als de beschaving ten onder gaat. Een groep schooljongens stort neer op een onbewoond eiland. Zonder ouders of ander volwassen toezicht moeten ze met elkaar samenwerken om te overleven, waar ze jammerlijk in falen. Hun strijd om het bestaan krijgt geleidelijk steeds meer barbaarse trekken. Heer van de vliegen werd bij verschijning met lof overladen, maar commercieel succes bleef in eerste instantie uit. Geleidelijk aan werd het echter een cult-favoriet onder studenten en critici, en werd het vaak vergeleken met Salingers De vanger in het graan wat betreft invloed op de moderne literatuur.","Golding is an exquisite writer. He uses symbolism to describe the fact that there is evil in everyone. He also uses symbolism to describe fear and anger. He provokes the mind to think that they are in the story by using descriptions. Although some aspects of this book were unbelievable, it could happen. I personally see only two flaws in the book. The first being that everything needs to be more innnocent in the beginning so that when drastic changes come they are extremely drastic. The second being that the book goes very slowly, almost too slowly. However, overall it was an excellent book. I enjoyed reading Lord of the Flies."
THE CATCHER IN THE RYE,['J.D. Salinger'],['Fiction'],"Anyone who has read J. D. Salinger's New Yorker stories - particularly A Perfect Day for Bananafish, Uncle Wiggily in Connecticut, The Laughing Man, and For Esme - With Love and Squalor, will not be surprised by the fact that his first novel is full of children. The hero-narrator of The Catcher in the Rye is an ancient child of sixteen, a native New Yorker named Holden Caulfield. Through circumstances that tend to preclude adult, secondhand description, he leaves his prep school in Pennsylvania and goes underground in New York City for three days. The boy himself is at once too simple and too complex for us to make any final comment about him or his story. Perhaps the safest thing we can say about Holden is that he was born in the world not just strongly attracted to beauty but, almost, hopelessly impaled on it. There are many voices in this novel: children's voices, adult voices, underground voices-but Holden's voice is the most eloquent of all. Transcending his own vernacular, yet remaining marvelously faithful to it, he issues a perfectly articulated cry of mixed pain and pleasure. However, like most lovers and clowns and poets of the higher orders, he keeps most of the pain to, and for, himself. The pleasure he gives away, or sets aside, with all his heart. It is there for the reader who can handle it to keep.","I'm sorry, but I didn't like this book. It is supposed to be some amazing adventure into the everyday life of a teenager, full of shortcomings, pressures, angst and grief. IT WAS NONE OF THAT. I thought that it was a horrible peice of literature. I believe that it showed a whiny young man, who couldn't take responsibility for himself. He stayed mired in this self-pity and couldn't see why nothing went his way. I didn't care for this book at all. I beleive that the only reason that it caught fire was because it was so &quot;bad&quot; when it was published that it was banned. This being banned added a little mystique to it. Everyone read it and it did well. Oh, by the way, so there is no misinterpretation of my comments, I am a 17 year old male in California. Yes, a teenager actually hated the Catcher in the Rye. AMAZING! I welcome any comments at my e-mail address: hoss@neworld.ne"
Waffen-SS Uniforms In Color Photographs: Europa Militaria Series #6,['Steven Amodio'],['History'],"An exciting series that features the soldier, both modern and historical. Each volume captures the men, their uniforms, their equipment and their weapons. Rare Waffen-SS uniforms, insignia, combat equipment, and weapons from several private collections.","I paint WWII miniatures as a hobby and I found this book to be an excellent source of color photo reference of period uniforms from which to base my painting on. The book offers great color photos of a wide variety of different uniforms as well as providing historical detail as to the issue, use, production, etc. I highly recommend this book for anyone with similar hobby needs or just interested in the period in general."
Southampton Row (Charlotte and Thomas Pitt),['Anne Perry'],['Fiction'],"When a clairvoyant is found murdered following a late night sâeance, Thomas and Charlotte Pitt become entangled in a battle over a crucial seat in Parliament when they discover that the wife of one candidate participated in the fatal sâeance.","This is a sequel to the previous novel, ""The Whitechapel Conspiracy,"" which should be read first to fully understand the characters and background. The book possibly gets a little heavy into the position of women in society, etc., but otherwise is a good mystery. Charles Voisey was thwarted in his attempt to seize the government, but now is knighted and seeking a seat in the House of Commons. Thomas Pitt has been sent back to Special Branch, and the Inner Circle still exerts an evil influence on events. Some people have a lust for power and are willing to commit crimes to gain their objectives.A spiritualist is murdered. Her death may be connected to the politics of the coming election. Pitt must send his wife and children off to the country on their own when his vacation is cancelled. Investigations lead to some surprising connections between individuals, and Pitt finds his reputation threatened before the case is finally resolved. Politics breed strange bedfellows, and Pitt's brother-in-law finds himself in an awkward position where he must decide between a friend and his own career in politics.It is better to deal with an enemy you know rather than one you don't know. Crimes sometimes go unpunished, even murder."
Play Dates,['Rob McClurkan'],['Juvenile Fiction'],"Ezra can't wait for his ""little"" friend Finley to come over and play! But Ezra's parents are in for a surprise, because Finley isn't like Ezra's other friends--Finley is an elephant! The two pals have some big, BIG plans, like: riding bikes, dancing in the tree house, and bouncing on the trampoline. But Ezra's parents come up with a list of rules. No piggyback rides. No loud voices. Absolutely no running inside. No problem, though! Ezra and Finley have lots of ideas up their sleeves . . . and everything will be fine as long as they remember the most important rule of all: to always have fun! This fun and funny friendship story is perfect for young readers and their parents who are all too familiar with their playdates.","This chick lit is different. The story is about a twentysomething woman who gets dumped by her husband for an older women. So, the main character is left raising her young daughter by herself.The story is solely based on the interactions between our main character and her child - relative to the rest of the world.It works. Its funny and because the storyline is unusual for chick lit, there are lots of stories to tell. The writing is very well done and the book is kind of divided between the main characters. Also, cute little diary entries, written by Zoe, the 6 year old girl are wonderful and kind of insightful.I think the only thing I don't like is that the author portrays Zoe as extremely spoiled and VERY whiny. Kind of irritating, but does not remove from the great story.Buy it."
Lost Horizon,['James Hilton'],['Fiction'],"Originally published in 1933, Lost Horizon gained unrivaled popularity from coast to coast, particularly after Frank Capra's spellbinding 1937 film introduced audiences nationwide to its stunning tale of revolution, utopia, emotion, and adventure set in a hidden mountaintop escape known only as Shangri-La. When an uprising in Baskul forces a small group of English and American residents to flee, their plane crash-lands in the far western reaches of the Tibetan Himalayas. There, the bewildered party finds themselves stranded outside the protective borders of the British Empire, and discovers access to a place beyond the bounds of the imagination—a legendary paradise, the mystic monastery Shangri-La. New P.S. Edition featuring an essay by Kenneth C. Davis, author of Don't Know Much About® History and Two-Bit Culture: The Paperbacking of America.","No, I don't at all understand how anyone can assign even the first star to this putative literary work. I invested a goodly fifty pages without noting the first scintilla of action or intrigue, although I did suffer through reference after reference to 1920s practices and customs at Oxford--couched in impenetrable Edwardian slang. I had absolutely no idea what was going on, other than that I was bored witless."
Under the Frog: A Novel,['Tibor Fischer'],['Fiction'],"Follows two young Hungarian basketball players, Pataki and Gyuri, from the last years of World War II through the anti-Soviet uprising of 1956, as they search for food, lodging, and female companionship. Reprint.",Under the Frog is beautifully written. Fischer's dry wit achieves just the right balance between the dark and humourous themes of the novel. The story-telling is excellent! I've recommended the book to many of my friends and they all loved it.
Faces in the Water,['Janet Frame'],['Fiction'],"'Janet Frame's luminous words are the more precious because they were snatched from the jaws of the disaster of her early life . . . and yet to read her is no more difficult than breathing' Hilary Mantel When Janet Frame's doctor suggested that she write about her traumatic experiences in mental institutions in order to free herself from them, the result was Faces in the Water, a powerful and poignant novel. Istina Mavet descends through increasingly desolate wards, with the threat of leucotomy ever present. As she observes her fellow patients, long dismissed by hospital staff, with humour and compassion, she reveals her original and questing mind. This riveting novel became an international classic, translated into nine languages, and has also been used as a medical school text. Books included in the VMC 40th anniversary series include: Frost in May by Antonia White; The Collected Stories of Grace Paley; Fire from Heaven by Mary Renault; The Magic Toyshop by Angela Carter; The Weather in the Streets by Rosamond Lehmann; Deep Water by Patricia Highsmith; The Return of the Soldier by Rebecca West; Their Eyes Were Watching God by Zora Neale Hurston; Heartburn by Nora Ephron; The Dud Avocado by Elaine Dundy; Memento Mori by Muriel Spark; A View of the Harbour by Elizabeth Taylor; and Faces in the Water by Janet Frame","Janet Frame's Faces in the Water belongs on the same shelf with such contemporary books: The Bell Jar and One Flew Over the Cuckoo's Nest. But in its grim earnestness and somber naturalism of reality, it is a biographical novel that is on an echelon all by itself.Janet Frame, one of New Zealand's most redoubtable and esteemed novelists and twice a contender for the Noble Prize in Literature, used facets of her own (earlier) melancholic life for the creation of the novel's protagonist, Estina Mavet, a young and misunderstood, if not a bit shy, woman - a character who emblematized the author herself.The novel is told in a tight, structured first person documentary narrative. The book is so wonderfully crafted, and the psychological distance and adroitness in observation of the narrator is so unfeigned, it is a marvel to behold. A reader would believe that the character of Estina was a fly on the wall observing the goings-on of its environment, but that would quickly change as he/she is snapped back into reality when some of the other characters come into play: the nurses Sister Bridge, Matron Glass, Sister Honey, Nurse Clarke to Dr. Steward and Dr. Portman, to the sundry number of incurable female patients Maudie, Carol, Bertha, Violet, down the gamut.The incarceration of Estina and those believed to be her mentally 'damaged' like takes place in two mental institutions: Cliffhaven and Treecroft. The two hospitals are essentially divided into wards, each safeguard representing the level of madness that correlates to the tormented patient. With Estina, her placement varies from Ward One, Two or Four. While progressing through the book, the reader is never truly exposed to Estina's actions but rather her inner thoughts. And the writing that represents the narration of her ordeal is crisp, cutting and luminous. From E.S.T. (electroshock treatment) to the dreaded lobotomy, Estina goes through it all, narrowly missing having a 'brain readjustment.' The horror of the latter part, I think, is perfectly elucidated on pages 213 to 216:&quot;We don't like to see you here,&quot; he said. &quot;There's an operation which changes the personality and reduces the tension, and we decided it would be best for you to have the operation.&quot;And&quot;With your personality changed,&quot; she said, &quot;no one will dream you were what you were. So many patients have had this operation or are going to have it. I know one woman who was here for twenty years and now -what do you think?-she's selling hats in one of the fashion stores in town. And she used to be in seclusion, like you.&quot;&quot;I don't think I could sell hats,&quot; I said doubtfully.&quot;You've no idea what you'll be able to do. You'll be out of the hospital in no time instead of spending your life here as otherwise you'll have to do, my lady, and you'll get a good job in a shop or perhaps an office, and you'll never regret having had a lobotomy.&quot;As the Estina's story winds down and the climax of horror lessons (I'll let you guess what happens), the story has a very exquisite and refined ending, a completeness, a totality, like a Charles Dickens novel. There is a definative statement that is elicied from this work: compassion, understanding, valuing life no matter how unpleasant it may be. For that alone and what Janet Frame endured, she should receive a Nobel."
The Lion's Game,['Nelson DeMille'],['Fiction'],"Detective John Corey, last seen in Plum Island, now faces his toughest assignment yet: the pursuit and capture of the world's most dangerous terrorist -- a young Arab known as ""The Lion"" who has baffled a federal task force and shows no sign of stopping in his quest for revenge against the American pilots who bombed Libya and killed his family. Filled with unrelenting suspense and surprising plot twists at every terrifying turn, The Lion's Game is a heartstopping race against time and one of Nelson DeMille's most riveting thrillers.","Ever since Plum Island I have been awaiting another book with John Corey. It seems like a long time, but then again, at 673 pages, it probably took Demille some time to write it. I am happy to say that the wait was worth it, however. Unlike some other big name authors who have been writing quickly but producing sub par work (ie. Cornwell, Baldacci, etc.), Demille has turned up another winner. The writing is fantastic; Great characters and dialogue, and an excellent fast-paced story. I also love the use of humor in the book. Corey is hillarious with all of his smart-ass sarcastic remarks. The humor is refreshing, as so many books take themselves too seriously, and end up becoming somewhat dull. The Lions Game is anything but dull though. It is an exciting, engrossing, nasty, intelligent book that can be summed up nicely by the cliche &quot;I couldn't put it down&quot; Read it, or you will regret it."
The Joy of Cooking,"['Irma S. Rombauer', 'Marion Rombauer Becker', 'Ethan Becker', 'John Becker', 'Megan Scott']",['Cooking'],"“Cooking shouldn’t just be about making a delicious dish—owning the process and enjoying the experience ought to be just as important as the meal itself. The new Joy of Cooking is a reminder that nothing can compare to gathering around the table for a home cooked meal with the people who matter most.” —Joanna Gaines, author of Magnolia Table “Generation after generation, Joy has been a warm, encouraging presence in American kitchens, teaching us to cook with grace and humor. This luminous new edition continues on that important tradition while seamlessly weaving in modern touches, making it all the more indispensable for generations to come.” —Samin Nosrat, author of Salt, Fat, Acid, Heat In the nearly ninety years since Irma S. Rombauer self-published the first three thousand copies of Joy of Cooking in 1931, it has become the kitchen bible, with more than 20 million copies in print. This new edition of Joy has been thoroughly revised and expanded by Irma’s great-grandson John Becker and his wife, Megan Scott. John and Megan developed more than six hundred new recipes for this edition, tested and tweaked thousands of classic recipes, and updated every section of every chapter to reflect the latest ingredients and techniques available to today’s home cooks. Their strategy for revising this edition was the same one Irma and Marion employed: Vet, research, and improve Joy’s coverage of legacy recipes while introducing new dishes, modern cooking techniques, and comprehensive information on ingredients now available at farmers’ markets and grocery stores. You will find tried-and-true favorites like Banana Bread Cockaigne, Chocolate Chip Cookies, and Southern Corn Bread—all retested and faithfully improved—as well as new favorites like Chana Masala, Beef Rendang, Megan’s Seeded Olive Oil Granola, and Smoked Pork Shoulder. In addition to a thoroughly modernized vegetable chapter, there are many more vegan and vegetarian recipes, including Caramelized Tamarind Tempeh, Crispy Pan-Fried Tofu, Spicy Chickpea Soup, and Roasted Mushroom Burgers. Joy’s baking chapters now include gram weights for accuracy, along with a refreshed lineup of baked goods like Cannelés de Bordeaux, Rustic No-Knead Sourdough, Ciabatta, Chocolate-Walnut Babka, and Chicago-Style Deep-Dish Pizza, as well as gluten-free recipes for pizza dough and yeast breads. A new chapter on streamlined cooking explains how to economize time, money, and ingredients and avoid waste. You will learn how to use a diverse array of ingredients, from amaranth to za’atar. New techniques include low-temperature and sous vide cooking, fermentation, and cooking with both traditional and electric pressure cookers. Barbecuing, smoking, and other outdoor cooking methods are covered in even greater detail. This new edition of Joy is the perfect combination of classic recipes, new dishes, and indispensable reference information for today’s home cooks. Whether it is the only cookbook on your shelf or one of many, Joy is and has been the essential and trusted guide for home cooks for almost a century. This new edition continues that legacy.","Where else can you find that recipe for classic lemonade?My copy is positively splattered with sauces, etc while using this for years."
Mayo Clinic On Healthy Weight,['Arthur Agatston'],['Cooking'],"A companion to ""The South Beach Diet"" presents more than two hundred recipes that demonstrate how to eat healthfully without compromising taste, outlining the diet's basic philosophies and sharing personal success stories.","This is a good basic resource for one searching out a weight loss program. The book reviews the popular weight lossdiets, medications, and available medical interventions, along with establishing healthy behaviors. It includessample 7 day menus, a chapter on identifying a healthy weight, strategies for maintaining your weight program,record keeping, and discussion of the obstacles to maintaining a healthy lifestyle program."
How to Talk to a Liberal (If You Must): The World According to Ann Coulter,['Ann Coulter'],['Political Science'],"The conservative columnist shares her thoughts on topics from political correctness and foreign policy to the media, in a collection of her commentaries accompanied by responses from readers on both sides of the political spectrum.","I recently came to a realization: though I am a Christian conservative I feel that we owe the liberals at least one thing. Without the liberal ideas of the 1920s upstanding conservative women such as Ann Coulter would not have the right to vote, which would be a great loss to this country.That said, I believe that Ann Coulters message, though not explicitly stated is quite clear. The Christian morals of this country have been under attack for long enough. I think her obvious message is that it is long past time to declare holy Jihad against the godless liberals. To prove that she is serious about this movement, I propose that Ann Coulter herself suicide bomb the ACLU. By doing this she will create a powerful martyr, and it is quite obvious from all the reviews on this site that she will have plenty of followers. This will send a powerful message to the liberals that the time for talk is over...this country needs people like her to selflessly sacrifice themselves for this important cause. FREEDOM ISNT FREE!!!"
Alice's Adventures in Wonderland,['Lewis Carroll'],['Fiction'],"Alice in Wonderland (also known as Alice's Adventures in Wonderland), from 1865, is the peculiar and imaginative tale of a girl who falls down a rabbit-hole into a bizarre world of eccentric and unusual creatures. Lewis Carroll's prominent example of the genre of ""literary nonsense"" has endured in popularity with its clever way of playing with logic and a narrative structure that has influence generations of fiction writing.","Clever and well written tale with imagery that leaps off the page. I own a print copy but wanted one for my Kindle, especially as access to free classics was a big reason I bought one in the first place. With writing like Caroll's I am not disappointed."
He-Motions: Even Strong Men Struggle,['T. D. Jakes'],['Self-Help'],"T.D Jakes brings clearness and hope to men, helping them to escape the modern malaise of misdirection and to strengthen their relationship with themselves, with the women in their lifes and with their Lord. Men feel the pressure of fulfilling many roles in life: husband, father, son, businessman and leader. Now Bishop Jakes comes to their aid with this guidebook to help every man understand his own emotional inner workings and to offer biblically inspired direction toward being the man God wants him to be.","Halfway thru E-motions, Bishop Jakes made clear what Spirituality is about. Not height, weight, race/color, or persuasionBishop Jakes never fell into the trap of the 'motivationalspeaker', spurring me to swimmin pools; movie stars, etc. Heexpounded on how to overcome our perceived limitations, which is much different than making a bunch of loot -robbers and thieves usually don't fare better after a big score.Two novels I've read take it another level:'That CaucafricanDistraction' and 'MAMAsense' by HW Benjamin"
The Burning Women of Far Cry,['Rick DeMarinis'],['Fiction'],"This surrealistic Black comedy centers around a household in the town of Far Cry, whose members include Jack, a confused teenager; La Donna, Jack's sexy, brilliant, Einstein-adoring sister; and Jade, his sensous, exotic-looking mother","A friend turned me on to this book while I was trying to decide if I wanted to buy &quot;A Clod of Wayward Marl&quot; from the superb independent publisher Dennis Mcmillan. After reading this I decided I would. This book melds noir with the contemporary and pulls it off. Children smoking, talking breasts, and humanoid babies, it's got it all --- and it isn't even science fiction."
Better Thinking and Reasoning,['Jonathan St B. T. Evans'],['Psychology'],"Our extraordinary capacity to reason and solve problems sets us aside from other animals, but our evolved thinking processes also leave us susceptibile to bias and error. The study of thinking and reasoning goes back to Aristotle, and was one of the first topics to be studied when psychology separated from philosophy. In this Very Short Introduction Jonathan Evans explores cognitive psychological approaches to understanding the nature of thinking and reasoning, problem solving, and decision making. He shows how our problem solving capabilities are hugely dependent on also having the imagination to ask the right questions, and the ability to see things from a completely new perspective. Beginning by considering the approaches of the behaviourists and the Gestalt psychologists, he moves on to modern explorations of thinking, including hypothetical thinking, conditionals, deduction, rationality, and intuition. Covering the role of past learning, IQ, and cognitive biases, Evans also discusses the idea that there may be two different ways of thinking, arising from our evolutionary history. ABOUT THE SERIES: The Very Short Introductions series from Oxford University Press contains hundreds of titles in almost every subject area. These pocket-sized books are the perfect way to get ahead in a new subject quickly. Our expert authors combine facts, analysis, perspective, new ideas, and enthusiasm to make interesting and challenging topics highly readable.","I wish the previous reviewer had included the following blurb from the back cover of the Tagliapietra's book: ""What I like most about the material is that it is centered around the Word of God. Your emphasis on the Word of God requiring us to use words carefully is something we all need."" In point of fact, what ""we all need"" is a good high school text on the teaching of logic. What we don't need is an evangelical Christian writing a book telling us what is logical and what isn't.Tagliapietra never provides a good logical argument telling his reader why someone should BELIEVE the way he does. We do, however, get examples of his ""logic"": In the Introduction he states, ""God has declared His Word clearly in Jesus....God has given you examples to follow in Jesus....God's character reflects orderly reasonable thinking, His Word commands it....May the Lord strengthen you through your study."" I'm not sure if Tagliapietra fully understands what propaganda is, but he definitely knows how to use it.In Chapter 1 ""Purposes of Definition"" he continues, ""[Paul and Peter] were infallibly guided so that the Scriptures have exactly the right wording...These Scriptures prove that the Biblical statement 'All scripture is given by inspiration of God' refers to God's act, not to human creativity."" Tagliapietra offers ""Questions"" at the end of Chapter 1. Here is a representative example: ""Choose the name of a Christian denomination (Baptist, Presbyterian, etc.) [and] Write convincing definitions as might be written by (1) an angry atheist and (2) a divisive Christian in another denomination."" This is supposed to be an exercise on how to teach good logic?In Chapter 2 ""Methods of Definition"" Tagliapietra's real objective is succinctly stated: ""Understanding the words of the Bible takes careful study."" It doesn't take a teacher of logic to figure out what he means here. Remember, this is supposed to be a book on logic. Further, he errs when he states that ""the [KJV] Bible is a translation of an ancient book."" The Judeo-Christian bible is a disjointed collection of numerous books, containing scores of mutually exclusive concepts and diverse stories and poems. In other words the collection lacks coherence. It doesn't take a logician to see this, only an attentive reader. But, the main point is this, Can't someone learn logic WITHOUT using the Bible?In Chapters 3 through 7 Tagliapietra covers ""Truth Values"" and ""Induction"". On page 26 he tells readers how to write a newspaper article rebutting a ""humanist,"" but to his credit, he does say to abide by ""the golden rule"" when attacking the humanist position. How does Tagliaprietra back up his ""instruction""? You got it! He uses quotes from Revelation and John, and on the next page, he quotes 1 Corinthians, Acts, Romans, and John, again.In Chapters 8 through 11 Tagliapietra tells about ""Evidence,"" ""Reasoning,"" and ""Fallacies."" He hits his peak with the following: ""Since the Bible is the only absolutely reliable source of truth, it is really the only source with which a theory must be in complete harmony."" In other words, from the beginning of his book to the very end, Tagliaprietra WANTS the reader to BELIEVE the way he does. Logic and the instruction thereof is secondary to his overall objective. His argument goes like this: Everything that is in harmony with the Bible is logical and anything that is not is illogical. If it doesn't fit, make it fit. On page 101, he says, ""The Bible accurately explains wrong views held by others (such as Satan)."" Tagliapietra finally worked Satan into his book on ""logic"". In the conclusion of Chapter 8, the writer states, ""Seven characteristics are required of a good theory: harmony with Scripture, coherency, adequacy, consistency, simplicity, accuracy, and fruitfulness."" One more time: If you want to be logical, according to Tagliapietra, you have to make sure whatever theory you come up with, IT MUST BE IN HARMONY WITH SCRIPTURE. Of the fallacies the writer covers, one sticks out like a sore thumb. It is the fallacy of ""Accident"". Here is the example given in the book:All men are sinners.Jesus is a man.Therefore, Jesus is a sinner.Tagliapietra tells why the above is a fallacy: ""This argument is a simple modus ponens; the problem here is that the universal (all men) is intended to mean 'all simple humans' or all humans that are not also God.' The intended meaning of the premise is misapplied to an exceptional case. Thus again, the premises are improperly related."" Wow! Tagliapietra fails to explain the logic of ""all humans that are not also God"". Apparently, the author doesn't understand the fallacy of ""contradiction"". But that was demonstrated long ago when he referred to the Bible as ""the word of God"".Chapter 12 is entitled ""Tools for Reasoning"". The writer uses Venn diagrams and the Bible as examples of ""tools"".If you are wondering if the writer gives a ""Scripture Index"" in his book on ""logic,"" wonder no more. It is found on pages 221-224.References. Tagliapietra lists only four books in his ""references"" section on page 186.Of those only one is about logic. Two of the others are a perfect ""fit"" for any Creationist who believes the Bible is inerrant. For example, check the credentials of D. A. Carson and John G. Read. The other ""reference"" is a fifty -year-old book on statistics.Tagliapietra has managed to write 233 pages of mostly nonsense under the guise of ""thinking and reasoning"" logically. If you are looking for a work that praises the ""Word of God,"" this is the book for you. If you are looking for a good book explaining how to instruct high school students in the discipline of logic, look elsewhere. Oh, if you are looking for a used copy, mine is for sale. I'll take a buck and a half."
For Whom the Bell Tolls,['Ernest Hemingway'],['Fiction'],"Ernest Hemingway's masterpiece on war, love, loyalty, and honor tells the story of Robert Jordan, an antifascist American fighting in the Spanish Civil War. In 1937 Ernest Hemingway traveled to Spain to cover the civil war there for the North American Newspaper Alliance. Three years later he completed the greatest novel to emerge from “the good fight” and one of the foremost classics of war literature. For Whom the Bell Tolls tells of loyalty and courage, love and defeat, and the tragic death of an ideal. Robert Jordan, a young American in the International Brigades, is attached to an antifascist guerilla unit in the mountains of Spain. In his portrayal of Jordan’s love for the beautiful Maria and his superb account of a guerilla leader’s last stand, Hemingway creates a work at once rare and beautiful, strong and brutal, compassionate, moving, and wise. Greater in power, broader in scope, and more intensely emotional than any of the author’s previous works, For Whom the Bell Tolls stands as one of the best war novels ever written.",Dated nonsense. Hemingway is such an uninteresting writer. It is so boring and dull.
The Lighthouse Keeper,['Cynthia Ellingsen'],,"Dawn Conners’s parents are famous for finding historic treasures, but she has a knack for losing things—her job, her boyfriend, and now, her reputation. Thanks to a mud-slinging expos�, Dawn’s late great-grandfather is assumed guilty of stealing silver from a century-old shipwreck. Hoping to clear his name, Dawn returns to Starlight Cove, her idyllic hometown on Lake Michigan, where the doomed vessel sleeps beneath the beam of a ramshackle lighthouse. Her plan: remodel and sell the lighthouse while untangling the perplexing family mystery. Neither task is easy, especially once her well-meaning parents and the quirky locals—including nautical researcher and Starlight Cove’s most eligible bachelor, Kip Whittaker—get involved. Despite their attraction, Dawn is reluctant to trust Kip, or any of the close-knit townsfolk. But as she pieces together the truth, Dawn’s once-shuttered heart opens up. And if she’s willing, the lighthouse might guide her to a place she never expected to find, where the past entwines with a bright new beginning.","Oddly enough, this book was inspired by the memory of the author's father, who served in the First Armored Division in WWII in North Africa and Italy. Its not really about the First Armored, nor is it about lighthouses. This is a good thing of sorts because Mr. Pratt not only knows nothing about lighthouses, he doesn't even suspect something. &quot;Write about things you know something about if you want to be believable&quot;, and here is where JMP falls down, his complete lack of knowledge about lighthouses, southeastern Massachusetts, ships, WWII, aircraft identification made for a difficult read. Even in fiction, accurate research is essential. Everything about his Port Hope lighthouse smacks common sense in the face: from the year it was allegedly built, the type of illuminant employed, the manning of the station, the organization which administered it, to its sale into &quot;private hands&quot;. All of it nonsensical. His knowledge seems to be derived from paper placemats with bad poetry about lihghthouses printed on them and used in &quot;Ye Olde Chowder Shoppe&quot;. As for the other points, they are too many to mention and to an uninformed reader don't really matter. However, practically every word jarred with things I know to be vastly different. If this were a nonfiction book it would never get past the editting stage. However, it isn't and it did. If one can suspend belief a bit further and get past the insipid Irish brogue that his characters are condemned to speak and write, then there emerges just another emotional rollercoaster ride. Perhaps a better title for this book would be &quot;No Good Deed Goes Unpunished&quot; as everyone who experiences an emotional high is almost instantly thrown into the abyss. Uncle Billie's travails make Job seem like a namby-pamby lightweight. Too much evidence that showed the author was setting his story in very unfamiliar ground ruined what might otherwise have been just a passable, if hopelessly contrived love story of unimaginable loss, and faith. I can't say that I really recommend it, but it is light fluff and shouldn't take you long, so at least you won't waste alot of your time."
Travels,['Marco Polo'],['Fiction'],The thirteenth-century Italian merchant and explorer recounts his adventures in China and tells how he served as an emissary for Kublai Khan,"Surprisingly great autobiography from the master of fiction.On the surface, this is an interesting background biography of popular author Michael Crichton. It covers his academic background at Harvard Medical School, follows his decision to drop out of modern medicine (interesting given that he produces TV series ER) and then follows him around the world.Get past the biography and find a tale about exploring the world. I read the book several years ago just as my eyes were starting to open to the world. His adventures were a roadmap for expanding the mind through travel.It's a very interesting travel log. Are his experiences more clouded by a medical background, a writer's imagination or a desire to live as the locals? In the end it's a remarkable tale of discovery, not so oversimplified as to ignore the pains of the road. Think a medically trained Paul Theroux.I highly recommend this book on both levels - to understand the author, and to encourage a broader worldview."
Pride and Prejudice,['Jane Austen'],['Fiction'],"In early nineteenth-century England, a spirited young woman copes with the suit of a snobbish gentleman, as well as the romantic entanglements of her four sisters.","My mother used to read me a chapter a night of this book when I was about eight. I didn't get it. For reasons lost in the mists of history, I picked it up on my own in my 20s and found, to my delight, that I couldn't put it down. Since then, I have bought, read, and reread everything Austen ever wrote, and was a member of the Jane Austen Club back in the early '80s, loooong before she became so fashionable.What I've learned from my frequent readings of her works is that each time I read them, I get a little more than I did the last time. Her language appears convoluted to us, yes, partly because she wrote with the voice of her time and partly because we are probably like, you know, as inarticulate a people as ever lived. So do we denigrate Shakespeare or Chaucer for their voices?The themes of Austen's works are all similar - they all relate to the difficulties of women finding their own places in a rigidly structured society in which women were defined strictly by the men in their lives. In fact, when I visited her burial place in Winchester Cathedral, I was surprised to find a 6-foot marble slab fully engraved with a lengthy narrative about her, until I realized that there was NOT ONE WORD about her writing - she was described and defined strictly in relation to her father and family. So she definitely knew whereof she spoke; in her time, there was no life for a women outside of marriage, and the frantic attempts of parents - and the girls themselves - to marry off their daughters, which appears funny to us in our more enlightened age, is actually painful and somewhat pathetic. (Almost as pathetic as the efforts of many women today to find their own rich, indulgent Mr. Darcys... especially in light of their many other options.)One of the characteristics of Austen's writing that I find most interesting is that while she writes in great detail of the lives of her characters and their immediate surroundings, there is not one word about the greater world. I doubt that the word &quot;London&quot; appears in any of them except briefly in &quot;Sense and Sensibility&quot;; they all take place in small villages somewhere in the middle or south of England, and rarely wander further than the distance of a post-lunch walk. The novels were written at the end of the Napoleonic era and the beginning of the Industrial Revolution, so there was plenty of upheaval, social and otherwise, occuring all over England and the Continent, but nary a whisper of it ever rears its ugly head in her works. She holds her magnifying glass very close to her own garden gate; her perspective is entirely microcosmic without being claustrophobic - that's part of her genius. She can turn over a rock and document the frantic scurrying underneath it in its own terms, drawing no inferences from the activity under the rest of the tree. Good? Bad? I don't know, and I think it doesn't matter - but there is probably not a better, more detailed, or more honest picture of time and place in all of English literature.I am torn between being glad that students are exposed to literature, and sorry that the teaching of it is so pedantic that all the humor and magic of great books is buried. I only hope, for those who were force-fed on Austen and others of her ilk, that they will pick up these works on their own later in life and derive from them the pleasure that is there for the asking. Meanwhile, I strongly recommend periodic infusions of all of Austen's works, of which I believe &quot;Pride and Prejudice&quot; is the most accessible."
War Horse,['Michael Morpurgo'],['Juvenile Fiction'],"An e-book edition of War Horse with movie stills, behind-the-scenes photos, storyboards, and more! In 1914, Joey, a beautiful bay-red foal with a distinctive cross on his nose, is sold to the army and thrust into the midst of the war on the Western Front. With his officer, he charges toward the enemy, witnessing the horror of the battles in France. But even in the desolation of the trenches, Joey's courage touches the soldiers around him and he is able to find warmth and hope. But his heart aches for Albert, the farmer's son he left behind. Will he ever see his true master again?","This is a well written book for older kids, teens or adults. It is told from the point of view of a war horse. The author can easily put forth his message of the futility of war,by having Joey (the horse) narrate the story. The horse clearly lives in the present (in the moment) and is free of prejudice or stereotyped pre-conceived notions. When looking at war from day to day or moment to moment, of opposing sides, instead of the ""big picture"" the author clearly shows that the ""big picture"" doesn't or hardly matters when examining the realities of war. The absurdities of those doing the actual fighting of the war (literally those in the trenches)is seen via the innocence of a horse who understands and truly relishes his relationships with humans & other horses, without knowing or trying to know a ""bigger picture"".I am not antiwar. In fact I am truly appreciative of our military & the many sacrifices they have & do make for the benefit of our country. I am simply stating the message that I got from the book. It was the showing of the dichotomy between the ideologies of people in power making decisions, and the reality of the people that actually make it happen. The author assumes the reader brings some knowledge of the former with him/her , and the horse takes us through the latter."
A Tale of Two Cities - Literary Touchstone Edition,['Charles Dickens'],['Executions and executioners'],"This Prestwick House Literary Touchstone Edition? includes a glossary and reader's notes to help the modern reader contend with Dickens's complex approach to the human condition.Set against the backdrop of the French Revolution, A Tale of Two Cities remains one of Western literature's most powerful stories of sacrificial love, redemption, and the devastation spread by obsessive justice. Having fled Paris for the relative safety and security of London, Dr. Manette, his daughter Lucie, and Charles Darnay are irresistibly lured into a whirlwind of events that threaten to shatter their lives'until a hopeless drunkard remembers the promise he once made to the only woman he ever loved. Dickens originally published A Tale of Two Cities in weekly installments, ensuring that his readers would return to read each new segment. The collected chapters have continued to excite and move readers for over a century.","The book has a great plot line it was just difficult for me to grasp the information, it would make sense thought because of my age"
"The Red Badge of Courage (Lake Illustrated Classics, Collection 1)",['Stephen Crane'],['Historical fiction'],During his service in the Civil War a young Union soldier matures to manhood and finds peace of mind as he comes to grips with his conflicting emotions about war.,"The Red Badge of Courage is a look at the life of a Union soldier. Written by Henry Crane, it exhude the imagery and language that transports the readers to the battle itself. However, the story that Crane tells just did not spark my interest as much as it could have. I was not encaptured in the text of the novel, even during the most hectic of battles. Possibly, the text was TOO enriched with imagery that it weighed down my senses, and my thoughts on the plot were numbened. I am not sure. But this book certainly was exceedingly well-written from a literary point of view. The only problem was that from a viewer-friendly, &quot;reading-for-fun&quot; aspect it failed to fulfill my needs."
Reading in the Dark,['Seamus Deane'],['Fiction'],"A young boy describes growing up amid the violence and tragedy of Northern Ireland during the 1940s and 1950s, detailing the deadly, unspoken betrayal born out of political enmity that shapes the lives of himself and his family","For the millions who have read and enjoyed McCourt's Angela's Ashes, the magic can continue. Often after reading a good book, I try to find work by the same author. That will generally be an earlier, less-popular work just finding an audience. As Angela's Ashes is a first novel, that strategy was unsuccessful. I was lucky, however, to find Reading in the Dark. Both deal with the realities of Irish family life in the 1930s-1950s. Where Reading in the Dark goes beyond Angela's Ashes is with literary technique. Each chapter peels back another layer of the mystery of a family secret."
The Stone Angel,['Margaret Laurence'],['Fiction'],"Above the town, on the hill brow, the stone angel used to stand. I wonder if she stands there yet... Hagar Shipley – an irascible, independent nonagenarian – has lived a quiet life full of rage. As she approaches her death, she retreats from the squabbling of her son and his wife to reflect on her past – her ill-advised marriage, her two sons, the harshness of farm life on the prairie, her own failures and the betrayals and failures of others.",I am an OAC student who has just completed this book. This fictional story is one of the most lethargic books I have ever read.The constant shift in tenses is confusing. And althought the book is tedious and uninteresting I believe the book has a alternate meaning perhaps one about life or what we should do with it. If you are planning to read this book I suggest cole's note's.
Clouds Of Witness,['Dorothy L. Sayers'],['Fiction'],"""Clouds of Witness"" by Dorothy L. Sayers. Published by Good Press. Good Press publishes a wide range of titles that encompasses every genre. From well-known classics & literary fiction and non-fiction to forgotten−or yet undiscovered gems−of world literature, we issue the books that need to be read. Each Good Press edition has been meticulously edited and formatted to boost readability for all e-readers and devices. Our goal is to produce eBooks that are user-friendly and accessible to everyone in a high-quality digital format.","The Duke of Denver, Lord Peter Whimsey's brother has himself in a spot of trouble. A guest to their hunting lodge has turned up dead wearing slippers and a dinner jacket and bother Gerald was seen leaving the lodge.Lord Peter knows his brother wouldn't commit murder, but how does he prove it and save his family from the clutches of a court of law.At times Ms. Sayers may have used techniques from her contemporaries to feel her way to a style of her own.My favorite line from this classic novel is ""..., but an advanced old woman is uncontrollable by any earthly force.""If you love mysteries and haven't read it do so, then read it again. The puzzle will always please.Nash Black, author of SINS OF THE FATHERS."
The Tea-Olive Bird-Watching Society,['Augusta Trobaugh'],['Fiction'],"Coconut cake, grits, poisoned turtle stew and bird-watching . . . the ladies of tiny Tea-Olive, Georgia share a lot of interests, including murder. Retired judge L. Hyson Breed, a Yankee, picked the wrong Southern woman to trick, bully and steal from. The members of the Tea-Olive Bird Watching Society plot revenge after the judge's marriage to their friend, Sweet, turns out to be a greedy grab for her land and for control of their town. To the rescue: Beulah, Zion and Wildwood (all named after hymns, as is Sweet). The only problem? The wannabe murderers are southern matrons from a more civilized generation. How does one remain polite even while planning to kill a man and get away with it?",This was one GOOD book. Enjoyed all the characters and the ever developing plots. The entire story keep me glued to the pages - never a dull moment with this one. FIVE THUMBS UP !!!!
Harry Potter and The Sorcerer's Stone,['J. K. Rowling'],['Juvenile Fiction'],"Celebrate 20 years of Harry Potter magic! Harry Potter has never even heard of Hogwarts when the letters start dropping on the doormat at number four, Privet Drive. Addressed in green ink on yellowish parchment with a purple seal, they are swiftly confiscated by his grisly aunt and uncle. Then, on Harry's eleventh birthday, a great beetle-eyed giant of a man called Rubeus Hagrid bursts in with some astonishing news: Harry Potter is a wizard, and he has a place at Hogwarts School of Witchcraft and Wizardry. An incredible adventure is about to begin!These new editions of the classic and internationally bestselling, multi-award-winning series feature instantly pick-up-able new jackets by Jonny Duddle, with huge child appeal, to bring Harry Potter to the next generation of readers. It's time to PASS THE MAGIC ON ...",This series is so much fun to read. The writing is very fluid and grabs your attention from the beginning. It's a great story and it's so neat to see how the author has tied everything together so well. I can't wait to read the next one!
The Street Lawyer,"['John Grisham', 'Michael Dean']",['Fiction'],"From the author of THE PARTNER, a thriller, in which the rising star of Drake and Sweeney finds that it is better not to have a conscience if he is to obtain a partnership. But a violent encounter changes his whole outlook on life and he begins to dig into the secrets of Drake and Sweeney. An act which could cost him his life.","For those who have learned to love Grisham's formula of the small guy bringing down the giants, this book will not disappoint. As usual, his hero -- in this case young attorney Michael Brock -- uses the law effectively against the big lawyers to achieve justice. Also typically, the research into the subject of the book is thorough. The crime this time, though, is one of omission: we, as a society, are ignoring and criminalizing the homeless. Michael Brock is about to put us on notice that we'd better start noticing their plight and doing something about it.Brock begins the book as a practicing anti-trust lawyer, on the fast track to partnership and a million-dollar annual salary in the nation's fifth-largest law firm. But he has three problems: 1) his marriage is on the rocks because of his commitment to work; 2) he really doesn't like his job; and 3) he's currently being held hostage at gunpoint with eight other lawyers in his office. The gunman is a street person who smells bad and goes by ""Mister"". The confluence of these three problems creates an epiphany for Brock. He determines to discover the forces that drove ""Mister"" to his suicidal mission, and finds that his own law firm had evicted ""Mister"" and sixteen other citizens from a run-down warehouse in the middle of the winter. He also is given a hint that the eviction was illegal, and then discovers that some particularly sympathetic evictees subsequently died on the streets in midwinter. His personal struggle with guilt leads him into the streets to become an advocate for the homeless citizens of our nation's capital, and to take on the very powerful firm that recently owned him.Along the way to righting this social (and legal?) injustice, Michael Brock meets an array of colorful individuals who provide refreshing relief from the uniform greyness of the corporate lawyer types in the book. Noteworthy among these is Mordecai Green, a heavy, loud, six-foot five-inch black street lawyer. Mordecai becomes Michael's mentor and partner as they take on the arrogance and indifference of the power class by suing his former firm.We hear many stories and statistics of the homeless in this book, which are both touching and frightening. However, some readers may be offended by Grisham's overtly political characterization of the problem. He implies that we are all symbolized by the law firm in the book, and that we are all guilty of making difficult lives worse through indifference and governmental action. Although he's not so naive as to think we could eradicate homelessness, he advocates pretty strongly for a more liberal approach to the problem. After reading the book, the chances are good that you'll either find yourself rushing to the nearest soup kitchen to volunteer, or that you'll resent being guilt-tripped by a rich and famous entertainer cum self-appointed social critic.But in addition to the sermonizing, the story moves on quickly to a creative and suspenseful resolution of the legal issues involved in the specific case, where Brock is both attacker and defender because much of his evidence of wrongdoing was illegally obtained from his old company. As usual, Grisham ultimately grounds his stories in detailed inside knowledge of law firms and legal machinations; and his basic David and Goliath trope, while hardly original, keeps the reader in suspense as it moves to an exciting and satisfying close. The writing also shows real sensitivity in several areas: for instance, Grisham describes racial and class fears and stereotypes honestly, without either sensationalizing or denying them. He also speaks to the real conflict many people face today of trying to maintain a balance between their personal values and the demands of an intensely competitive workplace. Finally, and perhaps most importantly, Grisham manages to maintain a positive, optimistic tone about the possibility of making progress against homelessness instead of being overwhelmed by it. Even if many of the homeless characters are never going to have a ""normal"" middle-class life, they can at least have a place out of the snow in which to sleep, a hot meal every day, and some help with their ongoing problems. It's actually a very warm book, in spite of the social problem and the lawsuit. The book is good as a topical tract on homelessness; even better as a typical wild-but-plausible Grisham adventure."
The Count of Monte Cristo,['Alexandre Dumas'],,"The Count of Monte Cristo (French: Le Comte de Monte-Cristo) is an adventure novel by French author Alexandre Dumas completed in 1844. It is one of the author's most popular works, along with The Three Musketeers. Like many of his novels, it is expanded from plot outlines suggested by his collaborating ghostwriter Auguste Maquet.The story takes place in France, Italy, and islands in the Mediterranean during the historical events of 1815-1839: the era of the Bourbon Restoration through the reign of Louis-Philippe of France. It begins just before the Hundred Days period (when Napoleon returned to power after his exile). The historical setting is a fundamental element of the book, an adventure story primarily concerned with themes of hope, justice, vengeance, mercy, and forgiveness. It centres around a man who is wrongfully imprisoned, escapes from jail, acquires a fortune, and sets about getting revenge on those responsible for his imprisonment. However, his plans have devastating consequences for the innocent as well as the guilty. In addition, it is a story that involves romance, loyalty, betrayal, and selfishness, shown throughout the story as characters slowly reveal their true inner nature.The book is considered a literary classic today. According to Luc Sante, ""The Count of Monte Cristo has become a fixture of Western civilization's literature, as inescapable and immediately identifiable as Mickey Mouse, Noah's flood, and the story of Little Red Riding Hood.","I'm going to start out by saying that this is one of my favorite stories ever and it has had many adaptations and given inspiration to many more in all sorts of media. I've seen the anime, the old 1975 movie and the newer 2002 movies, I've even read the abridged version. I'm just now getting around to reading the full unabridged version and regret not having done so sooner. After a quick glance at a few different reviews I discovered that this was the most faithful translation of the original, though I have no way of truly knowing for myself since I can't read french, but either way this is an absolutely amazing book. Getting the full story is much more fulfilling than getting the watered down unabridged version.To elaborate on the story for those who don't know it, a man named Edmond Dante's has everything he can ask for in life when it is all taken away by a few other men who were jealous of his success. He is then thrown into prison and after being trained in many aspects by his cell mate he manages to escape and that's when the true journey starts of him dedicating his entire life to exact the ultimate revenge on those who had robbed him of all he held dear all those years ago."
The Secret Power of Speaking God's Word,['Joyce Meyer'],['Religion'],"#1 New York Times bestselling author Joyce Meyer teaches readers how to create change in their lives and truly receive God's blessings. Includes powerful Scriptures covering over 50 topics, such as patience, loneliness, and wisdom.","This is a powerful little book! Some call it ""the little purple book"". It is filled with God's word. It will give you encouragement through every situation you may face. Joyce briefly explains in the first few pages what the secret power of speaking God's word is all about. We learn that it is the spoken word of God that has the power to defeat the enemy. She talks about spiritual discipline, the pattern, holding fast to our confessions, & that God's word does not return to him void. Then she shows you how to get the most out of the book.The rest of the book is divided up into sections, alphabetically starting with anger & ending with worship. For example; If I am feeling discouraged I can look up scriptures that will encourage me. She takes several bible verses & turns the verses around so that they apply to you. For example Proverbs 13:12 says; Hope deferred makes the heart sick, but when the desire is fulfilled, it is a tree of life. She personalizes it by putting you in the situation and saying; Hope deferred makes my heart sick, but when my desire is fulfilled, it is a tree of life.I've given this book as a gift and I've heard many say it's like a certain credit card, they won't leave home without it! Now that is available on kindle you won't have to. A word of advice, buy two! They not only make great gifts but if someone gets a hold of your copy you might just as well kiss it good bye!"
"Little Women or Meg, Jo, Beth, and Amy.",['Rey Terciero'],['Juvenile Fiction'],"Little Women with a twist: four sisters from a blended family experience the challenges and triumphs of life in NYC in this beautiful full-color graphic novel perfect for fans of Roller Girl and Smile. Meg, Jo, Beth, and Amy are having a really tough year: with their father serving in the military overseas, they must work overtime to make ends meet...and each girl is struggling in her own way. Whether it's school woes, health issues, boy troubles, or simply feeling lost, the March sisters all need the same thing: support from each other. Only by coming together--and sharing lots of laughs and tears--will these four young women find the courage to discover who they truly are as individuals...and as a family. Meg is the eldest March, and she has a taste for the finer things in life. She dreams of marrying rich, enjoying fabulous clothes and parties, and leaving her five-floor walk-up apartment behind. Jo pushes her siblings to be true to themselves, yet feels like no one will accept her for who she truly is. Her passion for writing gives her an outlet to feel worthy in the eyes of her friends and family. Beth is the shy sister with a voice begging to be heard. But with a guitar in hand, she finds a courage that inspires her siblings to seize the day and not take life for granted. Amy may be the baby of the family, but she has the biggest personality. Though she loves to fight with her sisters, her tough exterior protects a vulnerable heart that worries about her family's future.","The book is a classic and the price was unbeatable. If you're looking for a fairly easy read with elements of wholesomeness, love, and fun then this would be a great book for you. I'd especailly recommend it to young women in the ""tween"" age group...but it's great for all ages."
Black Cross,['Greg Iles'],['Fiction'],An American doctor and a Jewish soldier embark on a perilous mission into Nazi Germany to ensure a D-Day victory for Allied forces by uncovering a doomsday weapon and committing a soul-destroying act of devastation,"I love a good WW2 novel anytime. After having read all of Higgens' novels, I've been looking for a new author for a while. I stumbled on Iles, and am glad I did! The way he blends facts and fiction is remarkable, and leads to great suspense throughout the book. I would definately recommend Black Cross, it will keep you turning the pages! I'm looking forward to reading some of his other books as well, even though most of them are not WW2 related."
Revolutionary Road,['Richard Yates'],['Fiction'],"The devastating effects of work, adultery, rebellion, and selfdeception slowly destroy the once successful marriage of Frank and April Wheeler, a suburban American couple. Reprint. 12,500 first printing.","I grabbed this book on impulse after trying (and failing) to watch the movie adaptation. I started the DVD too late in the evening and just didn't get into it. The book had me enthralled from the first chapter and I devoured it over the course of 2 lazy and decadent days where I found myself almost completely lost in the life of 1950's suburbia. Seriously, this book is a dream come true for those who truly love to read. The characterizations, the narrative, the dialogue - all breathtaking. I won't even try to summarize the plot; you simply have to read it for yourself. It's a journey well worth taking."
Confessions of a Sociopathic Social Climber: The Katya Livingston Chronicles,['Adele Lang'],['Fiction'],"After weasel-eyed tax inspectors question her work-related claims, Katya Livingston is forced to keep a financial diary. As well as documenting the cruel and parsimonious ways of her ad agency boss, Katya waxes lyrical about putting up with loser friends, mortal enemies, and thoroughly bad restaurants. She also throws in a completely candid account of her love life, just in case some of it is tax deductible. What begins as a private account of expenses rapidly becomes, through Katya's chronic delusions of grandeur, a matter of public record: first as a tawdry gossip column, then as a salacious book, and finally as a Hollywood B-movie. Bitingly written with wit and style reminiscent of Candace Bushnell, Adèle Lang's Confessions of a Sociopathic Social Climber is a cutting, bitchy, hilarious take on the young-single-British-woman genre.","I loved this book! Ms Lang has a sharp incisive wit and seems to find something funny to say about everyone and everything that crosses her path. Katya Livingston is a great character, (worryingly inspirational) I really did laugh from cover to cover."
In My Sister's Shoes,['Sinead Moriarty'],['Fiction'],"Kate O’Brien is thirty and has very little to think about except trying to keep her balance as she totters up London’s media-land ladder. Fiona O’Brien is Kate’s responsible older sister – with a husband, twin boys, a dog and now … a life-changing problem. It’s a problem that means Kate going back to Dublin. Pronto. There she finds herself stepping into Fiona’s shoes - and discovering that she's definitely not cut out to be a domestic goddess. On top of that, the ex she thought she’d got over years ago turns up to haunt her. Will either of the O’Brien sisters survive? And even if they do, can either of them slip back into their old shoes ever again?","I started reading this book this morning on the train. I could not put it down.I was sitting in the train reading when the conductor came and told me we were at our final destination. The train was empty!! I did not realize we had stopped and everyone had left.The Author had me reminiscing, relating, realizing, releasing and rejoicing!!Mrs. Anderson-Blair has stories that we all can relate too. Mrs. Anderson-Blair relates every day situations with a life experience. How do you think a pair of designer gold shoes can be related to your life? Mrs. Anderson-Blair is an amazingly talented author. This book is well written, and an enjoyable easy read. You will not want to put this book down.I will keep this book with me so when I go to a place I don't want to be, I know this book will bring me back to the here and now.I loved this book. This book is a keeper."
Bringing in a New Era in Character Education (HOOVER INST PRESS PUBLICATION),['William Damon'],['Education'],"The authors provide a unique perspective on what is needed to make character education an effective, lasting part of our educational agenda. Each chapter points out the directions that character education must take today and offers strategies essential for making progress in the field.","An excellent series of authored chapters, this book get to the heart of character education, the children and their potential to improve the world, while addressing the adult ideologies projected onto the topic as dichotomous arguments for and against."
"THROWIM WAY LEG. Tree-Kangaroos, Possums, and Penis Gourds - on the Track of Unknown Mammals in Wildest New Guinea.",['Tim Fridtjof Flannery'],['Nature'],Details the author's friendship with a New Guinea warrior and the fate of the indigenous peoples,"One of my friends gave me this book and KNEW that I was going to love it. Well, he was right on target. This book is an anthropological delight! I prided myself in my knowledge of the animal kingdom...till I read this book.Tim Flannery has a humble way about him and it reflects in this book for sure. The journeys and adventures that he undertook are not for the faint of heart. He is a true scientist that earns my kudos!Anyone interested in broadening their horizons and is open to concepts that would shake your core beliefs (unless you have already read Dr. Flannery's books) should read it."
The Hobbit or There and Back Again,['J. R. R. Tolkien'],['Juvenile Fiction'],"Celebrating 75 years of one of the world's most treasured classics with an all new trade paperback edition. Repackaged with new cover art. 500,000 first printing.","This wonderful adventure captures the imagination and is a great read. A hobbit named Bilbo Baggins reluctantly embarks on a perilous quest to help dwarves recover their long lost treasure. They encounter trolls, goblins, elves, and others along their way to Lonely Mountain where the dwarves had their treasure stolen from them years ago by Smaug the Dragon.One strength that The Hobbit has is that there are many thrilling adventure points throughout the book. You are also able to get to know the key characters and feel the dilemmas that they go through. One weakness that I felt was that it takes a lot of time and pages to get to each of the thrilling spots of the book. Also, at some points it can feel like the plot is slow moving. But, it is an easy read in terms of use of language and plot and I recommend it to the youngest teenagers and adults alike. I truly enjoyed the casual writing style that J.R.R. Tolkien chose because he gives the words on the pages a story-like feeling."
Valley of Wild Horses,['Zane Grey'],['Fiction in English'],"In this classic novel of the West, young Panhandle Smith trails the men who ruined his father to New Mexico, only to find them ruling the corrupt town of Marco. Even worse, his childhood sweetheart is now engaged to Dick Hardman, the man Smith has sworn to kill. Smith has a plan. Fighting down his past as a gunman, he prepared to start a new life with only a saloon girl and an itinerant cowboy as his allies. But even the best plans have a way of going awry. Set against the dramatic background of a wild-horse roundup, the plot leads to the inevitable clash between two strong and stubborn men.",Excellent book. I wanted to get a Louis L'amore book but saw this one for free. I couldn't but it down.
A Parent's Guide to Special Education in New York City and the Metropolitan Area,"['Laurie Dubos', 'Jana Fromer']",['Education'],"This essential guide profiles 33 schools in New York City for children with special needs, plus listings of medical professionals, camps, after-school programs, evaluation centers, and individuals in the field that were recommended by families of children with special needs. Includes information on referrals and evaluations, eligibility criteria, parents' rights, and more.","If you're navigating the maze of special education in New York, you need this book as a guide. It's a superb resource & we found an appropriate school for our child, thanks to this book."
The poisonwood Bible : a novel,['Barbara Kingsolver'],['Fiction'],"'Breathtaking.' Sunday Times 'Exquisite.' The Times 'Beautiful.' Independent 'Powerful.' New York Times An international bestseller and a modern classic, this suspenseful epic of one family's tragic undoing and their remarkable reconstruction has been read, adored and shared by millions around the world. This story is told by the wife and four daughters of Nathan Price, a fierce, evangelical Baptist who takes his family and mission to the Belgian Congo in 1959. They carry with them everything they believe they will need from home, but soon find that all of it - from garden seeds to Scripture - is calamitously transformed on African soil. What readers are saying 'This remains one of the most fascinating books I have ever read.' 'I felt every emotion under the sky with this book.' 'Riveting.' 'This novel left a lasting - YEARS LASTING - impression.' 'This is one of those booksthat stands the test of time and is worth rereading.' 'Five epic, no-wonder-this-book-is-so-well-loved stars!'","The plot of The Poisonwood Bible was not the best part of the novel by any means. Unlike most novels, the plot is not the purpose of the book, but more of a bookshelf onto which Barbara Kingsolver can put many things. So, in one sense, the plot is very slow and lacking in exciting events, while in the other it an ingenious base for the rest of the book.The characters were the best part of The Poisonwood Bible. Babara Kingsolver did an incredible job of giving the five women life. She gave them all distinct personalities, perfect bodies and backgrounds to support them, and she describes all this to the reader very clearly, through the use of both the character's own thoughts and actions, as well as the observations made by the other women. Barbara Kingsolver also shows the men and women who are not members of the Price family very well, with detailed descriptions of the characters. One of the most ingenious methods employed is to describe the same character through the eyes of several of the family members, so that the reader gets a very thorough understanding of the other characters. It functions much like triangulation: using two known points and their relation to a third in order to calculate the third's location. Barbara Kingsolver gave all of the characters life exceptionally well.Language is one of Barbara Kingsolver's greatest tools in writing this book. In the words of Time magazine, ""She is a gifted magician of words."" She commands it so well that many times throughout this book I found myself almost reading a poem, engrained in the text. One of the most astounding parts of this book is that she uses a fairly simple vocabulary. What is amazing is that with very simple words she writes beautifully and describes countless things with exquisite detail.Barbara Kingsolver has an extraordinary ability to describe anything from objects to obscure concepts. This greatly enhances her writing. However, she describes various things an uncanny number of times, which occasionally becomes annoying, for it slows the plot down. For the most part, however, her writing style is very fun to read and holds my interest and provided a nice education on the revolution of the Congo."
How to Teach a New Dog Old Tricks,['Ian Dunbar'],['Pets'],"Voted the #1 BEST BOOK (1999) by the Association of Pet Dog Trainers - the largest and most influential worldwide association of professional pet dog trainers. Fun training with toys, treats, lures, and rewards. Easy, fun-loving, dog-friendly methods for teaching basic manners off-leash, and for temperament modification and behavior problem troubleshooting. Written from the dog's point of view and emphasizing natural motivational methods to teach your dog to want to do what you want him to do! ""How To Teach A New Dog Old Tricks is the best book by dog training's leading genius. The most relevant, important piece ever written on the subject of dog behavior and training. Some fields are lucky enough to be granted a giant: a figure whose contributions inspire awe and are unsurpassable. Ian Dunbar is that in dog behavior. There is no single person on the face of the planet to whom dog trainers and owners (not to mention dogs) owe more."" Jean Donaldson (author of The Culture Clash)","Hi my name is Caleb Berger when I first got my dog Maddie she was fiesty.I new I had to teach her some manners.I started right awy with a firm technique, using a leash,a prong callar and firm words.she had to be taught that even tho I loved her she would have to obey.Now Maddie trust me she comes when I call.She follows me around the yard.I feed and water her all the time.Sometimes I'll spend hours with her.I want to enter her in a dog contest.I taught her sit and fetch.I admire my aunt Darge she taught me almost everything I now.I love my dog Maddie."
How To Cook Everything: Simple Recipes for Great Food,['Mark Bittman'],['Cooking'],"Provides a step-by-step guide to the art of cooking, including recipes and tips for preparing foods including appetizers, soups, salads, breads, meats, vegetables, fruits, beverages, and desserts.","I bought this book for a person who hasn't cooked anything. When I perused the book, I was happy to see it had recipes for the most basic items with easy to understand instructions. It also has recipes for more difficult dishes to appeal to the reader as he/she grows in confidence and experience. This cookbook will be a book to return to again and again."
Rosanna of the Amish,['Joseph W. Yoder'],['Fiction'],"The thrilling narrative of Rosanna McGonegal Yoder, the Irish Catholic baby girl, who lived with an Amish woman, Elizabeth Yoder. All the episodes of Rosanna of the Amish are based on fact. Joseph W. Yoder gives an honest, sympathetic, straightforward account of the religious, social, and economic customs and traditions of the Amish.","I loved this book....and was sorry to see it end. The author (son of Rosanna) wrote a beautiful yet simple and compelling biography on the life of his mother, and the people closest in her life. I felt privileged reading this story - almost as if I were a member of this close-knit community. This story of honor and simple values would be wonderful today as it was then. Probably the most surprising statements which helped me to put it in perspective were comments made about Lincoln.....while I would prefer to believe this was a modern day story - stage coaches were in use and Lincoln was the President of the day. I highly recommend this book as an insight into the wisdom of how people should hold respect for one another, how families could work together for each other's good......and how communities can thrive without the aid of much of the electronic gadgetry of our modern times. This is a book of simple wisdom and peaceable lives. I am so grateful to son Joseph for his writing. There is even a very few pages at the end of the book, telling a bit about him......I highly recommend this book and hope you find value in it as I certainly did."
Finnegans Wake,['James Joyce'],['Fiction'],"A daring work of experimental, Modernist genius, James Joyce's Finnegans Wake is one of the greatest literary achievements of the twentieth century, and the crowning glory of Joyce's life. The Penguin Modern Classics edition of includes an introduction by Seamus Deane 'riverrun, past Eve and Adam's, from swerve of shore to bend of bay, brings us by a commodius vicus of recirculation back to Howth Castle and Environs' Joyce's final work, Finnegan's Wake is his masterpiece of the night as Ulysses is of the day. Supreme linguistic virtuosity conjures up the dark underground worlds of sexuality and dream. Joyce undermines traditional storytelling and all official forms of English and confronts the different kinds of betrayal - cultural, political and sexual - that he saw at the heart of Irish history. Dazzlingly inventive, with passages of great lyrical beauty and humour, Finnegans Wake remains one of the most remarkable works of the twentieth century. James Joyce (1882-1941), the eldest of ten children, was born in Dublin, but exiled himself to Paris at twenty as a rebellion against his upbringing. He only returned to Ireland briefly from the continent but Dublin was at heart of his greatest works, Ulysses and Finnegans Wake. He lived in poverty until the last ten years of his life and was plagued by near blindness and the grief of his daughter's mental illness. If you enjoyed Finnegans Wake, you might like Virginia Woolf's The Waves, also available in Penguin Classics. 'An extraordinary performance, a transcription into a miniaturized form of the whole western literary tradition' Seamus Deane","Finnegans wake is a written out dream. It took 17 years to write, it was a labor of love. Upon release it polarized critics, with its sampling of 60-70 different languages, its use of multi-lingual puns, portmanteaus, it reads more like a word puzzle than a book. It has no discernible plot upon first inspection. The first sentence is the middle of the last sentence making it an endless cycle, and upon first read it looks like a load gibberish. And you friend reader may wonder why one would read such a work? Simply put: It is one of the most brilliant works of the 20th century (or any time for that matter). Here is the reason why. It is highly inter-textual, upon closer inspection you can see the level of detail Joyce put into this work. Every page is layered with meaning upon meaning upon further meaning. If you calculate it, 17 years, 628 pages, thats about a sentence or a little more a day. With that said. How can anyone say (like these many one star reviews) that it is just gibberish. if someone wrote that little a day, it should be apparent that this is the exact opposite of gibberish. Gibberish is to imply that it is nonsense and lacks meaning altogether. This couldn't be farther from the truth with this work. Each word or group of words or sentence is so packed with meaning that one could spend a week analyzing one page. That is the complete opposite of gibberish in my opinion. but also, this work is a hilarious tome of comedy and beauty. its use of language can make you laugh on every single page. but I digress. this work as previously stated is a work of genius and there is the reasoning. (i'm also fairly sure it is a microcosm of the universe which contains the meaning of life and other things)."
Heart of Darkness. (Heritage Club Series),['Bruce Teets'],['Literary Criticism'],"Originally published in 1990, this is a comprehensive and annotated bibliography of the writings on Joseph Conrad and his works. Covering the years from 1895 to 1975 it also includes indexes of authors, secondary works, periodicals and newspapers, foreign languages and primary titles. Part of a series of annotated bibliographies on English Literature in Transition, 1880-1920 this will be a valuable resource for students of literature.","Conrad was one of the great masters of atmospheric drama. He makes you feel darkness and &#34;horror,&#34; without the need for particularly gory details. He was a master of adjectives! Particularly amazing is that this Polish sailor, born in the Ukraine, could master English better than most native speakers!"
Black Notice,['Patricia Daniels Cornwell'],['Fiction'],The discovery of the decomposed body of a stowaway aboard a cargo ship leads Chief Medical Examiner Kay Scarpetta to a perilous international odyssey on a mission that could destroy her career and threatens her own life.,"I am an avid Patricia Cornwell reader but my interest dims with each new book. True fans will be very disappointed by this latest Kay Scarpetta installment. This book is poorly written, the dialogue is wooden and trite, the characters don't have nearly the depth she usually provides, and the new love interest is a total fraud, not Kay's type at all (what the heck was wrong with Benton? That was a great storyline!). I also could have done without the romance novel scenes, and Ms. Cornwell shouldn't try to write them - not her forte! Even her villains are boring and predictable now, and her forensic pathology research and descriptions are weak. &quot;Black Notice&quot; was clearly written to satisfy a book contract and doesn't even come close to the quality of her early work. Ms. Cornwell should re-read &quot;Postmortem&quot; and revisit the writer she used to be before she attempts the next one."
Pokemon Emerald (Prima Official Game Guide),['Levi Buchanan'],['Games'],"It's a Team Aqua and Team Magma rematch! ·Tips for collecting the 200 + 2 Pokémon to complete the Hoenn Pokédex ·How to clear all 7 Battle Frontier arenas and get the Silver Symbols ·Detailed walkthrough guides you through story mode ·Maps cover every region, including all-new, as-yet-unexplored areas ·Field, Battle, and Contest moves lists, plus Items list ·How to play Pokémon Emerald with Pokémon Ruby and Pokémon Sapphire, Pokémon FireRed and Pokémon LeafGreen, and Pokémon Colosseum","I love this book, it gives me all of the details on all of the pokemon I need to gather in this version. It even makes it more fun to trade Pokemon, because my friends and I check out the details of our Pokemon. I recommend this book if you love Pokemon!"
WE WERE SOLDIERS ONCE . . . AND YOUNG : IA DRANG The Battle That Changed the War in Vietnam (LIBRARY OF MILITARY HISTORY),"['Harold G. Moore', 'Joseph L. Galloway']",['History'],"New York Times Bestseller: A “powerful and epic story . . . the best account of infantry combat I have ever read” (Col. David Hackworth, author of About Face). In November 1965, some 450 men of the First Battalion, Seventh Cavalry, under the command of Lt. Col. Harold Moore, were dropped into a small clearing in the Ia Drang Valley. They were immediately surrounded by 2,000 North Vietnamese soldiers. Three days later, only two and a half miles away, a sister battalion was brutally slaughtered. Together, these actions at the landing zones X-Ray and Albany constituted one of the most savage and significant battles of the Vietnam War. They were the first major engagements between the US Army and the People’s Army of Vietnam. How these Americans persevered—sacrificing themselves for their comrades and never giving up—creates a vivid portrait of war at its most devastating and inspiring. Lt. Gen. Moore and Joseph L. Galloway—the only journalist on the ground throughout the fighting—interviewed hundreds of men who fought in the battle, including the North Vietnamese commanders. Their poignant account rises above the ordeal it chronicles to depict men facing the ultimate challenge, dealing with it in ways they would have once found unimaginable. It reveals to us, as rarely before, man’s most heroic and horrendous endeavor.","This is the best rendition of tactics in Vietnam and a must read for small unit leaders. We Were Soldiers Once...And Young takes us on a journey with then Lieutenant Colonel &quot;Hal&quot; Moore and Joe Galloway, the reporter who climbed on a helicopter heading for a &quot;hot&quot; landing zone, into the Ia Drang Valley. The North Vietnamese baited the 7th Cav into a firefight in order to determine how the U.S. would fight, and they learned quickly in the first major engagement of the war. As the battalion commander of the 1/7 Cav, LTC Moore engages in a battle for the lives of everyone in his unit. The lessons which Mr. Galloway and LTG (Retired) Moore illustrate in the first section of the book will drive home the need for discipline and leadership during combat. The first section makes the book worth the read, all by itself.Fortunately, there are two other sections, equally as dramatic. The second section lets us walk with the 2nd battalion, 7th Cavalry Division into an ambush quickly established by the NVA. This time almost the entire unit is wiped out. Due to poor discipline (not putting out security, letting soldiers smoke and talk on break, etc..) the 2/7 is completely surprised. This book uniquely juxtaposes the difference in success between two similar units, with very different leadership, morale, and discipline. The lessons are stark and vivid.The third section, titled Aftermath, describes life on the homefront - not the protests and demonstrations, but the military families waiting to hear how their soldiers are doing. The description of Western Union hiring taxi drivers to deliver death notices is emotional. Some wives were awakened at 4:00am in the morning and handed a yellow slip with the words, &quot;The Secretary of the Army regrets to inform you that your husband .... was killed in action, etc..&quot; If you don't want to go to bed crying, don't read this powerful account of how coldly the institution cared for families during the Vietnam era. My wife and I have both spent over ten years of service in the Army and found this section to be a powerful motivation for helping to care for military families.As the title of this review indicates, the movie is coming soon. Mel Gibson will play Joe Galloway, and other famous actors will take part. I highly recommend this account of courage, leadership, discipline, success and failure. This book spent several weeks on the New York Times best seller list, and almost every senior leader in the Army recommends it as mandatory reading for leaders at the tactical level. You won't be disappointed!"
Geno: In Pursuit of Perfection,"['Geno Auriemma', 'Jackie MacMullan']",['Sports & Recreation'],"Controversial, confrontational, and driven, Coach Geno Auriemma is a force to be reckoned with-and the most accomplished male coach in women's basketball today. In his relentless quest for excellence at the University of Connecticut, he has led the Huskies to five national championships.Yet his soul never rests.For Auriemma, life affords only the briefest moments of happiness-a good round of golf, forty minutes of great basketball, a day at the beach with his family, a nice glass of wine-while disaster is seemingly always waiting to strike. It's a fatalistic philosophy, a remnant of his hardscrabble early years, but it's an outlook that has driven him to unparalleled success.In this deeply personal memoir, Geno Auriemma reveals for the first time the man behind the legend. He talks candidly about his coaching style-famed for being one of the most demanding in all the sports world. He spills the beans about his stormy dealings with other coaches such as his archrival, Pat Summitt of the University of Tennessee. And with warmth and a genuine love for his champions, he writes openly about Diana Taurasi, Sue Bird, Nykesha Sales, Rebecca Lobo, Swin Cash, and all of his other UConn stars who have gone on to stellar WNBA careers. You get a courtside seat to all of the action-including an epilogue on the 2004-05 season, as well as interviews with the team's most celebrated players.A rare look inside the soul of a true competitor, GENO is the story of how one passionate man overcame his own fears to achieve an extraordinary record of success.","GENOIn Pursuit of PerfectionGeno AuriemmaWith Jackie MacMullanGrand Central PublishingISBN: 978-0-446-694773$16.99 - Paperback352 pagesReviewer: Annie SlessmanI was a cheerleader in my younger days and loved the game of basketball. I remember seeing the famous ""Red Heads"" play and thinking how great it would be to be them. Then I saw their coach throw a tantrum and thought maybe not....In the book, GENO, In Pursuit of Perfection by Geno Auriemma with Jackie MacMullan, Geno explains his theories of coaching a championship woman's basketball team with the same determination he seems to utilize in his coaching. He believes you must push to get the best out of people. And, obviously, he must have something there as his University of Connecticut's women's basketball team has had a number of perfect seasons.It is hard to believe this man has a problem believing he is good enough to be coaching this quality of player. But in this work, he explains that he never feels his best is good enough. Not that the man doesn't have confidence, he does. He just constantly strives to be better than the best.As he trips down memory lane and gives a brief bio on his former players, you see another Geno. You experience a man who has started from the bottom, fought his way to the top and knows what he is talking about when he tells players, ""you can be better.""So if you want to read a work about basketball, the elements of being a great coach or simply want to read something that involves the human elements required to climb that mountain of ambition, this work will provide you with some excellent insight and maybe some good advice along the way."
Harry Potter and the Chamber of Secrets,['J. K. Rowling'],['Juvenile Fiction'],"Witchcraft, wizardry - fiction.","Have you ever thought about living with your aunt and uncle that terrorize you? Well, I have the story about a boy that is 12 uears old that lives with his mean old Aunt, his Uncle, and his fat cousin Dudley. Harry Potter and the Chamber of Secrets is an extraordinary book with lots of adventures about Harry, his one teacer Gildery Lochart"
Starship Troopers,['Robert Anson Heinlein'],['Fiction'],In a futuristic military adventure a recruit goes through the roughest boot camp in the universe and into battle with the Terran Mobile Infantry in what historians would come to call the First Interstellar War,"As horrible as the film adaptation of Starship Troopers was, I was not expecting much from the book. I was just going to read the book, say &quot;Isn't that nice&quot; and move on with my life. No such thing happened. I was glued to this book from start to finish. The first person point of view makes this startling account of war very personal. Although there are many disjointed events in the plot that make it rocky, and sometimes hard to comprehend, the deep moral philosophies compensate. The ideas presented seriously made me consider the present state of OUR government and what it might lead to in OUR future. Being fairly conservative myself, I feel this book presented many good points in a strong, conservative manner. This book is so much more than science fiction. It's an interesting look into the morality of politics and our government. It's a must-read not only for sf fans, but for anyone, really."
the art Spirit,['Robert Henri'],['Art'],"Embodying the entire system of Robert Henri's teaching, The Art Spirit contains much valuable advice, critical comment, and inspiration to every student of the arts.","Saying that this book is merely great somehow falls short of telling the full story. You see, this book is utterly essential--essential, that is, if you have any desire to glimpse the real meaning of what art is and how it comes to be. This book is joyful, yet completely sensible; spiritual yet fully earthbound. Though nearly a century old, every word in The Art Spirit is relevant today, perhaps more so than ever! I have bought several copies of this book and make a practice of loaning them out when finished, asking each &quot;borrower&quot; to pass it along rather than return it to me. A book like this should never sit closed on a shelf."
My Tiny Life: Crime and Passion in a Virtual World,['Julian Dibbell'],['Computers'],"The author provides a study of rape in a virtual world and delves more deeply into the ramifications of crime in a place where race, gender, and identity can be changed at will","I bought a copy of Julian Dibbell's ""My Tiny Life"" about four years ago after happening upon his essay, ""A Rape in Cyberspace."" Since then I have carried it with me back and forth between my dorm and home libraries, recommending it to friends who've shown interest in more pop-culture (ie video games) studies.Dibbell's approach towards writing about his experiences in Lambda MOO is interesting in and of itself- he separates each section into a different discussion on various questions raised as he played the game. There is a section on history, politics, sex, etc. -all within the framework of LamdaMOO. His writing style is both practical and thoughtful at the same time, lending to some memorable anecdotes while not being bogged down as being simply a memoir of his activities. While ""A Rape in Cyberspace"" is noticeably unchanged since its publication online, other chapters include thoughts on the nature of online communities, games, and virtual reality itself.That being said, this book has passed the 10 year mark. With the MMORPG market enlarging and expanding from its beginnings in Ultima Online and Everquest to approx. 11.5 million WoW players, I'm forced to almost question where someone can find any contemporary relevance in what Dibbell writes. While Text-Based RPGs might have matched Ultima Online in players in 1999, I'd be hard-pressed to argue that MUD or MOO players are today anything more than a small percentage rather than an example of the online gaming community as a whole. This makes the arguments and discussions in this book hard to apply to any contemporary study of online cultures.In some final comments, I will say that Dibbell is an absolute must-have for someone studying online communities, if only as a snapshot into what these communities looked like in the late 1990s. Dibbell's book also shows us that video games, at the very least, can be worth looking into from an academic standpoint, and offers an example of approaches that one might take if they were to attempt a foray into Ludology."
american political tradition and the men who made it,['Richard Hofstadter'],['History'],A revised edition of the clasic study of American politics from the Founding Fathers to FDR.,"Richard Hofstadter, late professor at Columbia University, launched the Consensus school of history with his book, The American Political Tradition, and the Men Who Made It. Published on the heels of World War II, Hofstadter examines twelve central American political figures, mostly, but not all, presidents. Although originally written as twelve separate essays, Hofstadter binds all of his portraits together via common themes running throughout the work and enunciated in the Introduction. While the Consensus view of American history only held sway for a brief number of years, Hofstadter, rightully, continued to be considered one of the most brilliant historians in the country. The book is a classic of American history, one of the rare texts that both explores history, and is history."
The Bermudez Triangle,['Maureen Johnson'],['Young Adult Fiction'],"Grade 9 Up–Johnson begins this exceptional novel in a lightweight fashion but quickly segues into more serious issues that affect the three young women who make up the Bermudez Triangle. It is the summer before their senior year in Saratoga Springs, NY. At first, organized, serious Nina has trouble adjusting to her leadership workshop at Stanford University. Although she desperately misses Avery and Mel, who are waitresses at a restaurant back home, she quickly falls head over heels for eco-warrior Steve, who has grown up in a commune on the West Coast–so different from Nina's secure middle-class experience. When she returns to New York, she immediately senses that Mel and Avery are keeping secrets and soon discovers that they have become lovers. Rocked to the core, Nina wishes them happiness, but feels excluded and lonely, especially as her long-distance relationship begins to deteriorate. As is typical for teens, the girls obsess ad nauseam over their romantic relationships. Yet this narrow focus lends authenticity to the narrative, and readers become drawn into the characters' lives as they stumble toward adulthood, fall in and out of love, enlarge their circle of friends, and rethink their values.","When I first cracked open Maureen Johnson's ""The Bermudez Triangle"" I was worried that I was in for a lame ""Sisterhood of the Traveling Pants"" knockoff. I suppose it helps to actually read the flap description before reading a book.The Bermudez Triangle centers around three best friends: Nina Bermudez, class president and born leader, Avery Dekker, a grungy and sarcastic rocker, and Melanie Forrest, the sweet and shy girl guys can't help but crush on. Up until this point, the girls have been inseperable, however, when Nina goes away for the summer to a leadership camp, changes begin to take place within the triangle. Three very different girls with different interests and priorities. Oh no. Can their friendship survive? On the surface it sounds tired and overused, and yet Johnson manages to breathe enough life into this YA Fiction cliche to produce an immensely enjoyable book. The characters are very likeable yet believable, and Johnson keeps her readers hooked with a fun and fluid style. Most importantly, ""The Bermudez Triangle"" confronts the topic of sexual identity from several perspectives, an issue that many teens encounter firsthand.Maureen Johnson's ""The Bermudez Triangle"" is a fun, endearing, and important read that beautifully illustrates the struggles and confusion of friendship, identity, and growing up. Johnson is a very talented writer and I will be eagerly waiting for future releases by her."
A Cast of Killers (Signet),['Joseph Flynn'],['Fiction'],"Somebody in Washington is updating Shakespeare. The first thing he wants to do is kill all the lobbyists. Knocking off three of them in consecutive weeks, he's off to a fast start. On the lapel of each victim, the killer leaves a pin that, arguably, resembles Porky Pig.The Metro police are on the case when Putnam Shady steps forward and identifies the third victim as a friend. Authority averse, Putnam gives the cops only bare bones information -- but he tells Margaret ""Sweetie"" Sweeney that he thinks he will be the next victim.The reason, he explains, is quite simple. There are two plans afoot to seize control of the federal government. At the center of one plan is the speaker of the House of Representatives. The group behind the other plan consisted of Putnam and his three dead colleagues.Sweetie vows to protect Putnam. She enlists Jim McGill, the president's henchman, to find out who is behind the murders. But then McGill's whole world is turned upside down. His son, Kenny, is diagnosed with leukemia.President Patricia Grant's life is only slightly less tumultuous. Her enemies force her to leave the Republican Party. Erna Godfrey implicates her husband, Reverend Burke Godfrey, in the killing of Patti's first husband, Andrew Hudson Grant. But Reverend Godfrey refuses to go down without a fight.Amidst the turmoil, Welborn Yates and Kira Fahey schedule their marriage -- and inevitably have to deal with wedding crashers.","Edited Review: By correcting or qualifying most of the historical errors found in the 1986 edition, this twentieth anniversary edition has greater historical value, while losing none of the entertainment value of the original edition. I would now improve its rating if I could."
Man's Search for Meaning,['Viktor E Frankl'],['Existential psychotherapy'],"A prominent Viennese psychiatrist before the war, Viktor Frankl was uniquely able to observe the way that he and other inmates coped with the experience of being in Auschwitz. He noticed that it was the men who comforted others and who gave away their last piece of bread who survived the longest - and who offered proof that everything can be taken away from us except the ability to choose our attitude in any given set of circumstances. The sort of person the prisoner became was the result of an inner decision and not of camp influences alone. Only those who allowed their inner hold on their moral and spiritual selves to subside eventually fell victim to the camp's degenerating influence - while those who made a victory of those experiences turned them into an inner triumph. Frankl came to believe that man's deepest desire is to search for meaning and purpose. This outstanding work offers us all a way to transcend suffering and find significance in the art of living.","Introduces Logostherapy which states that it is man's search and progress towards meaning and purpose in his life that makes him tick. Born of reality and experience in concentration camp, this book is simple yet effective, full of hope and dignity."
The Great Gatsby,['F. Scott Fitzgerald'],['Fiction'],"In The Great Gatsby F. Scott Fitzgerald captures the flamboyance, the carelessness and the cruelty of the wealthy during America's Jazz Age. Part of the Macmillan Collector’s Library; a series of stunning, clothbound, pocket sized classics with gold foiled edges and ribbon markers. These beautiful books make perfect gifts or a treat for any book lover. This beautiful Macmillan Collector's Library edition features an afterword by David Stuart Davies. The Great Gatsby lives mysteriously in a luxurious Long Island mansion, playing lavish host to hundreds of people. And yet no one seems to know him or how he became so rich. He is rumoured to be everything from a German spy to a war hero. People clamour for invitations to his wild parties. But Jay Gatsby doesn't heed them. He cares for one person alone - Daisy Buchanan, the woman he has waited for all his life. Little does he know that his infatuation will lead to tragedy and end in murder.","Gatsby was a beautifully written novel, set in the Jazz Age. Written from the point of view of Nick Carroway, it was told from a subjective point of view providing the only interesting part of the novel. I'm not saying this was a bad book, Fitzgerald is a phenomenal writer, but even so I couldn't make myself care about the characters. Maybe that wasn't the point, but from the perspective of a pleasure reader it made the book rather dull. As a study of the culture of the twenties or of the theme of time in a period coming directly after WWI, it is amazing and captivating, but the characters were so shallow that I felt a strong detachment as i was reading further and further into the novel. Gatsby is a complete flop, spending all of his energy tryig to redo the past, Daisy is so flippant that you can't truly care for her, Tom cheats on his wife and hits his girlfriend, and Nick allows himself to get sucked into their games. Although written well, and worth all the acclaim it has recieved i personally did not enjoy this novel or find it particularly engrossing."
An Introduction to Genetic Engineering (Studies in Biology),['Desmond S. T. Nicholl'],['Science'],The author presents a basic introduction to the world of genetic engineering. Copyright © Libri GmbH. All rights reserved.,"This is a great book for college students. Probably the best textbook of genetic engineering I've ever read ! I'm already a graduate student majored in plant science, but I still find this book quite useful in giving me an general and clear conception about genetic engineering. My favorite part is the concept maps at the end of each chapter !!"
Close Encounters: 100 Tips for Achieving the Intimacy You Desire,"['Cari LA Grange Murphy', 'Marvin Stone', 'Cari La Grange', 'Diane Stafford']",['Psychology'],"We want intimacy that evokes a loving sense of familiarity, attachment, companionship, devotion and trust—an emotional haven that shelters during rough times with shared confidence, faith and support. Intimacy does not automatically evolve just because we are in love with someone. It takes time, patience and focus. Both partners must be willing to share their vulnerabilities to develop high-caliber intimacy. They can't worry about betrayal or loss of control. They must peel away the protective barriers to reveal the treasure. Although the steps to intimacy are not mysterious and the skills are not complex, they are elusive. The steps must be practiced, creating a dance where neither partner leads, but both are well schooled in the choreography. Without true intimacy, it is impossible to sustain passion. Here, we bring you 100 tips to heighten your intimacy. Sample a few, and we will wager that soon you will find your partner smiling more and opening up to the person he likes best in the world—you. You and your partner—destined to be a truly intimate couple—will be set to share a lifetime of love, warmth, and quintessential closeness. You want it. So, go out there and get it!","Exceptional!...Close Encounters presents outstanding advice and sets it forth in a logical, direct and intelligent manner. It should be required reading for any study of relationships. Absolutely outstanding - you are guaranteed to enjoy this book and to learn from it. Buy more than one copy, because you certainly will give it as a gift and will not want to give up yours. Stop reading this and place your order..."
Nerd in Shining Armor (The Nerd Series),['Vicki Lewis Thompson'],['Fiction'],"He loved her from afar until Fate tossed them in the ocean… Genevieve Terrence never imagined an island-hopping flight to Maui would end with her sociopathic boss pointing a gun at her head. Or that she’d wind up stranded on a remote island with nerdy computer programmer Jackson Farley. Good thing she knows a thing or two about surviving a standoff with Mother Nature. Jack can’t believe his luck. Not only is he a hero in Genevieve’s eyes after crash-landing the plane and pulling her to shore, but the sophisticated woman he thought was untouchable is rapidly transforming into a fun-loving hillbilly with a passion for…everything. And his ripped clothes, beard stubble and display of muscles seem to be seducing her way better than his genius IQ. That’s fine with him. He’ll play any role she wants as long as he gets the privilege of holding her. But when danger invades their private hideaway, the nerd and his beauty must fight side by side if they want to make it off the island alive… From the NYT bestselling author who brought you charming werewolves and sexy cowboys. Dive into the Kelly Ripa Book Club pick that launched the popular Nerd series! A sexy laugh-out-loud adventure that will thrill your nerd-loving heart. THE NERD SERIES The books in this series are standalone romances and can be read in any order. Nerd in Shining Armor (Jack & Genevieve) The Nerd Who Loved Me (Harry & Lainie) Nerd Gone Wild (Mitch & Ally) Gone with the Nerd (Flynn & Zoe) Talk Nerdy to Me (Charlie & Eve) Nerds Like It Hot (Lex & Gillian) My Nerdy Valentine (Will & Amanda)","""Nerd in Shining Armor"" by Vicki Lewis Thompson is a great book. This book has every thing:Great Characters, local to die for. This is the story of two people who would never think of hooking, but after crash landing on a desert island, they are forced to a second look at each other. A decide that they like what they see.Besides great main characters, Ms. Lewis-Thompson, gives the reader well developed secondary characters that work well in the story. Overall, this is a summer book that you don't want to miss!"
A Child's First Bible,['Kenneth N. Taylor'],['Juvenile Nonfiction'],"Simple retellings of Bible stories from the Old and New Testaments, with simple questions at the end of each selection.","I purchased this book as a gift for my niece's 7th birthday. After receiving the book, I could'nt wait, to look through it. I found it to be very simple and easy to understand, and a wonderful way to introduce a child to God."
Raving Fans,"['Ken Blanchard', 'Sheldon Bowles']",['Business & Economics'],"""Your customers are only satisfied because their expectations are so low and because no one else is doing better. Just having satisfied customers isn't good enough anymore. If you really want a booming business, you have to create Raving Fans."" This, in a nutshell, is the advice given to a new Area Manager on his first day--in an extraordinary business book that will help everyone, in every kind of organization or business, deliver stunning customer service and achieve miraculous bottom-line results. Written in the parable style of The One Minute Manager, Raving Fans uses a brilliantly simple and charming story to teach how to define a vision, learn what a customer really wants, institute effective systems, and make Raving Fan Service a constant feature--not just another program of the month. America is in the midst of a service crisis that has left a wake of disillusioned customers from coast to coast. Raving Fans includes startling new tips and innovative techniques that can help anyone create a revolution in any workplace--and turn their customers into raving, spending fans.","I ""had"" to read this for a college customer service course. But I instantly fell in love with Charlie, and the manager too. All I could think was ""A Christmas Carol"" for managers!"
What Saint Paul Really Said: Was Paul of Tarsus the Real Founder of Christianity?,['N. T. Wright'],['Religion'],"In this book N. T. Wright provides a concise, authoritative account of the apostle Paul's contribution to the birth of Christianity. In exploring Paul's background and his teaching, Wright refutes the argument made by some scholars that it was Paul and not Jesus who founded Christianity. Rather, as Wright shows, Paul's gospel revolved around Jesus of Nazareth as Israel's Messiah and king, and Paul consistently pointed to the crucified and risen Jesus as the foundation of the church and Lord of all.","N. T. Wright is simply the best modern biblical scholar. Not only is his depth of research unsurpassed, he even writes well. In this book he shatters modern theories that Paul invented, or perverted, early Christianity."
My Life,['Janet Tashjian'],['Juvenile Fiction'],"Summer's finally here, and Derek Fallon is looking forward to pelting the UPS truck with water balloons, climbing onto the garage roof, and conducting silly investigations. But when his parents decide to send him to Learning Camp, Derek's dreams of fun come to an end. Ever since he's been labeled a ""reluctant reader,"" his mom has pushed him to read ""real"" books-something other than his beloved Calvin & Hobbes. As Derek forges unexpected friendships and uncovers a family secret involving himself (in diapers! no less), he realizes that adventures and surprises are around the corner, complete with curve balls. My Life as a Book is a 2011 Bank Street - Best Children's Book of the Year.",I purchased this book for my husband and he loved it. I think he read it in two days.
"The Hobbitt, or there and back again; illustrated by the author.",['J. R. R. Tolkien'],['Fiction'],"Bilbo Baggins, a respectable, well-to-do hobbit, lives comfortably in his hobbit-hole until the day the wandering wizard Gandalf chooses him to take part in an adventure from which he may never return.","Great book, wanted to read it to understand the story more in depth after watching the movie. Every chapter as enjoyable as the last. 5/5"
Tell No One,['Harlan Coben'],['Fiction'],"David Beck has rebuilt his life since his wife's murder eight years ago, finishing medical school and establishing himself as a pediatrician, but he's never forgotten the woman he fell in love with in second grade. And when a mysterious e-mail arrives on the anniversary of their first kiss, with a message and an image that leads him to wonder whether Elizabeth might still be alive, Beck will stop at nothing to find the truth that's eluded him for so many years. A powerful billionaire is equally determined to make sure his role in her disappearance never comes to light, even if it means destroying an innocent man.","Having read and loved all of this authors &quot;Myron Boloitar&quot; series (some more than others) I was extremely disappointed in his latest attemt into the mainstream thriller genre. Characters were not developed or likable. If you can stand to wait until the last 80 pages for things to pick up, this book may be for you."
When He Was Wicked (Bridgerton Family Series),['Julia Quinn'],['Fiction'],"A New York Times Bestseller From #1 New York Times bestselling author Julia Quinn comes the story of Francesca Bridgerton, in the sixth of her beloved Regency-set novels featuring the charming, powerful Bridgerton family, now a series created by Shondaland for Netflix. FRANCESCA’S STORY In every life there is a turning point. A moment so tremendous, so sharp and breathtaking, that one knows one’s life will never be the same. For Michael Stirling, London’s most infamous rake, that moment came the first time he laid eyes on Francesca Bridgerton. After a lifetime of chasing women, of smiling slyly as they chased him, of allowing himself to be caught but never permitting his heart to become engaged, he took one look at Francesca Bridgerton and fell so fast and hard into love it was a wonder he managed to remain standing. Unfortunately for Michael, however, Francesca’s surname was to remain Bridgerton for only a mere thirty-six hours longer—the occasion of their meeting was, lamentably, a supper celebrating her imminent wedding to his cousin. But that was then . . . Now Michael is the earl and Francesca is free, but still she thinks of him as nothing other than her dear friend and confidant. Michael dares not speak to her of his love . . . until one dangerous night, when she steps innocently into his arms, and passion proves stronger than even the most wicked of secrets . . .","I love Julia Quinn, and my favorite book of hers is ""When He was Wicked"". A lot of reviewers have said that this book was dull and the darkest of all her work, and I would say that it's true that it was dark. I don't agree that it's dull. I think that the book really showed the heartbreak of being a widow at a young age and having to deal with it and move on with life.I liked that Francesca actually loved her first husband and enjoyed her physical relationship with him. It becomes tiring to read books about the young widow who was ""abused"" and forced to marry a man 20 years older and hated her sex life until she met the dashing hero who showed her what marriage could be. Like all of those books with the following dialogue: ""but I can't!! I'm frigid -- my late husband said so..."" and hero replies, ""what do you mean? I'll just touch you with my finger and you shall melt because I am the real hero of the book"" (You know what I mean - thank God this book was not like that.)I also thought it was pretty realistic that Francesca was having a hard time accepting her attraction to Michael and thinking, ""whoa, how could I want to be with him? He was my husband's best friend, my best friend - what kind of girl am I if I want to be with him? That is just too weird. Did I secretly like him all along? Oh no!!"" It was very sweet that Michael had been in love with her all along and gained a reputation of a ""rake"" because he was trying to get her out of his system.Then, he inherits the title (when her husband, John, dies) and he can also have her, and he feels so guilty that he's just stepping into John's shoes - something he had secretly fantasized about for years. Both of the characters have to move beyond this feeling of guilt to be able to move forward with their relationship. Michael manages this before Francesca, with a little help from Colin (""Romancing Mr. Bridgerton"") and then spends the 2nd half of the book trying to get Francesca to marry him.If I were to say that the book had any negative, I would say that I missed having more sibling interaction in the book. It does get kind of explained away, because this book overlaps with the time that Colin is getting married to Penelope (""Romancing Mr. Bridgerton"") and Eloise is getting married to Sir Philip (""To Sir Philip, with Love""), so everyone is busy with their own problems and are in different towns. And, it is also explained that Francesca feels somewhat removed from her family, even before marriage and widowhood. However, I felt that it was somewhat unrealistic that she wouldn't go to her older sister, Daphne (""The Duke and I""), or to her sister-in-laws for advice about the situation. It would have been nice to see at least one sibling talk to her about it and tell her it was okay for her to be happy and move on. But, that's a minor quibble.All in all - I would give this book six stars if I could. You should definitely read it - and everything else by Julia Quinn."
"Little women; or, Meg, Jo, Beth, and Amy,",['Rey Terciero'],['Juvenile Fiction'],"2018 marks the 150th anniversary of the classic Little Women by Louisa May Alcott. Join Meg, Jo, Beth, and Amy as they are reenvisioned as a blended family living in modern day NYC in this beautiful, full-color graphic novel. With their father away in the military and their mother working overtime to support the family, the March sisters have to rely on one another to make it from day to day. Whether they're arguing over the bathroom, struggling with homework, fighting off bullies, understanding their crushes, or battling leukemia, there's one thing the four sisters keep questioning--will everything turn out okay? Follow modern young women, Meg, Jo, Beth, and Amy as they discover themselves and follow their dreams. This lushly-illustrated story is a must-read for fans of Raina Telgemeier's Smile and Sisters, Mariko Tamaki's This One Summer, Svetlana Chmakova's Awkward, and Victoria Jamieson's Roller Girl.","The book is boring at the being. The 3rd chapter changed my mind. This book is about three sisters,their mother,and their lives. Read the book to see how their lives run and see how they get married."
The Secret Garden (Worlds Classics),['Frances Hodgson Burnett'],,"Frances Eliza Hodgson Burnett was a British-born American novelist and playwright. She is best known for the three children's novels Little Lord Fauntleroy, A Little Princess, and The Secret Garden. Frances Eliza Hodgson was born in Cheetham, Manchester, England. A house with a hundred rooms is a house full of secrets. That's what orphaned Mary Lennox finds out when she comes to live in her uncle's mansion on the Yorkshire moors. At night, she hears the sound of crying down a long corridor. Outside, she meets Dickon, a magical boy who can charm and talk to animals. Then, one day, Mary discovers the most mysterious wonder of all--a secret garden, walled and locked, which has been forgotten for years and years. Is everything in the garden dead, or can Mary bring this special place back to life?",This is a classic written by a great author. In the past I have given this book as a gift.
Secrets of the Soil: New Solutions for Restoring Our Planet,"['Peter Tompkins', 'William Thomas', 'Christopher Bird']",['Technology & Engineering'],"""An earlier edition of this book was published by Harper & Row""--T.p. verso.","The title is misleading -there's only a chapter ortwo about soil.Leans a bit towardsagriculture, but you get thebig picture of theenvironment as a whole.Ever heard about globalfreezing winters, hottersummers, desertification,tornadoes,earthquakes too, and younever imagined WE createdthem! Very eye-opening.you realize the state theworld is in. Might also makeyou go off your food (--you'llknow when you read it).An 'absolutely must-have'"
WHEELS ON THE BUS (BOARD BOOK),['May Nakamura'],['Juvenile Fiction'],"Ride on the bus and sing along to the song lyrics with JJ and his pals as the driver opens and shuts the school bus door, the wipers swish, the lights blink, the horn beeps, and more! This shaped board book has wheels that will go round and round just like in the song and is great to play with after the story is over.",My sister is a principal and highly recommeded this book for my grandchildren. THey love to read and sing so what better gift than to have it all wrapped into one.
Going Solo,['Roald Dahl'],['Juvenile Nonfiction'],"The children's author recounts his adventures as a young man working in East Africa for the Shell Company, living in the jungle, and later flying a fighter plane in World War II.","This gem of a book is surprising in many ways. The whimsical cover suggests tongue-in-cheek, and, indeed, there is some of that, but mostly it is a book that sneaks up on you, grabs you, and astonishes. `Going Solo' is the story of Roald Dahl's World War 2 experiences, and is divided roughly into two main themes. The first part records the experiences he had while he was stationed in East Africa before the war, when excitement meant such things as dealing with green mambas. I know virtually nothing about Africa, but resolved to learn more after reading this part of the book. There are many charming stories here: watch for the one taking place on his voyage out when Dahl discovers that his roommate is simulating dandruff on his dinner jacket with talcum powder!The second half of the book records his RAF exploits, many of which would not be believed had this been a work of fiction. Dahl's descriptions of such things as plane crashes are charmingly low-key and understated, an unusual way to depict danger and hardship, but one that succeeds brilliantly in this book.Adding to the charm of the book are pictures of letters, postcards, photographs, maps and the like - visuals that make the lively text come even more alive. This is one war story women who steer away from the usual blood-and-guts stereotype war novels will absolutely enjoy. It is a touching and interesting portrayal of courage and amazing happenings in the life of a very unassuming gentleman."
"Blue-Eyed Child of Fortune, the Civil War Letters of Colonel Robert Gould Shaw",['Robert Gould Shaw'],['History'],"On the Boston Common stands one of the great Civil War memorials, a magnificent bronze sculpture by Augustus Saint-Gaudens. It depicts the black soldiers of the Fifty-fourth Massachusetts Infantry marching alongside their young white commander, Colonel Robert Gould Shaw. When the philosopher William James dedicated the memorial in May 1897, he stirred the assembled crowd with these words: ""There they march, warm-blooded champions of a better day for man. There on horseback among them, in the very habit as he lived, sits the blue-eyed child of fortune."" In this book Shaw speaks for himself with equal eloquence through nearly two hundred letters he wrote to his family and friends during the Civil War. The portrait that emerges is of a man more divided and complex--though no less heroic--than the Shaw depicted in the celebrated film Glory. The pampered son of wealthy Boston abolitionists, Shaw was no abolitionist himself, but he was among the first patriots to respond to Lincoln's call for troops after the attack on Fort Sumter. After Cedar Mountain and Antietam, Shaw knew the carnage of war firsthand. Describing nightfall on the Antietam battlefield, he wrote, ""the crickets chirped, and the frogs croaked, just as if nothing unusual had happened all day long, and presently the stars came out bright, and we lay down among the dead, and slept soundly until daylight. There were twenty dead bodies within a rod of me."" When Federal war aims shifted from an emphasis on restoring the Union to the higher goal of emancipation for four million slaves, Shaw's mother pressured her son into accepting the command of the North's vanguard black regiment, the Fifty-fourth Massachusetts. A paternalist who never fully reconciled his own prejudices about black inferiority, Shaw assumed the command with great reluctance. Yet, as he trained his recruits in Readville, Massachusetts, during the early months of 1963, he came to respect their pluck and dedication. ""There is not the least doubt,"" he wrote his mother, ""that we shall leave the state, with as good a regiment, as any that has marched."" Despite such expressions of confidence, Shaw in fact continued to worry about how well his troops would perform under fire. The ultimate test came in South Carolina in July 1863, when the Fifty-fourth led a brave but ill-fated charge on Fort Wagner, at the approach to Charleston Harbor. As Shaw waved his sword and urged his men forward, an enemy bullet felled him on the fort's parapet. A few hours later the Confederates dumped his body into a mass grave with the bodies of twenty of his men. Although the assault was a failure from a military standpoint, it proved the proposition to which Shaw had reluctantly dedicated himself when he took command of the Fifty-fourth: that black soldiers could indeed be fighting men. By year's end, sixty new black regiments were being organized. A previous selection of Shaw's correspondence was privately published by his family in 1864. For this volume, Russell Duncan has restored many passages omitted from the earlier edition and has provided detailed explanatory notes to the letters. In addition he has written a lengthy biographical essay that places the young colonel and his regiment in historical context.","If, like me, you have seen the film ""Glory"", where Matthew Broderick plays Col. Robert Gould Shaw, white commander of the black 54th Massachusetts Regiment during the Civil War, you will see only a brief a glimpse of who Shaw was in his short life. Broderick does a masterful job of capturing some of Shaw's personality, but if you want to get inside this young man's head and find out who he really was, I highly recommend reading the book, ""Blue Eyed Child of Fortune"", ed. by Russell Duncan.This collection of Shaw's letters shows a far more complex and conflicted young man than Broderick was given a chance to play. While his parents burned with the abolitionist spirit of Boston's intellectual elite, Shaw struggled with his own prejudices and his own self doubts throughout his short life. Never an exemplary student, he dropped out of Harvard to work in his uncle's New York firm, but rapidly found the work boring and unsuited to him. Struggling to find his place in the world, the Civil War came along and gave him a sense of purpose and direction.Enlisting first in the 7th New York Guards, he served until his enlistment was up, and then joined the 2nd Massachusetts, gaining position as an officer. He ""saw the elephant"" at Winchester, Antietam and Cedar Mountain, was slightly wounded in two of those engagements, and found out first hand about the horrors of war. During winter camp in 1862-63, his father visited with word that Shaw had been tapped by Massachusetts Governor John Albion Andrew to command a new black regiment. At first, Shaw refused this offer on the basis that he felt a strong bond with the men he had fought and bled with, but then changed his mind and accepted the position of Colonel of the 54th Massachusetts.Returning home to Boston to take command of his new regiment, he was deeply conflicted over whether these men would pan out to be good soldiers, but as time wore on and they proved their worth, Shaw's respect for his men grew, as did their respect for their commanding officer. After three months training, they left for duty in South Carolina after a grand parade down Boston streets. Shaw chafed for some action for his men, and the first that they saw was the tragic raid and burning of Darien, Georgia under the command of Kansas jayhawker Col. James Montgomery. Shaw was outraged at this action and very nearly refused his orders from his commanding officer, but reluctantly had to obey and ask his men to do what he felt was utterly immoral and against the codes of war. He would write letters of protest to his father and to others.Eventually, in his quest for real action for his men, they were assigned a diversionary action on James Island to allow Union troops to land on nearby Morris Island for a planned assault on Fort Wagner a few days later. Sustaining light casualties in a skirmish, Shaw was impressed that his men were indeed up to snuff as soldiers, and so, a few days later, after a long exhausting march in a storm to Morris Island during which they got no rest, they were assigned to the lead attack column on Fort Wagner on the evening of July 18, 1863.Sadly, Union intelligence on Ft. Wagner was badly flawed. It was originally thought that the fort held a complement of only 300 men and that after days of relentless shelling by the Union navies, that the fort would be softened up enough to withstand a frontal Union assault. However, most of Wagner's nearly 1500 men were in a massive bombproof riding out the shelling, and so, when the Union assault began with the 54th leading the attack column, they took the heaviest casualties, including the young Col. Shaw, who foresaw his own demise while speaking to Lt. Col. Edward ""Ned"" Hallowell, his second-in-command, while on a steamer on the way to their assignment: ""If I could only live a few weeks longer with my wife, and be at home a little while, I might die happy, but it cannot be. I do not believe I will live through our next fight.""Rather unfortunately, Shaw was right. He was killed upon reaching the parapets of Wagner, a bullet through his heart killing him instantly. His body was stripped and thrown into a common grave with his men, and his father asked, when the Union finally took the fort a few months later when it was abandoned by the Confederates, that his body be left there with his men. Shaw's burial spot now lies somewhere under the Atlantic Ocean, the island having eroded significantly in the past 140 years since Shaw's demise and burial there.This book will give you a great insight into a very conflicted, complicated and yet reluctantly heroic young man who was just coming into his own at the time of his tragic death. I am sure that he would have shunned the limelight had he survived the war to live to old age and would have been content to live life with his beloved Annie, to whom he was married a mere two months before his death. Annie would never remarry and lived the rest of her life as his widow, dying in 1907. The war would doubtless have made Shaw and given him the potential to focus his life and go on to great things had he lived to do so. Having lived so much of his young life with such rebellion against his mother's domineering apron strings and not quite sure what he wanted out of life, the war gave Shaw a brief opportunity to find out what it was he was made of. In so doing, he achieved the one thing he never dreamed of, immortality.Read this book if you are eager to know the ""real"" Shaw. Letting him speak for himself is the best way to know this fascinating man who died so tragically young at the peak of his life. Follow it up with ""Where Death and Glory Meet"", Russell Duncan's excellent biography of Shaw. By the time you finish these two books, you will feel as if you know Shaw quite well. If you want to know a few of his men, read ""A Brave Black Regiment"" by Capt. Luis Emilio, a regimental history of the 54th, ""On the Altar of Freedom"" by Cpl. James Henry Gooding, a black soldier in the 54th, and ""A Voice of Thunder"", the letters of Sgt. George E. Stephens, another black soldier in the 54th. I just hope that more letters and diaries from this regiment surface and are published someday. Doubtless there are more hiding in attics and other unknown places.This book comes highly recommended for good Civil War reading of a primary source, along with the other books mentioned that are by Shaw's soldiers. Together, they beat any historian's account of this historic regiment. Read them all if you are interested in Civil War or black history."
"How to Be Happy, Dammit : A Cynic's Guide to Spiritual Happiness",['Karen Salmansohn'],['Self-Help'],"Provides a unique look at finding the joy in life with humorous, thought-provoking wisdom, that even a cynic can appreciate.","I found it at a local bookstore and skimmed through it. Flipping through the pages, though the nice graphics and typefaces caught my attention, the text itself didn't make much sense. I picked up the book anyways because I really am a cynic looking for spiritual happiness. When I finally got around to reading it, I discovered why flipping through the book didn't make much sense. This is not a coffee table book. It must be read from beginning to end, otherwise it won't make much sense. It's a quick read, it only took me an hour or so and I'm a slow reader. It's very catchy, witty, to the point, and perfect for cynics alike. I bought the book for a couple of friends and they really liked it as well. I'm not exactly happier, but it did give me a better perspective on life as a whole. If you're skeptical, pick it up anyways. It's inexpensive, a quick read, entertaining even if you don't like the entire book, and you really have nothing to lose. If it doesn't jive you well, give it to a friend."
The Women's Great Lakes Reader,['Victoria Brehm'],['History'],"A collection of writings chronicles women's role in the cultures, development, and history of the Great Lakes region, including Native American stories and myths as well as writings by women pioneers and travelers.","The Women's Great Lakes Reader is an impressive, informative, superbly presented contribution to women's studies, native American studies, regional and Midwestern history studies. Victoria Brehm has assembled an outstanding contributors writing on the theme of women's roles in the cultures, development, and history of the Great Lakes region of the American Midwest organized into five major sections: Anishinaabeg: The First Peoples of the Lakes; Women Pioneers on the Frontier; Women Travelers on the Lakes; Women's Work; and Women's Lives, Women's Lakes. Of special note is Judith Minty's &quot;The North Woods&quot; (1981) which serves admirably as an introduction to the wealth of informative, insightful, and engaging commentaries comprising The Women's Great Lakes Reader which make this work a seminal contribution for personal and academic studies."
The Fortune Hunter,['Daisy Goodwin'],['Fiction'],"A beautiful empress trapped in a loveless marriage, a dashing but impoverished horseman and a clever heiress form a passionate love triangle in 19th-century England against a backdrop of the legendary Grand National competition. By the best-selling author of The American Heiress. 150,000 first printing.","As the other reviews said it all, this is an excellent romance novel. Loved the story line and thoroughly enjoyed the interaction between Lord Rival and Lady Olivia. Both are strong independent characters, who are used to having their ways. There was the chemistry and rivalry-attraction between the two main characters, despite their bettter judgement. Reminded me of a good Humphrey Bogart and Lauren Bacall classic. This is a guarantee keeper and I will be re-reading this numerous times more. Wish I could give it more than 5-stars. Definitely the GOLD standard for me."
Of Mice And Men,['John Steinbeck'],['Fiction'],"A controversial tale of friendship and tragedy during the Great Depression A Penguin Classic Over seventy-five years since its first publication, Steinbeck’s tale of commitment, loneliness, hope, and loss remains one of America’s most widely read and taught novels. An unlikely pair, George and Lennie, two migrant workers in California during the Great Depression, grasp for their American Dream. They hustle work when they can, living a hand-to-mouth existence. For George and Lennie have a plan: to own an acre of land and a shack they can call their own. When they land jobs on a ranch in the Salinas Valley, the fulfillment of their dream seems to be within their grasp. But even George cannot guard Lennie from the provocations, nor predict the consequences of Lennie's unswerving obedience to the things George taught him. Of Mice and Men represents an experiment in form, which Steinbeck described as “a kind of playable novel, written in a novel form but so scened and set that it can be played as it stands.” A rarity in American letters, it achieved remarkable success as a novel, a Broadway play, and three acclaimed films. This edition features an introduction by Susan Shillinglaw, one of today’s leading Steinbeck scholars. For more than seventy years, Penguin has been the leading publisher of classic literature in the English-speaking world. With more than 1,700 titles, Penguin Classics represents a global bookshelf of the best works throughout history and across genres and disciplines. Readers trust the series to provide authoritative texts enhanced by introductions and notes by distinguished scholars and contemporary authors, as well as up-to-date translations by award-winning translators.","I first read this book when I was in seventh grade. It was a captivating world, and story. The characters were so full that they seemed to burst at the seams. This book conveys the deeper aspects of life through a simple and beautiful story. It touched me as a young adult, and helped me blossom through the years of pain. It is a book about the roots and fabric of life, that binds humanity together. THIS IS A MUST READ. authors that are able to get to the source of life are the strongest with their message, read steinbeck's novel and you will understand what I'm saying."
Stealing Some Time:Volume 1 (Parts 1 and 2),['Mark Kendrick'],['Fiction'],"Science fiction adventure story that follows two gay men, Kallen Deshara and Aaric Utzman, and their relationship.","Mark Kendrick has done it again. In this book he has continued to create fully developed characters, that you get to know and love. Not only do you get great characters, you also get a great S/F story. This is the first volume in the Stealing Some Time trilogy. This is a great story that comments on social and ecological problems that we are currently facing. I found this book to be worth the read, and didn't want to put it down. Kendrick also does a decent job of dealing with the problems of paradoxes that all time travel stories encounter.Oh yeah, by the way... the main character happens to be gay."
"Gentleman's Game, A",['Greg Rucka'],['British'],"When an unthinkable act of terror devastates London, nothing will stop Tara Chace from hunting down those responsible. Her job is simple: stop the terrorists before they strike a second time. To succeed, she'll do anything and everything it takes. She'll have to kill again. Only this time the personal stakes will be higher than ever before.","Like the swing of young Timmy, so is the prose of his creator. Coyne's novel is not really about gentlemen, it's not really about games. Nevertheless, if you've ever played golf, read this book. If you've never played golf, and wondered why the hell any sane person would, read this book. If you've ever been a son, read this book. If you've ever had a father, read this book. If you've never had a father, read this book. In short, if you never read anything else in your life, read this book."
"Japanese, Basic: Learn to Speak and Understand Japanese with Pimsleur Language Programs (Simon & Schuster's)",['Pimsleur'],,"Experience The Method That Changed Language Learning Forever. ""Pimsleur Unlimited ""combines the interactivity of software-based learning tools with the convenience and power of the portable Pimsleur Method . Each level of Pimsleur Unlimited contains approximately 15 hours of audio language instruction in 30 daily lessons featuring the proven Pimsleur Method. With Pimsleur Unlimited Japanese Levels 1-4, users get 120 daily lessons. That's 60 hours of very effective audio lessons, plus ... Four levels gives you 80 Reading Lessons to introduce you to reading in Level 1, then in the following Levels gives you practice in reading, and provides additional vocabulary and cultural information, Japanese Levels 1-4 contains 120 Speak Easy Conversations allowing you to fine-tune conversational skills, and perfect your accent, There are over 1,200 digital flash cards (300 per Level) allowing you to practice, brush up, or review, And with four Levels of the Quick Match interactive phrase game, you get 1,200 questions (300 per Level) to challenge you. Online access to live native speakers who will provide cultural context and live learning with Engage Ambassador sessions. 120 spectacular high resolution travel photographs to inspire and enhance your cultural education, Unlimited allows for4 users on up to 4 devices. Over 50 years ago, Dr. Paul Pimsleur developed a method that transformed language learning. Since then, millions have used this system to begin to speak and understand a new language effortlessly. You can too. Learn Fast Still only 30 minutes a day, Pimsleur audio lessons are completely portable; use them in the car, at the gym, or while out for a walk. In addition, Pimsleur Unlimited harnesses the power of your computer, integrating the audio and reading lessons with Speak Easy conversations, which pull you into the culture, fixing rhythm and intonation in your mind, and helping you to develop a near-native accent. Review on Your Terms Reinforce what you ve learned quickly and effectively with flash cards. Created to help you practice the most-essential vocabulary, the cards contain words and short phrases from the Audio Lessons. The Quick Match interactive phrase game will help you to challenge yourself with longer phrases and sentences in a fun and fast-paced new way. Brush up, or dive deep --- it s all up to you. Expand Your Horizons. Reconnect with Your Heritage. Travel with Confidence. Experience language learning like never before. Pimsleur Unlimited: easy, engaging, and fun. When you register the software, you ll be given access to the Pimsleur Course Manager App, which optimizes your mobile learning experience. The iOS/Android compatible App allows you to complete the 30-minute daily lessons on the go using your smartphone or tablet including iPhone, and iPad. ""Pimsleur Unlimited"" is designed for use by one registered user, plus up to three household members, and may be installed on up to four devices. Product includes a DVD data disc with the Pimsleur Unlimited software application. Minimum System Requirements Broadband Internet connection required Minimum 1GB RAM Minimum 10GB free disk space 1024 x 768 display resolution DVD drive for installation Adobe Flash Player 9 or above Headset, or microphone and speakers for Ambassador Sessions Webcam for video access to Ambassador Sessions Windows 2.33GHz or faster x86-compatible processor, or Intel Atom 1.6GHz or faster processor for netbooks. Windows Vista, 32 and 64 bit; Windows 7, 32 and 64 bit; Windows 8.1 (Classic) or greater Mac OS Intel Core Duo or faster processor Mac OS X v 10.7 or greater""","I commute 1 hour to work each day. During this time, I decided learing Japanese would be my ""project"" to utilize my time wisely. This has been a very interesting adventure for my family and myself. My children are very interested in learning as well. They have learned as much Japanese as I have in just as little time. It was money well spent. We now great eachother in Japanese and also say, ""Thank You"" in Japanese at restarants, etc. it really freaks out the waitresses for my 4 year old son to tell her ""Domo Arigato""."
An Introduction to Persian,"['Wheeler McIntosh Thackston', 'W. M. Thackston']",['Foreign Language Study'],"This book is intended to serve as an introduction on the elementary level to the modern Persian language. Each lesson is provided with specific exercises and drills for the major grammatical and syntactical points introduced therein. Vocabulary are included at the end of each lesson are intended for active acquisition. Specialized supplementary vocabulary lists are also scattered throughout the book. In part two of the grammar, the outstanding differences between modern and classical usage are given. In part three the distinguishing features of ordinary colloquial Persian are given.","I am no stranger to technical language, nor do I detest grammatical terminology. I have spent my entire academic life learning or reading Latin, Greek, Syriac, Aramaic, Coptic, Arabic and Persian; I have, therefore, come accross many textbooks of varying usefulness and presentation. Let me say in the strongest possible terms that Thackston's text is the absolute worst text that I have ever used: the book is dry, lifeless, imprecise, and thoroughly frustrating. For reasons best known to himself, Thackston renames all the Persian verb tenses, invents new grammar terminology, attempts to illustrate grammatical concepts with seemingly contradictory examples (esp. the quibbling over the indefinite vs. definite nouns), and rushes through topics here and reintroduces them there (esp. the subjunctive). The book is not thoroughly cross-referenced, and it is written in one of the basest and most insipid forms of English that I have ever read. Is this the best that a Harvard professor can do? It seems that it is, for I also own Thackston's Syriac grammar, which is equally horrid. My entire class hated the book, as has every student of Persian to whom I have spoken at the University of Toronto. I may also point out that Thackston's frequent use of English transliterations without any Persian spelling is positively daft. As many others have mentioned, Thackston's text in comparison with Lambton's is as a candle next to the sun."
The Hobbit,['J. R. R. Tolkien'],['Juvenile Fiction'],"Celebrating 75 years of one of the world's most treasured classics with an all new trade paperback edition. Repackaged with new cover art. 500,000 first printing.","Let's never forget that, unlike The Lord Of The Rings, this is a children's book. It's quite a good one, but we can't pretend great literature from it: it was not its purpose. It may be considered just a prologue to The Lord Of The Rings, or a real novel itself, anyway it's quite nice to read."
"Awakening Athena: Resilience, Restoration, and Rejuvenation for Women","['Genie James', 'C. W. Randolph']",['Health & Fitness'],"For much too long the traditional medical community has ignored, misdiagnosed, and mistreated millions of women suffering from symptoms of hormone imbalance. Now, a world-renowned expert explains a safer and more natural approach to treating hormone-related conditions like PMS, weight gain, mood swings, and hot flashes. The controversy continues to rage like hormones: The safety and efficacy of synthetic hormone replacement therapies (HRT) versus human-identical hormones. In this second edition of the widely successful guide From Hormone Hell to Hormone Well, world-renowned physician expert, C.W. Randolph, Jr., M.D., and Genie James team up to challenge the continual promotion by the pharmaceutical industry--and the physicians they have brainwashed--of dangerous synthetic hormones. In this hard-hitting book, Dr. Randolph and Ms. James expose the shocking truth that for decades, whenever most women have complained to their doctor about menopausal symptoms, the traditional approach treatment has put both their health and their lives at risk. As a board certified gynecologist who has treated women with hormone balances for over a decade, Dr. Randolph contends that there is--and has been--a safe and effective alternative to synthetic hormones: Bio-identical hormone replacement therapy (BHRT). Hormone Hell to Hormone Well shows readers how to: Eradicate a ""one-size-fits-all"" approach to HRT and empower women to discover and maintain her 'hormonal equilibrium' through her changing lifecycle Understand the new breakthroughs and discoveries in human-identical hormone therapy Naturally replace the hormones that have decreased with age--with the science that supports the health benefits of biidentical hormone therapy Enjoy vast improvements in mental and emotional health as well as resolving physical issues, including weight gain, depression, osteoporosis, hot flashes, low sex drive, and fatigue","Love the Athena theme and the life stages; very readable, very yogic, and very useful and informative. Great job!"
1984,['George Orwell'],['Fiction'],"Nieuwspraak, Big Brother, het vocabulaire uit 1984 is in onze taal opgenomen en een eigen leven gaan leiden. De roman van George Orwell uit 1949 over de strijd van Winston Smith, ambtenaar op het ministerie van Waarheid, tegen de alles doordringende Partij, en zijn gedoemde liefde voor Julia heeft niets van zijn literarie zeggingskracht verloren. In Orwells steeds weer herdrukte anti-utopie verkeert de wereld in de wurggreep van een systeem dat is gegrondvest op de verbreiding van angst, haat en wreedheid, en dat iedere vorm van persoonlijke vrijheid en indiviualiteit uitsluit. 1984 is onverminderd geldig als benauwend nauwkeurig blauwdruk van elk dictatoriaal regime.","I have read this book 3 or 4 times and still find it relative to our society today. The way things are going we maybe heading toward a Oceania society,though police and war that neverends.Look at the patriotic act,the war in Iraq and terriotist. I would recommend EVERYONE READ THIS BOOK."
Franny and Zooey,['J. D. Salinger'],['Fiction'],"""Perhaps the best book by the foremost stylist of his generation"" (New York Times), J. D. Salinger's Franny and Zooey collects two works of fiction about the Glass family originally published in The New Yorker. ""Everything everybody does is so--I don't know--not wrong, or even mean, or even stupid necessarily. But just so tiny and meaningless and--sad-making. And the worst part is, if you go bohemian or something crazy like that, you're conforming just as much only in a different way."" A novel in two halves, Franny and Zooey brilliantly captures the emotional strains and traumas of entering adulthood. It is a gleaming example of the wit, precision, and poignancy that have made J. D. Salinger one of America's most beloved writers.","This is my favorite Salinger book. I read it every year again, and it's a touchpoint for me about how my view of the world is changing.I think Salinger's penchant for weaving multiple storylines together that he did in 9 Stories and with other stories involving the Glass family is in its best form here, with 2 focal people. It's a great twist that those two people are in the same house for much of the book.Salinger does a great job of setting the whole thing in an apartment that's getting painted and a bathroom where Zooey is washing and preparing to leave. Essentially the entire space is in transition, a bit of a phoenix cycle, as are the two main characters. And in that setting he weaves magic of what it means to be a human in this world. And the last 15 pages or so is the best conversation and accompanying metaphor out there."
Creators on Creating: Awakening and Cultivating the Imaginative Mind (New Consciousness Reader),['Frank Barron'],['Self-Help'],"This collection of over three dozen essays ponders the essence of creativity. Includes selections from Henry Miller, Federico Fellini, Rainer Maria Rilke, Isadora Duncan, Frank Zappa, and Mary Shelley. A New Consciousness Reader.",This book is a fascinating read - the selection of writings is fabously diverse and offers a myriad of views on creativity. It is easy to read and can be picked up and put down at any time with its short chapters. It is indeed a true treasure
Intensive Care: The Story of a Nurse,['Echo Heron'],['Medical'],"Chilling, revelatory, and compassionate, Echo Heron’s bestselling memoir offers a brutally honest account of her time as an idealistic nursing student, her entry into the workforce, and her rude awakening to the gritty realities of practice. Devoted to helping the most trying patients in some of the harshest medical environments—from emergency rooms to intensive care units—Heron boldly confronts the most serious medical dilemmas of our time. When does a patient have the right to end his or her life, how can a medical professional help someone evaluate such a decision, and what can a nurse do when doctors don’t have their patients’ best interests at heart? These are just a few of the critical though deeply uncomfortable questions with which Heron must grapple.","What can I say....I laughed, I cried, I read from cover to cover. I first read Echo Heron while a first year nursing student. But I became a nurse anyway.This book, along with her other non-novels should be required reading for all aspiring nurses. If you still want to be one afterwards you really need therapy. All &quot;non nurses&quot; should read her books just to see what we have to put up with and why we turn out the way we do!"
Seamanship : A Voyage Along the Wild Coasts of the British Isles,['Adam Nicolson'],['Biography & Autobiography'],"From Land's End to Cape Clear, past Roaringwater Bay and Cod's Head, on past Inishvickillane and Inishtooskert, up through the Hebrides, to Orkney and on to the Faeroes stretches the richest and wildest coastline in Europe. Adam Nicolson decided to sail this coast in the Auk, a 42-foot wooden ketch, embarking on a 1,500-mile voyage through what he hoped would be a sequence of revelatory landscapes. He was not disappointed. Seamanship is more than a travel journal. It describes an inner journey as much as an outer one—disasters and discoveries, powerful landscapes and modern visionaries, and encounters with the animals living on the wild edge of the Atlantic. Above all, it is about the gaps that open up between those who go and those who stay at home. Seamanship, in the end, is not about the sea. It's about being alive.","This son of British aristocrats and inheritor of the family castle has a fine command of the English language, and a prep school mastery of classical literature. Wordsworth, Blake, Auden, Homer...every last rock along the Irish and Scottish coast is adored as exceptional, extraordinary, and peered at through the lens of history, religion and literature. It's a bit as if we've compressed a year-long seafaring adventure around the British Isles into a Great Western Literature series.Still, as the Brits are wont to do, Nicolson riffs brilliantly from time to time. Describing a skin-diving find of cave-dwelling crabs: ""The crabs sat among them, alert and claws raised, hanging there poised, armed and Homeric, each one a toy Achilles with his spear and helmet set among the display cabinets in Cartier's or Tiffany's."" At times, the story jumps off the pages...a daring rescue at sea...a brush with death. But just as quickly, we're back slogging through the stuffy, semi-pretentious introspection and forced metaphor.Though Nicolson gives a half-hearted attempt at soul-searching and introspection, in the end we just don't like him very much. Rather, we fully agree with the sea captain he has hired to keep him alive and sail from Southern England to the northern reaches of the Hebrides and Orkneys. Captain George Fairhurst provides the seamanship, and ultimately decides his employer/chronicler is a mere ""plucker"", someone who takes life's pleasures as they come and decidedly avoids shouldering the risk. The short novel is replete with Nicolson bounding off the ship to go rock-climbing, scuba diving, strolling about the latest landing, while Fairhurst is deep in the bowels of the diesel engines trying to keep the boat afloat and the whole project alive.Given the title, I am disappointed Fairhurst didn't essay his experience."
"Giuseppe Terragni: Transformations, Decompositions, Critiques",['Peter Eisenman'],['Architecture'],"Forty years in the making, ""Giuseppe Terragni: Transformations, Decompositions, Critiques"" documents and investigates two of Italian rationalist architect Giuseppe Terragni's masterworks: the Casa del Fascio (1933-36) and the Casa Giuliani-Frigerio (1939-40), both in Como. This far-reaching study -- illustrated with more than five hundred original architectural diagrams and archival photographs -- employs what Eisenman calls critical and textual reading of both buildings. He attempts to broaden the definition of the formal from a narrow aesthetic and compositional view to include first the conceptual and then the textual. It is through this idea of the textual that Eisenman begins to define an idea of the critical in architecture. Eisenman's methodology is wholly removed from traditional approaches -- social, historical, aesthetic, functional. Instead, the various articulations and openings on the facades constitute a set of marks, notations that provide the basis for his analysis. In the Casa del Fascio, for example, each of the four sequential design schemes records the previous state, encoding the process of transformation in the final building. In the Casa Giuliani-Frigerio it is instead the process of decomposition that generates the facades. Also included in the book are an essay by Terragni and a critique by Manfredo Tafuri. In the end, it is the dual protagonists -- the architect and the author -- who together establish a new theoretical and analytical framework.","Granted, Eisenman's texts are challenging. But the diagrams and drawings more than make up for it. A great addition to any thorough library of Italian modern architecture."
The Hot Kid : A Novel,['Elmore Leonard'],['Fiction'],"The undisputed master of the crime novel strikes again with this powerfully entertaining story, set in 1920s Oklahoma, that introduces one of the toughest lawmen ever to come out of the west. . . . Carlos Webster was 15 the day he witnessed his first murder—but it wouldn’t be his last. It was also his first introduction to the notorious gunman, Emmet Long. By the time Carlos is 20, he’s being sworn in as a deputy United States marshal and now goes by the name Carl. As for Emmet, he’s robbing banks with his new partner, the no-good son of an oil millionaire. Carl Webster and Emmet Long may be on opposite sides of the law but their long-time game of cat and mouse will turn them both into two of the most famous names in crime and punishment.","This novel being my first Elmore Leonard, I must say it took me a little while getting use to his minimalist style. Once I got use to it though, the story just played out like a movie. I love it when a book makes you forget that you're actually reading---something that I come across very rarely.Like many have already stated, Leonard's dialog is phenomenal, and well above any of his competition.I'm not one who usually seeks out a period story, but with this one, I was so enthralled with what was going on, I didn't notice it, it was wonderful, another character, if you will.I'm already seeking out my next Leonard novel to read.Happy Reading."
A Prayer for Owen Meany (Franklin Library Signed First Edition),['John Irving'],['Fiction'],"'A work of genius' Independent 'Marvellously funny . . . What better entertainment is there than a serious book which makes you laugh?' Spectator 'If you care about something you have to protect it. If you're lucky enough to find a way of life you love, you have to find the courage to live it.' Summer, 1953. In the small town of Gravesend, New Hampshire, eleven-year-old John Wheelwright and his best friend Owen Meany are playing in a Little League baseball game. When Owen hits a foul ball which kills John's mother, their lives are changed in an instant. It is dismissed as a tragic accident but Owen disagrees. He believes that he is God's instrument, put on Earth for a higher purpose. And as the boys come into adulthood to the background of the Vietnam War, a series of remarkable events show that perhaps Owen's divine plan was not imagined after all. Discover the funny yet poignant classic by the bestselling author of The World According to Garp. 'So extraordinary, so original, and so enriching' Stephen King, The Washington Post 'May justly join the classic American list' Anthony Burgess, Observer","This is my favorite book by Irving. It made me laugh, cry, and marvel at his writing skills and insights. I absolutely love it!"
The Reader,['Bernhard Schlink'],['Fiction'],"Hailed for its coiled eroticism and the moral claims it makes upon the reader, this mesmerizing novel is a story of love and secrets, horror and compassion, unfolding against the haunted landscape of postwar Germany. When he falls ill on his way home from school, fifteen-year-old Michael Berg is rescued by Hanna, a woman twice his age. In time she becomes his lover—then she inexplicably disappears. When Michael next sees her, he is a young law student, and she is on trial for a hideous crime. As he watches her refuse to defend her innocence, Michael gradually realizes that Hanna may be guarding a secret she considers more shameful than murder.","""The Reader"" is a book to savor. Expertly written, this book pulls you in with moments of bliss and wonder as our protagonist's quiet life suddenly explodes with passion and yearning. The novel then shifts from the physical to the philosophical, as Michael encounters the uncertainties behind the ecstasy. We hear all this from the perspective of a grown man, carefully considering a lifetime of choices.As he unravels and examines his life, Michael confronts questions that are universal in scope. In relationships, in life, we are all faced with choices and our choices have consequences. Wrestling with one's own choices is necessarily a lifetime endeavor, but in ""The Reader"" it is evident how choices we made long ago can stay with us.We also find ourselves in situations that require us to judge the choices of others. This moral dilemna, constructing a reliable platform within our own ambiguous morality from which we can evaluate others, is wonderfully explored in this book.I found Michael's voice and character to be quite likeable and sympathetic; in his unassuming way, he is sweet and charming. Fate pairs him up with Hanna, a mysterious older woman, and he tumbles into love.Years later, still uneasy about questions of his own guilt in betraying Hanna, Michael unexpectedly finds himself in a courtroom where Hanna's larger actions as an SS guard are being judged.As her former lover, Michael is in an unusal position. Michael struggles to match the Hanna who called him ""Kid"" with the camp guard guilty of such unpardonable crimes. The time he spent reading to Hanna provides the prism through which he views her now. Remembering how this time they shared was a warm and intimate part of their trysts, and hearing that Hanna selected certain prisoners to read to her within the walls of the camp, Michael chooses to believe that his former lover's actions were not unkind.In a stark and dramatic scene, Michael encounters an older man who suggests that it was possible to kill the Jews because the Germans involved were indifferent. Michael is appalled by this idea, and despite her guilty verdict Michael can't be indifferent to Hanna. His care and concern for her continue throughout his life; he resumes the role of her reader.We never know exactly what Hanna is thinking, but her final actions are arresting. Inspired by Michael's recorded books, enough to become a reader herself, she nonetheless loses faith in herself when Michael fails to address her in his own words. Michael realizes only too late that Hanna felt the sting of his inability to forgive her.All in all, a very thoughtful and complicated novel wrapped in a concise and rewarding package. Setting ""The Reader"" against the Holocaust may be upsetting to some people, but it does indeed serve as a larger mirror against which our protagonist can measure his own worth."
Stealing Henry,['Carolyn MacCullough'],['Juvenile Fiction'],"The experiences of high-schooler Savannah, following her decision to take her eight-year-old half brother from his abusive father and their oblivious mother, are interspersed with the earlier story of her mother, Alice, as she meets Savannah's father and unexpectedly becomes pregnant.","As in her first novel, Falling Through Darkness, MacCullough has crafted a beautiful novel with prose that sings. Her characters are vivid, the dialogue pitch perfect, the situation very real, and the resolution hopeful but realistic. All in all this is a terrific read from a very talented writer. I look forward to her other books."
The Monster At The End Of This Book,['Jon Stone'],['Juvenile Fiction'],"Adapted into a sturdy board book format, a best-selling Sesame Street Little Golden Book classic follows a frantic Grover's efforts to prevent readers from turning the pages and finding the not-so-scary monster at the end of the book. TV tie-in.","The Monster at the End of This Book is a fun, engaging book that will be read over and over. Although I am usually skeptical of any book with a brand-name character in it, this book really pulls off something great.The key element that makes this book fun to read is the interaction between the reader/listener and Grover. Grover is terrified of the monster at the end of the book and is prepared to do anything to keep you from getting there. Any child reading this book is going to be dying to turn the page.This book also teaches a great message for kids. Sometimes, we get really scared of the monster we think is waiting for us, but then it turns out that the monster isn't so bad after all. This would be a great book for any child dealing with a monster-under-the-bed phobia, or even any kind of unjustified fears.This book gets a solid 5 stars from me for it's fun and creative illustrations, great plot, great message, and engaging humor. I would highly recommend this as an addition to any home library."
Great Expectations,['Charles Dickens'],['Fiction'],"Penguin Classics e-books give you the best possible editions of Charles Dickens's novels, including all the original illustrations, useful and informative introductions, the definitive, accurate text as it was meant to be published, a chronology of Dickens's life and notes that fill in the background to the book. This Penguin Classics edition of Great Expectations also includes Dickens's alternative ending to the novel. A terrifying encounter with an escaped convict in a graveyard on the wild Kent marshes; a summons to meet the bitter, decaying Miss Havisham and her beautiful, cold-hearted ward Estella; the sudden generosity of a mysterious benefactor - these form a series of events that change the orphaned Pip's life forever, and he eagerly abandons his humble origins to begin a new life as a gentleman. Dickens's haunting late novel depicts Pip's education and development through adversity as he discovers thetrue nature of his 'great expectations'.","I highly reccomend this book to anyone interested in reading the classics. I first read the story in high-school and immediatly fell in love with Dicken's eloquent style. His descriptions of Pip's surroundings, emotions and experiences never fail to capture my imagination and tug at my heart. Dickens can be very tough to read, but also very rewarding because you know that you are enjoying a piece of literary genius. Great Expectations provides a nice into into his style and prepares readers for his more challenging stories.The story is long, and detailed but extremely captivating. The characters are complex and the mystery will keep you turning the pages. Even if you've never considered reading Dickens before, read this one!"
Chinese Cook Book,['Ken Hom'],['Cooking'],"Ken Hom is widely regarded as the world's leading authority on Oriental cuisine, and with the Complete Chinese Cookbook, he has created a seminal collection of his best-loved dishes. With Cantonese stir-fries and spicy Sichuan favourites alongside new discoveries from the lesser-known culinary styles of Yunnan and Hong Kong, this comprehensive collection is filled with accessible and easy recipes, demonstrating the amazing depth of flavour that is only now being fully appreciated in modern Chinese cuisine. Set to become a kitchen classic, this all-encompassing cookery book guides you through the essential cooking techniques, equipment and ingredients, all with Ken's trusted blend of experience and enthusiasm. Featuring 250 recipes covering all aspects of Chinese food, Ken offers tips and inspiration for a wealth of dishes that use simple, healthy ingredients to create quick and delicious meals. Over the past 25 years Ken has brought Chinese cookery into mainstream British homes, and in this beautifully photographed cookbook, he brings together all of his expertise to offer the ultimate guide to the flavours of China.",Years ago I took a Chinese cooking class and bought this book at the same time. I ordered a used copy since I had given my well worn copy away when I moved out of the country. Sunset books were always great.
The Holy Bible: English Standard Version (Red Letter Edition),['Crossway'],['Bibles'],"The ESV Study Bible was created to help people understand the Bible in a deeper way. Combining the best and most recent evangelical Christian scholarship with the highly regarded ESV text, it is the most comprehensive study Bible ever published. The ESV Study Bible features more than 2,750 pages of extensive, accessible Bible resources, including completely new notes, full-color maps, illustrations, charts, timelines, and articles created by an outstanding team of 93 evangelical Christian scholars and teachers. In addition to the 757,000 words of the ESV Bible itself, the notes and resources of the ESV Study Bible comprise an additional 1.1 million words of insightful explanation and teaching-equivalent to a 20-volume Bible resource library all contained in one volume. (Please note this edition does not come with free access to the Online ESV Study Bible resources.)","The English Standard Version is a faithful translation of the Bible. Many conservative Christians I know seem unable to distinguish between translations. They think all Bibles are basically the same and can be used interchangeably. Unfortunately, this is not true.The English Standard Version is as literal as possible and as free as necessary. You come closer to hearing the original words in this translation than you do in the New International Version, for example. Consequently, its reading level is higher than the NIV--more like high school or college than middle school or elementary school.This translation is historically related to the King James Version, the American Standard Version, and the Revised Standard Version. It eliminates the archaic ""thees"" and ""thous"" of those translations while retaining the basic beauty of the prose.Unlike the New Revised Standard Version, the Engish Standard Version does not use gender-inclusive language when the original text does not warrant it. For that reason, it is more accurate and honest though less politically correct.If you want the unvarnished Bible in a modern translation, this is your best bet. It isn't perfect. No translation is. But it is far better than the KJV, the NIV, the REB, and many others because, while modern, it avoids, insofar as possible, combining commentary with translation."
Captivating: unveiling the Mystery of a Woman's Soul,"['John Eldredge', 'Stasi Eldredge']",['Religion'],"Every woman was once a little girl and every lilttle girl holds in her heart her most precious dreams. The message of captivating is that your heart matters more than anything else in creation. The desires you had as a little girl and the longings you still feel as a woman are telling you of the life God created you to live.He offers to come now as the hero of your story, to rescue your heart and release you to live a fully alive and feminine woman.",I just finished reading this cover to cover in anticipation for our Women's Bible Study coming up this next week. It seemed as if every other page was written specifically for me.
A tree grows in Brooklyn: A novel (Armed Services edition),['Molly Guptill Manning'],['History'],"Chronicles the joint effort of the U.S. government, the publishing industry and the nation's librarians to boost troop morale during World War II by shipping 120 million books to the front lines for soldiers to read during what little downtime they had. 35,000 first printing.","I'm entering the 9th grade this September, and am almost 14 years old. When I first saw this book on the reading list, it came along with Little Women and Tom Sawyer. I had to read 2 of them, so first I chose Tom Sawyer, and was going to read Little Women. As I was on my way out of the library (they had no books from the list there), I bumped into one of my mom's friends. She looked at the list, and saw A Tree Grows in Brooklyn, and told me how much she loves the book, and that I must read it! I looked at it and first thought, 1912? How can THIS be interesting? So I started to read, and then couldn't put the book down. I began seeing how much the girl, Francie, is just like me, even though we grew up 74 years apart. I even learned some lessons in the book, and will defninitly give it to my sisters, and future children to read. I love that book so much."
Carole Lombard: The Hoosier Tornado (Indiana Biography Series),['Wes D. Gehring'],['Biography & Autobiography'],"For Millions of Movie Fans During the 1930s, an actress from Fort Wayne, Indiana, personified the madcap adventures of their favorite form of screen comedy -- screwball. Nicknamed ""The Hoosier Tornado"" for her energetic personality, Carole Lombard did as much as anyone to define the genre, delighting audiences with her zany antics in such films as Twentieth Century, My Man Godfrey, Nothing Sacred, and To Be or Not to Be. She also captured America's attention through her romance with and eventual marriage to screen idol Clark Gable. In this inaugural volume in the Indiana Historical Society Press's Indiana Biography Series, Wes D. Gehring, a noted authority on film comedy, examines Lombard's legacy, focusing on both the public and private figure from her early days as merely beautiful window dressing in Mack Sennett silent films, to her development as the leading motion-picture comedienne of her time, to her tragic death in a January 1942 plane crash following a successful war-bond rally in Indianapolis. He also explores the rapport this sometimes ""Profane Angel"" (Lombard swore like a sailor) enjoyed with not only directors, but also the blue-collar workers who toiled on movie sets. The biography also features a foreword written by Scott Robert Olson, dean of the college of communications, information, and media, and professor of communication studies at Ball State University. In her comedic roles, Gehring states in the book, Lombard offered the life lesson that ""the irrational mind -- crazy Carole -- stood a much better chance of surviving in the equally irrational modern world."" Lombard's film persona continues to survive in the public's collective conscious. ""Her screwball heroine is as significant for modern audiences as yesteryear's more traditional literary figures,"" Gehring writes. Nationally respected for its publication program, the Indiana Historical Society Press has always excelled particularly in one area: telling the life and times of those who have had an impact on the Hoosier State. The Press continues this tradition with its new Indiana Biography Series, which pairs writers with Indiana subjects of note. Future volumes in the series will highlight such personalities as Jonathan Jennings, Gus Grissom, Thomas Marshall, James Dean, Meredith Nicholson, Susan Wallace, David L. Chambers, and Cleo Blackburn. Book jacket.",".....After watching the movie My Man Godfrey I was interested enough in Lombarde to purchase a book about her life......She was a tomboy growing up and this led to to entry into the movies when she was spotted by a producer who was looking for her type in a movie role. From this unlikely beginning she worked her way up to one of the highest paid actresses in Hollywood, married two of its top males along the way, William Powell and Clark Gable and was at the top of her career when she lost her life in a tragic plane crash......The book was a little thin on background and read almost like a synopsis so I can't give it 5 stars but it is certainly worth reading. Carole Lombarde was a fine actress and universally liked by her peers"
Speak Like A Native: Professional Secrets for Mastering Foreign Languages,['Michael Janich'],['Language and languages'],"This is a distillation of the techniques and strategies used by the author and other professional linguists from the Defense Language Institute, State Department, CIA, NSA and other government agencies. It includes the 10 rules for establishing and achieving your goals, the author's unique 12-step process for accelerating your learning and 50 proven tips favored by the pros. This instruction program will allow you to speak any language like a native.","This is James from James Spanish (the learning Spanish blog). The author of this book, Michael D. Janich, is highly qualified to write about language learning techniques, having become fluent enough in both Chinese-Mandarin and Vietnamese to serve as a political analyst, translator and government interpreter. In Speak Like a Native: Professional Secrets for Mastering Foreign Languages he outlines his recommendations for not only gaining fluency in a language but also for keeping up moral while learning. The book pulls together some of the best ideas, methods and tips from Janich as well as many other language professionals.The book takes a highly pragmatic approach to language learning, and is laid out in the same clear and organized manner that is recommended for study. Ten rules are laid out to help you to create goals and measurable steps in your learning process. Creating these milestones can help you to measure your progress and gain a sense of accomplishment and satisfaction as you complete each stage. Having an organized study routine can also help to keep you focused and driven to succeed. Twelve steps to designing and working to a study plan are also provided to help with this element of learning, and will give all students a more structured framework that is unique to their own goals, rather than simply following along with a prescribed lesson plan. These twelve steps are also designed to make your learning more efficient, thus helping to improve your grasp of the language more quickly. Finally, there are fifty tips and tricks that have been gathered from many successful language teachers.While some of the advice may be common sense, there are bound to be ideas there for even the most organized of students, and applying some of these techniques to your study habits will fast track your learning experience. The author stresses from the start that learning a language to the point of fluency takes time and effort, and his advice is aimed at those who wish to really immerse themselves in the experience in order to gain a genuine mastery of the language. If you are only looking to learn Spanish for ordering meals or taxis on holiday, you may not need this book, but if you are passionate about becoming fluent this book will help you on your way.In closing my review of this product, I'd like to share with you the three Amazon products that I have found most helpful in my pursuit to learn Spanish. If you are truly serious about achieving fluency, I'd recommend getting all 3 of them if you can afford it.1.Lights, Camera, Spanish (Book + DVD): Learn Conversational Spanish by Watching a Romantic AdventureThis is actually a 90 minute movie for Spanish-language learners. It gives the option to watch the movie with subtitles but I'd recommend not using them to improve your Spanish. This ""movie"" also includes a workbook so that you can reinforce the Spanish vocabulary words and phrases from the film. The workbook also has lots of exercises to keep you engaged in the film. But be prepared to hear Chilean accents. Although pleasant to the ear, the accents from Chile are very different from most Latin American accents.2.Verbarrator Version 1.1 (Windows Version)This software replaces the traditional verb conjugation books and makes learning how to conjugate Spanish verbs an interactive and fun activity. This should be a required resource for anyone who wants to improve their ability to conjugate Spanish verbs. Especially anyone who is challenged by the drudgery of learning how to conjugate Spanish verbs and who is looking for a new way to make learning how to conjugate Spanish verbs an easy and fun activity3.Diccionario esencial de la lengua espanola de la Real Academia Espanola (Spanish Edition)If you are really serious about speaking the language fluently, then at some point you will need to replace your Spanish-English dictionary and get a pure Spanish dictionary with both the vocabulary words and the definitions entirely in Spanish. I use this one mainly because it was highly-recommended by a friend from Spain who teaches Spanish. According to him, this is the ""standard"" among university level Spanish professors."
Lightning (Turtleback School & Library Binding Edition),['Greg Farshtey'],['Juvenile Fiction'],"Sensei Wu must teach the Ninjago warriors the ancient art of spinjitzu in order to defeat Lord Garmadon, but first the ninja Jay, whose sense of humor is strong even in battle, must learn when it is the right time to be serious.","Koontz crosses genres and spins a fascinating time travel tale that entertains and satisfies. Best-selling novelist Laura Shane has lived a difficult life full of tragedy and heartache. Throughout her life the same man continually appears at just the right moment and repeatedly saves her life. However, each time Laura encounters him she notices he has never aged. Who is this mysterious guardian angel and why is he watching over her?Koontz has written another powerful story full of mystery, suspense, and just the right touch of romance. A great addition for Koontz fans."
"Blue Skies, Green Fields: A Celebration of 50 Major League Baseball Stadiums",['Ira D. Rosen'],['Sports & Recreation'],"Provides photographs of current and obsolete major league baseball stadiums, and facts on each stadium's history, dimensions, seating capacities, opening dates, largest crowds, and building costs.","I think the book should have or at least Miller Park and P.N.C. Park. Witch would be good becuse,I'm a BIG Brewers fan.But the book could have LESS on Fenway and Yankee stadium's.Blue Skies and Green Fields is over all a GREAT book!!!"
The Mother Tongue,['Bill Bryson'],['English language'],"The author of the acclaimed The Lost Continent now steers us through the quirks and byways of the English language. We learn why island, freight, and colonel are spelled in such unphonetic ways, why four has a u in it but forty doesn't, plus bizarre and enlightening facts about some of the patriarchs of this peculiar language.","Sadly I must concur with many fellow-reviewers: the numerous important errors that plague an otherwise worthwhile and entertaining book mean you can never be sure when to trust the author's assertions. Bryson's undoubted communicative flair has clearly enthused many lay-readers about language, and that is a heartening sign. His vigorous debunking of bogus so-called language pundits (Safire, Simon, et al.) is also to be welcomed (see Steven Pinker's 'Language Instinct' for an equally enjoyable slaying of the 'language mavens').All this makes the book's flaws all the more exasperating and disappointing. They range from the trivial to the quite breath-taking - I won't list them all here, as other reviewers have already highlighted many of them (eg. The French can't distinguish between 'mind' and 'brain'... hmm, I hope he's used some of the proceeds from this book to invest in a French dictionary - and an Italian one, and Finnish...)What I will point out are the gaps in his grammatical understanding: I'm not talking about arcane, abstruse, pedantic points here, but the fundamentals of grammar, what it is, and how we use and describe it. Almost half an entire chapter (where he discusses the categorisation of words into various parts of speech, and verbs into tenses) can and should be junked. He seems to think the terms and concepts we use to categorise English grammar are absurd, constrictive and inappropriate, merely because they are greco-latin in origin. For example, he doesn't see the need for the dual categorisation of -ing words as both 'gerunds' and 'present participles'; but this redounds to his discredit, no-one else's. These terms merely describe a distinction that we all observe whether we're conscious of it or not. When we hear 'My favourite hobby is swimming' we automatically understand that this does not mean 'my favourite hobby is currently doing a length of the pool'. Likewise, we know that 'I am swimming' doesn't mean 'I am the very act of propelling oneself through a body of water'.The terms we use to describe grammar are precisely that - descriptive, not prescriptive, and have stood the test of time because they are versatile, adaptable, enable clear, precise thought and explanation when analysing linguistic constructions, and facilitate comparative study of different language structures.But Bryson's heart is in the right place, and if people who read this book are inspired to widen their language/linguistics-related reading, that can only be a good thing.Allow me to recommend a couple of other books as essential further reading:'The Language Instinct' Steven Pinker'The Power of Babel' John McWhorterEngaging, not to say captivating, works - ideal for the layperson but packed with real linguistic meat and serious scholarly endeavour nonetheless."
Arrival and Departure,['Rachel Rose'],['Poetry'],"Rachel Rose follows her award-winning first book with a dazzling, urgent collection of new poems that look unflinchingly at our errors and our longings, in images that range from the disturbing to the spectacular. Anchoring the collection is a rich, unsentimental suite of lyrics on the journey of pregnancy and new motherhood. These poems are humanist, lushly imagined, and compellingly voiced.","""Arrival and Departure"" was written in 1941 and published the following year. Readers who are not at least somewhat knowledgeable about European politics, culture and psychological trends at the start of World War II are likely to feel somewhat lost. Peter Slavek is a 22-year-old radical from the intellectual class who has no true understanding of the oppressed masses for whom he campaigns. His commitment to socialist revolution is swept away into insignificance by the horrors overwhelming Europe. After being tortured, he escapes to the capital of Neutralia (not kidding), where he encounters a female psychiatrist whom he knew as a child. He also meets Odette, a young homeless wanton, and falls in love with her. Torn between his politics and his love, he suffers a mental breakdown and hysterical paralysis of one leg. In a series of informal but very intense analysis sessions, Dr. Bolgar, the psychiatrist, uncovers the ""dynamic roots"" of his radicalism, revealing it to be the sequela of a traumatic incident from his childhood. So his politics aren't real, they're just his way of making lifelong expiation for his imagined sins. Bingo, his neurosis is cured, and he regains the use of his leg. In addition to the psychoanalytical jargon, Koestler devotes considerable space to dialogues between characters about political theories and philosophies fashionable among liberal European intellectuals in the first half of the 20th century. History teaches us that most people either didn't know or didn't care to know about the Holocaust; if that is so, why didn't Koestler's matter-of-fact descriptions of the fate of the Jews in this book attract more attention? These parts of the book read more like a historical novel that was written today than a book published in 1942. ""Arrival and Departure"" was the last of a trilogy that began with ""Darkness at Noon"" and I tend to agree that it is the weakest of the three books. It was one of Koestler's earliest books in English---he had previously written in Hungarian and German---and it shows in this book: Its formal, stylized, rather lofty prose actually does read more like a translation than like a book written in English: Reminiscent of the prose of Joseph Conrad, but a bit flatter. I recommend this book only for the reader who is a fan of Koestler's work or who wants to read what is now essentially a period piece about life among the displaced and refugees in wartime Europe."
Forever Amber (The Greates Historical Novels),['Kathleen Winsor'],['Fiction'],"Abandoned pregnant and penniless on the teeming streets of London, 16-year-old Amber St. Clare manages, by using her wits, beauty, and courage, to climb to the highest position a woman could achieve in Restoration England—that of favorite mistress of the Merry Monarch, Charles II. From whores and highwaymen to courtiers and noblemen, from events such as the Great Plague and the Fire of London to the intimate passions of ordinary—and extraordinary—men and women, Amber experiences it all. But throughout her trials and escapades, she remains, in her heart, true to the one man she really loves, the one man she can never have. Frequently compared to Gone with the Wind, Forever Amber is the other great historical romance, outselling every other American novel of the 1940s—despite being banned in Boston for its sheer sexiness. A book to read and reread, this edition brings back to print an unforgettable romance and a timeless masterpiece.","A friend of mine recommended &quot;Forever Amber&quot; to me. I can honestly say that otherwise, I would not have read it. Thank God she did tell me about how amazing it was...this is NOT a story to be missed! I could not believe that this was written back in 1944...it felt so fresh and not at all old fashioned.I thought that the authors writing style was brilliant. The book is mainly about the life of a girl called Amber St. Clare. The thing about Amber is that she is not easy to like..in fact..I was appalled by her often, but at the same time I found myself admiring her determination, rooting for her, and pitying her as well. The book goes on for 972 pages and at the end of it all I actually wanted MORE. The descriptions were so vivid that I felt like I could see, smell, TASTE London as it was in the 1660s. I am so happy to have experienced this tale. I plan to look for more of Kathleen Winsors work and I wholeheartedly recommend this book to any lover of Historical Fiction."
The Prisoner's Wife,['Asha Bandele'],['Biography & Autobiography'],"As a favor for a friend, a bright and talented young woman volunteered to read her poetry to a group of prisoners during a Black History Month program. It was an encounter that would alter her life forever, because it was there, in the prison, that she would meet Rashid, the man who was to become her friend, her confidant, her husband, her lover, her soul mate. At the time, Rashid was serving a sentence of twenty years to life for his part in a murder. The Prisoner's Wife is a testimony, for wives and mothers, friends and families. It's a tribute to anyone who has ever chosen, against the odds, to love.","The heardest book I've EVER forced myself to read !! Asha would have us believeshe's smart. I'd of been better convinced if she'd not force fed it so Many times. Asha would have us bellieve this is a Love story. But she aborts theirLove child and her visits. I'm most upset over this title which IMHO isults allthe REAL prisoner's wives. Those of us who for years live on our phone calls, letters and hand holdin across the table. NOT the conjugals Asha was allowed to marry for and SO Few have access to. I think the book would of been better titled &quot; Learning to Love Myself &amp; my Race' and perhaps some day being able to face reality.' I gave my copy away. But,have yet to find, amongst the strong black women I know, ANY one who could getthrough it. I gave it ONE star cause that's the lowest this rating system would allow me to go."
WWW HR Giger Com: Biomechanical World (Taschen Specials),['H. R. Giger'],['Art'],Translated from German Layout: H R Giger and Sandra Beretta ; text: H R Giger [and others].,"The book came before the estimated arrival time!Although the packaging had a little wear from the tiny mailbox, the bookitself is in pristine condition!"
All Around the Town - Large Type,['Mary Higgins Clark'],['Fiction'],"Mary Higgins Clark, the Queen of Suspense, crafts a terrifying story of murder and obsession with “a slambam finish” (Los Angeles Times Book Review). When Laurie Kenyon, a twenty-one-year-old student, is accused of murdering her English professor, she has no memory of the crime. Her fingerprints, however, are everywhere. When she asks her sister, attorney Sarah, to mount her defense, Sarah in turn brings in psychiatrist Justin Donnelly. Kidnapped at the age of four and victimized for two years, Laurie has developed astounding coping skills. Only when the unbearable memories of those lost years are released can the truth of the crime come out—and only then can the final sadistic plan of her abductor, whose obsession is stronger than ever, be revealed.","If you like other Mary Higgins Clark books, You'll love this one! Laurie Kenyon was kidnapped at the age of 4. Two years later, her kidnappers left her on the steps of a school building. When she was returned to her parents, she acted shy and afraid of everything, unlike what she used to be. What they didn't know is that she developed Multiple Personality Disorder(MPD). After the death of her parents, Laurie, now a college student, falls in love with Proffesor Allan Grant (or,at least, one of her personalities does). When Allan Grant is murdered, Laurie becomes the main suspect. Lauries sister, Sarah, switches sides of the courtroom and becomes Laurie's defendant attorney. Sarah convinces Laurie to see Justin Donelley, a phyciatrist specializing in MPD patients, to help her. As Laurie unveils all of her personalities and discovers what happens the night Allan Grant was stabbed to death, her kidnappers are closing in on her. And this time they mean murder.... This is my favorite Mary H. Clark book. If you love mystery and suspense, you'll love &quot;All Around The Town&quot;."
It Came from Outer Space,['Henry Barker'],['Juvenile Fiction'],"Solve kid-sized dilemmas and mysteries with the Science Solves It! series. These fun books for kids ages 5–8 blend clever stories with real-life science. Why did the dog turn green? Can you control a hiccup? Is that a UFO? Find the answers to these questions and more as kid characters dive into physical, life, and earth sciences. During a camp out, Marlon and his friends see a bright light streak across the sky. Is it a meteorite? A spaceship? Have aliens landed? Books in this perfect STEM series will help kids think like scientists and get ahead in the classroom. Activities and experiments are included in every book! (Level Two; Science topic: Space detritus)","It never ceases to amaze me how much effort Gauntlet Press places in thecreation of their publications. Last week I received Ray Bradbury's &quot;It cameFrom Outer Space&quot;. Honestly, I'm speechless. I know, I generally alwaysgive books a good rating BUT - frankly, this book is breathtaking. This is anecessary include for any Sci-Fi or Bradbury collection. WOW!Lets start from the top shall we? First, the cover is simply stunning.While I wish the back of the cover were really the front of the cover, Ibelieve that the way the cover is done itgives the book an edge. Bradbury does the front artwork, and the back has aposter picture, which gives the title of the book. Never the less the coveralone is incredible and made me drool.What is in this book, you ask? Quite literally everything you ever wanted toknow about &quot;It Came From Outer Space&quot;. A book of this style has neverbefore been published. Within this tome you will find exclusive materialsuch as the controversy behind &quot;It Came From Outer Space&quot;, Correspondencesboth to and from Ray Bradbury, Screen treatments, neverbefore published short stories, original ads and more. The lettered editionof this book includes an additional section, which includes and introductionby Jonathan Eller, a letter from Mathilde Moser to Ray Bradbury and, theunfinished screenplay entitled &quot;Face of the Deep&quot;.One of the things about this book that really just touched me was whenBradbury discusses how he met up with Spielberg after watching &quot;CloseEncounters of the Third Kind&quot; and found out that &quot;It Came From Outer Space&quot;was the inspiration behind the Spielberg hit. Simply beautiful!In my opinion, this book is a powerful and personal journey through thehighlights of Bradbury. You can feel the emotions that Bradbury must haveexperienced in his emergent period, and it just empowers your soul. Thisbook shows you a boy with a love for a genre and the fortitude to embarkupon his dream, making it his life.I strongly urge you purchase this book if you have any ounce of sense inyou. This is most definitely the quintessential piece for any Sci-Fi/Bradbury fan.5 Stars without a doubt!"
Neither Here Nor There,['Bill Bryson'],['Travel'],"Bryson brings his unique brand of humour to travel writing as he shoulders his backpack, keeps a tight hold on his wallet and heads for Europe. Travelling with Stephen Katz--also his wonderful sidekick in A Walk in the Woods--he wanders from Hammerfest in the far north, to Istanbul on the cusp of Asia. As he makes his way round this incredibly varied continent, he retraces his travels as a student twenty years before with caustic hilarity.","Bryson is a good deal funnier and more mature than, say, Jeff Greenwald, but he falls into the trap of not meeting enough locals and padding his book with initially-amusing-but-eventually-repetitious accounts of surly service workers and mediocre hotels. He helpfully weaves tips on traveler's checks and museums into some of his anecdotes."
Desire of the Everlasting Hills: The World Before and After Jesus,['Thomas Cahill'],['Religion'],"From the bestselling author of How the Irish Saved Civilization and The Gifts of the Jews, his most compelling historical narrative yet. How did an obscure rabbi from a backwater of the Roman Empire come to be the central figure in Western Civilization? Did his influence in fact change the world? These are the questions Thomas Cahill addresses in his subtle and engaging investigation into the life and times of Jesus. Cahill shows us Jesus from his birth to his execution through the eyes of those who knew him and in the context of his time—a time when the Jews were struggling to maintain their beliefs under overlords who imposed their worldview on their subjects. Here is Jesus the loving friend, itinerate preacher, and quiet revolutionary, whose words and actions inspired his followers to journey throughout the Roman world and speak the truth he instilled—in the face of the greatest defeat: Jesus' crucifixion as a common criminal. Daring, provocative, and stunningly original, Cahill's interpretation will both delight and surprise. BONUS MATERIAL: This ebook edition includes an excerpt from Thomas Cahill's Heretics and Heroes.","The strength of this book lies in the historical lead up to the birth of Christ. Not being well versed in that time period, I appreciated the portrait Cahill draws of the changes in empires and the tugs of secularism on the Jews. He did well in putting the birth of Christ in a historacle context.However, after the event of Christ's birth, Cahill devolves into his own interpretation of the gospels and interjects his own liberal understanding of the trinity, the divinity of Christ and the apocalypse, among others. What began as an interesting historacle portrait quickly became a detailed study in the language and wording of the gospels. These studies are justifiably important, but Cahill is ill equipted for this type of biblical interpretation.His historacle study in interesting and informative, but his book changes halfway through and Cahill departs from his strengths and employs questionable interpretations to material that speaks to the core of Christian beliefs.There are other books that the reader can reference for a better understanding of the subject matter that Cahill tries to tackle."
The Nokia Revolution : The Story of an Extraordinary Company That Transformed an Industry,['Dan Steinbock'],['Business & Economics'],"This potent study of breakthrough innovation and strategic transformation takes readers behind the scenes of the legendary, yet enigmatic, Nokia Corporation.",I found this book to be enjoyable to read. But it was very boring overall. I really wanted to learn more about the current Nokia Corporation. To my disapointment it showed more history of the company then what they are and were doing in the late 20th and early 21st century to improve their company and the cellular phone market.
Starting & Building A Nonprofit: A Practical Guide,"['Michael John Langford', 'Philip Andrews']",['Photography'],"Originally written by leading photography writer and lecturer Langford, this authoritative classic has been updated for todays photographers by lecturer and bestselling author Andrews. A new chapter on digital workflow has been included and even more information added regarding digital photography, covering capture, edit, enhance, and print.","My first impression after reading this work was that it would make an excellent textbook for the subject matter. That is, it gives a thorough overview, but doesn't really suffice if you want, or need, to set up your own nonprofit entity. The university I work at employs a couple of business professors whose courses specialize in the nonprofit sector, and I will be recommending this book to both of them.Nolo, and other publishers, offer a number of other books that cover the issues of setting up a nonprofit that an interested ""non-profiteer"" should consult before actually proceeding (e.g.,How to Form a Nonprofit Corporation;Effective Fundraising for Nonprofits: Real-World Strategies That Work;Nonprofit Fundraising Registration: The 50 State Guide).This specific book touches upon all of the necessary components of establishing a nonprofit, from naming your organization to fundraising to understanding contracts. The most likely market for this book would be those starting out in absolute ignorance (ignorance means ""not knowing"" and does not mean ""stupid""). If you are inexperienced and in the initial stages of setting up a nonprofit organization, this is a must read from cover to cover.The three appendices are what I would describe as ""padded."" Appendix A explains how to use the CD-ROM, an object that pretty much just contains the checklists in the book in Rich Text Format (RTF) and some software for reading them. I just opened up the appropriate folder, ""Nonprofit Startup Forms,"" and started reading the 16 total documents. Appendix B lists the URLs for the state agencies (usually the Secretary of State office) involved in regulating nonprofits. This is another subject area that you'd be better advised to consult separate, more thorough works.Appendix C contains the checklists and forms referenced in the body of the text and works as a sort of outline for the whole process.This is not a bad book, but you won't be able to use this as a sole source for actually setting up your organization. It's a solid, and accurate overview of the process, and if you are starting at ground zero, this is a pretty good place to begin."
The Last Bit Bear: A Fable,['Sandra Chisholm De Yonge'],['Animals'],"The long search by a bear and his animal friends for land, water, and food that has not been polluted or destroyed by man ends in their discovery of a national park.","Beautiful story about how important it is for humans to care for the environment. Just read the book and became very emotional. I think the first printing may have been in the early 80's, way before it was cool to be environmentally conscious. A must read for all children and adults for that matter. Can not say enough about how touching this story is. Loved it."
Gone with the Wind,['Margaret Mitchell'],['Fiction'],"'My dear, I don't give a damn.' Margaret Mitchell’s page-turning, sweeping American epic has been a classic for over eighty years. Beloved and thought by many to be the greatest of the American novels, Gone with the Wind is a story of love, hope and loss set against the tense historical background of the American Civil War. The lovers at the novel’s centre – the selfish, privileged Scarlett O’Hara and rakish Rhett Butler – are magnetic: pulling readers into the tangled narrative of a struggle to survive that cannot be forgotten. WINNER OF NATIONAL BOOK AWARD AND PULITZER PRIZE 'For sheer readability I can think of nothing it must give way before' The New Yorker 'What makes some people come through catastrophes and others, apparently just as able, strong, and brave, go under?’ Margaret Mitchell","The book was excellent, however it was missing page 713. It had page 813 in its place. Therefore the book had page 813 displayed twice in the book. I also went to a local bookstore and noticed all 4 books by this publisher had the same problem."
Naked in Death,['J. D. Robb'],['Fiction'],"Eve Dallas, a New York police lieutenant, is in over her head when she breaks the rules and falls in love with a suspect in her most recent case. Reissue.","i enjoyed Naked in death. In terms of what it promises and delivers there is very good congruence. The characters were stereotypical and the plot predictable, but then again I wasn't looking for a challenging read. The one thing I don't understand is why the book is set in a 'science fiction' future that isn't really that much of science fiction? There was not any new technology introduced to solve the case, really, and the science fiction part felt gimmicky, as if the author isn't aware of what the genre really should offer. Instead of contributing to the plot, characters or storytelling, the clumsy attempts to incorporate the science fiction distracted from the writing."
The Tale of Custard the Dragon,['Ogden Nash'],['Juvenile Nonfiction'],"In this humorous poem, Custard the cowardly dragon saves the day when a pirate threatens Belinda and her pet animals.","I purchased this book as a holiday gift for ""tween"" members of the family.At this time, no feedback has come from the kids, so all I can say about it is that the book was accurately described and shipped promptly."
Higher Wisdom: Eminent Elders Explore the Continuing Impact of Psychedelics (Suny Series in Transpersonal and Humanistic Psychology.),"['Roger Walsh', 'Charles S. Grob']",['Social Science'],Interviews with fourteen pioneers in psychedelic research.,"Roger Walsh and Charles Grob have edited a fine text concerning the impact of psychedelics. It is a very important and interesting book in this field. It is a book detailing how psychedelics became an intensely studied topic in psychiatry and psychology. Beginning with the synthesis of LSD by Albert Hofmann, its intial use was to enable psychiatrists to experience a temporary psychosis first hand. This would let them have greater understanding of the phenomenological experience of their patients. Yet LSD and other psychedelics were soon discovered to be valuable treatment modalities in psychotherapy by themselves, particularly in deconstructing certain defense mechanisms. The elders who participated in this book, were very sincere and responsible in their use of psychedelics. They did their work under controlled conditions that would be therapeutic to those ingesting the drug. This is not a book about the recreational use fo psychedelics but their therapeutic, even spiritual use.This is a must read book for all individuals interested in learning about the value of these drugs beyond recreational use. I had no idea concerning this topic other than a dislike for 'hippies' who used the drugs and termed me and my friends baby killers for going to Vietnam. The book greatly expanded my understanding of the time and the real benefits surrounding psychedelics. The editors do a fine job of condensing the interviews to make the book extremely readable. I give it 5 stars."
The Two Towers: Part II of The Lord of the Rings (J.R.R. Tolkien),['J.R.R. Tolkien'],['Young Adult Fiction'],"Begin your journey into Middle-earth... The inspiration for the upcoming original series on Prime Video, The Lord of the Rings: The Rings of Power. The Two Towers is the second part of J.R.R. Tolkien’s epic adventure The Lord of the Rings. One Ring to rule them all, One Ring to find them, One Ring to bring them all and in the darkness bind them. Frodo and his Companions of the Ring have been beset by danger during their quest to prevent the Ruling Ring from falling into the hands of the Dark Lord by destroying it in the Cracks of Doom. They have lost the wizard, Gandalf, in a battle in the Mines of Moria. And Boromir, seduced by the power of the Ring, tried to seize it by force. While Frodo and Sam made their escape, the rest of the company was attacked by Orcs. Now they continue the journey alone down the great River Anduin—alone, that is, save for the mysterious creeping figure that follows wherever they go. This continues the classic tale begun in The Fellowship of the Ring, which reaches its awesome climax in The Return of the King.","The Two Towers has become one of my favorite literary works. The Fellowship of the Rings left the reader hanging, but this novel builds more anticipation than the first. All I can say is I am glad I already own the Return of the King, so I can begin reading it immediately. I have read other fantasy novels and there is something about Tolkien's work that isn't in other novels. I think it is emotion. I can feel the sadness felt be Gimli when he leaves Lorien. When Aragorn is on the hill in Lorien and it reads, he never came there again as a living man, I am saddened. In the Two Towers, I can feel the emotions of Sam at Cirith Ungol. I guess that is the difference between Tolkien and other fantasy authors. An author can write a great novel, but it may only stimulate anticipation and excitement. Tolkien creates anticipation and excitement while stimulating other emotions.What Happens. It begins at the Rauros. With Sam and Frodo gone, the remaining members of the fellowship seek those taken captive. The pursuers reach Rohan in time of peril and find one they do not expect. They ride with Theoden and Eomer to Helm's Deep to make battle with Sauraman's Orcs. Wormtongue deals a heavy loss to his master. Book four begins with Smeagol joining Sam and Frodo. They journey first to the black gates and then to Cirith Ungol. They meet Faramir along the way, but he does not detour them.Tolkien is the best fantasy author I have read. I encourage you to purchase this book if you liked the movie, because if you read it once, you will probably read it again."
Good to Great,['Jim Collins'],['Business & Economics'],"The Challenge Built to Last, the defining management study of the nineties, showed how great companies triumph over time and how long-term sustained performance can be engineered into the DNA of an enterprise from the verybeginning. But what about the company that is not born with great DNA? How can good companies, mediocre companies, even bad companies achieve enduring greatness? The Study For years, this question preyed on the mind of Jim Collins. Are there companies that defy gravity and convert long-term mediocrity or worse into long-term superiority? And if so, what are the universal distinguishing characteristics that cause a company to go from good to great? The Standards Using tough benchmarks, Collins and his research team identified a set of elite companies that made the leap to great results and sustained those results for at least fifteen years. How great? After the leap, the good-to-great companies generated cumulative stock returns that beat the general stock market by an average of seven times in fifteen years, better than twice the results delivered by a composite index of the world's greatest companies, including Coca-Cola, Intel, General Electric, and Merck. The Comparisons The research team contrasted the good-to-great companies with a carefully selected set of comparison companies that failed to make the leap from good to great. What was different? Why did one set of companies become truly great performers while the other set remained only good? Over five years, the team analyzed the histories of all twenty-eight companies in the study. After sifting through mountains of data and thousands of pages of interviews, Collins and his crew discovered the key determinants of greatness -- why some companies make the leap and others don't. The Findings The findings of the Good to Great study will surprise many readers and shed light on virtually every area of management strategy and practice. The findings include: Level 5 Leaders: The research team was shocked to discover the type of leadership required to achieve greatness. The Hedgehog Concept (Simplicity within the Three Circles): To go from good to great requires transcending the curse of competence. A Culture of Discipline: When you combine a culture of discipline with an ethic of entrepreneurship, you get the magical alchemy of great results. Technology Accelerators: Good-to-great companies think differently about the role of technology. The Flywheel and the Doom Loop: Those who launch radical change programs and wrenching restructurings will almost certainly fail to make the leap. “Some of the key concepts discerned in the study,” comments Jim Collins, ""fly in the face of our modern business culture and will, quite frankly, upset some people.” Perhaps, but who can afford to ignore these findings?","I was inspired, for awhile. Actually, many valuable concepts remain with me to this day. One concept: If your company is doing too much narrow your focus to what you are passionate about and it will drive you to great success... Simple. Caveat: Eventually after reading you may become frustrated in an endless cycle of good with great out of reach when you realize your ""Stop doing list"" doesn't really work since your ""To do list"" continues to grow. Perhaps Good to Great can work if a company really embraces the principles and puts them into action, at least the research shows this to be the case."
Painted Bird,['Jerzy Kosinski'],['Fiction'],"The classic novel of a boy’s struggle for survival in WWII Poland, from the National Book Award–winning author of Steps and Being There. “In 1939, a six-year-old boy is sent by his anti-Nazi parents to a remote village in Poland where they believe he will be safe. Things happen, however, and the boy is left to roam the Polish countryside. . . . To the blond, blue-eyed peasants in this part of the country, the swarthy, dark-eyed boy who speaks the dialect of the educated class is either Jew, gypsy, vampire, or devil. They fear him and they fear what the Germans will do to them if he is found among them. So he must keep moving. In doing so, over a period of years, he observes every conceivable variation on the theme of horror” (Kirkus Reviews). Originally published in 1965, The Painted Bird established Jerzy Kosinski as a major literary figure. With sparse prose and vivid imagery, it is a story of mythic proportion and timeless human relevance. “One of the best . . . Written with deep sincerity and sensitivity.” —Elie Wiesel, The New York Times Book Review “Of all the remarkable fiction that emerged from World Wat II, nothing stands higher than Jerzy Kosinski’s The Painted Bird. A magnificent work of art, and a celebration of the individual will. No one who reads it will forget it; no one who reads it will be unmoved by it. The Painted Bird enriches our literature and our lives.” —Jonathan Yardley, The Miami Herald “Extraordinary . . . Literally staggering . . . One of the most powerful books I have ever read.” —Richard Kluger, Harper’s Magazine “One of our most significant writers.” —Newsweek","This book is definitely not for the faint of heart in its portrayal of the brutality of a world at war. The disturbing images paint a dark portrait of humanity as an unnamed boy drifts from village to village in Eastern Europe. From backwater superstitions to the persecution of anyone different, this boy witnesses some of the most horrible atrocities, which transform him body and soul. It is an incredible portrayal of life in the remote villages of Eastern Europe while the war wages in the distance. While I wouldn't recommend it to many people due to its graphicness, I would insist that it be treated as a classic piece of literature and a poignant study of (in)humanity."
"Rich Dad, Poor Dad",['Sharon L. Lechter'],['Business & Economics'],"Argues that a good education and a secure job are not guarantees for financial success, and describes six guidelines for making money work for you","A few years back I would have most likely NOT read this book. Raised not to talk about money and then later in life finding myself seated towards the 'intellectual' end of the table I was foolishly somewhat of a money snob. I guess too that the smugly grinning Kiyosaki in his Christmas jumper or the pic. of Kiyosaki and wife astride white horses (Japanese cover) also did nothing to inspire my confidence or to hint at what greatness lay beneath the cheesy dust-jacket. Thankfully I am over that and ready to receive.I'd like to quote two points from the book that illustrate that period well -""Too many people think with their mouth instead of listening to absorb new ideas and possibilities, they argue instead of asking questions""...""'Intelligence' combined with 'arrogance' equals 'ignorance'""...The above maxims give you a flavour of what you will get between the covers. Rather than obvious PMA or thin motivational speeches what you will find is an insightful, illuminating, engaging, stimulating and though-provoking book (or at least you should). In many ways what Kiyosaki is presenting us with here is a rather improbable melange of schools of thought, a neo-confucian mindset coupled with a hard-core capitalist. A blend which creates a dynamic and practical to get yourself out of the 'rat-race' and onto the 'fast-track'. Packed with very real examples and step-by-step guidance Kiyosaki presents his thesis in a language that will exclude no one. The quandary then is if you choose to hear him or not. As he says ""All of you were given two great gifts: your mind and your time. It is up to you to do what you please with both. With each dollar bill that enters your hand, you and only you have the power to determine your destiny. Spend it foolishly and you choose to be poor. Spend it on liabilities, you join the middle class... Every day with every dollar, you decide to be rich poor or middle class"" - wise words indeed!As a footnote it's worth noting two things, if you sift through the one or two star reviews above in many ways they are more illuminating than the higher orders, and it is those that really show the difference between the 'have-nots (read; don't want) and 'haves' (read; wants). Those one and two star reviews really reflect back a good deal of what Kiyosaki talks about. The second point is that as with any work of this nature it needs reading and understanding in the widest possible context. One of the only ways you can do this and fully appraise what the author advises is toi) read a number of other related books.ii) put into practice what the book advises.Thank you."
Random House Pro Baseball Dictionary,['Stephen Weinstein'],['Sports & Recreation'],"From the legends to the latest--quick stats and bios for more than 1,400 baseball players, coaches, and managers--in fact everything a fan might want to know about professional major league baseball in a handy, easy-to-use vest-pocket reference. Includes statistics through the 1993 World Series.","This is a great pocketsized baseball reference, with over 1,oo players listed. It gives a short biography for every player and his stats"
The Andromeda Strain,['Michael Crichton'],['Fiction'],"From the author of Jurassic Park, Timeline, and Sphere comes a captivating thriller about a deadly extraterrestrial microorganism, which threatens to annihilate human life. Five prominent biophysicists have warned the United States government that sterilization procedures for returning space probes may be inadequate to guarantee uncontaminated re-entry to the atmosphere. Two years later, a probe satellite falls to the earth and lands in a desolate region of northeastern Arizona. Nearby, in the town of Piedmont, bodies lie heaped and flung across the ground, faces locked in frozen surprise. What could cause such shock and fear? The terror has begun, and there is no telling where it will end.",This was a very good book. My favorite part was when they were exploring the town. I recommend this book to everyone.
Animal Farm 50TH Anniversary Edition,['George Orwell'],['Fiction'],A satire on totalitarianism in which farm animals overthrow their human owner and set up their own government,"Some books that are labeled classics shouldn`t be. Such as the terrible &quot;Lord of The Flies&quot;, and this book &quot;Animal Farm&quot;. I thought the concept of this novel sounded very unique and original, but it ended up sounding like a children`s novel. The story of animals taking over the human race, talking, working and acting like humans crossed the line betweem ingenius and ridiculous. I see how Orwell tried to express his message across about how human civilization could be taken over, but he didn`t express it very well in this over-rate and downright silly book."
Creative Visualization for Beginners,['Richard Webster'],"['Body, Mind & Spirit']","You have the ability to visualize success and manifest each one of your hopes and dreams. A natural capacity of the human mind, creative visualization helps millions of people achieve their goals. Creative visualization will empower you to make positive, lasting changes in your own life. Award-winning author Richard Webster presents an effective system for making your dreams come true, including methods for handling difficulties along the way. Try a variety of simple activities and easy-to-follow techniques to: Improve your health Build rewarding relationships Advance your career and earn more money Supercharge your creativity Nurture and restore your soul","This book is truly another masterpiece by the master himself, Richard Webster! I have begun reading this book since the day it came out and now, after finishing it, I feel like I have always denied myself of something that I could have used to make my life easier and better. If I would have known about Creative Visualization in my teens, then I know I would have all my dreams realized by now in my 20's. Creative Visualization is something everyone can do and apply it into their everyday life to help realize their dreams and goals! Many fun-filled excercises are included in this book to practice Creative Visualization. As with any Richard Webster book, you will certainly enjoy this one and will not be disappointed!"
Harry Potter and The Sorcerer's Stone,['J. K. Rowling'],['Juvenile Fiction'],"Celebrate 20 years of Harry Potter magic! Harry Potter has never even heard of Hogwarts when the letters start dropping on the doormat at number four, Privet Drive. Addressed in green ink on yellowish parchment with a purple seal, they are swiftly confiscated by his grisly aunt and uncle. Then, on Harry's eleventh birthday, a great beetle-eyed giant of a man called Rubeus Hagrid bursts in with some astonishing news: Harry Potter is a wizard, and he has a place at Hogwarts School of Witchcraft and Wizardry. An incredible adventure is about to begin!These new editions of the classic and internationally bestselling, multi-award-winning series feature instantly pick-up-able new jackets by Jonny Duddle, with huge child appeal, to bring Harry Potter to the next generation of readers. It's time to PASS THE MAGIC ON ...",As iwas reading this book to my brother i suprised to descover my self [sinking]in to it more and more . j k rolling prseants a very adventrous and magical book that shows us that we all still bealive in magics.
Making Greeting Cards with Rubber Stamps,['MaryJo McGraw'],['Crafts & Hobbies'],"Here are hundreds of quick, creative, stamp-happy ways to make extra-special cards. The book includes 30 easy-to-follow, step-by-step projects in a range of styles for holidays, thank-yous, birthdays and other occasions. 231 color illustrations.",I've learned alot from this book. This was the first book I bought when I got into rubber stamping. I truly recommend this to anyone who really enjoys rubber stamping. The book comes with me when ever I travel. I bring it out alot when holidays and b-days come along for some ideas I can combine with a card to make.
Ulysses,"['James Augustine Aloysius Joyce', 'John Vandenbergh (pseud. van Jan Hendrik Willem Schlamilch.)']",,"Beschrijving van achttien episoden van één dag uit het leven van een Joodse advertentiecolporteur in Dublin in het jaar 1904, waarbij schr. zich spiegelt aan de ""Odyssee"" van Homerus.","firdt off, college english professors, don't bombard me with hate mail (again) because I thought it was just okay, (my own give me that enough). this was an enjoyable read, but that does not make it great. Nor does the fact that it took him seven years to write or was not in ireland at the time, that is impressive, but the book is not. I am not just an uncultured blockhead, I love Joyce, Hemmingway, etc. but this book was not as good as his others. it is bland and pointless. yes he went through a lot to write this, but it took quite a lot to make star wars episode I, case closed"
For Women Only: What You Need to Know about the Inner Lives of Men,['Shaunti Feldhahn'],['Religion'],"What bestselling author Feldhahn's research reveals about the inner lives of men will open women's eyes to what the men in their lives--boyfriends, brothers, husbands, and sons--are ""really"" thinking and feeling.","The main reason why I read this book was to see what conclusions it had and whether i'd get anything out of it. Frankly, I didn't. What annoyed me the most, was the way the data was represented. The research was frankly pretty bad. I know she's not a psychologist, relationship therapist, etc but come on! What made me laugh was when she said that at one section she surveyed 10 MEN! Seriously? Also, I couldn't help but think that the data was heavily manipulated and very biased. There wasn't even a lot of cross - referencing to substantiate her claims.The chapter on romance made actually made my blood boil when talking about sex and romance. One man supposedly said that romance should always lead to sex, and it's only because of social and moral restraints that it doesn't happpen. Wait a minute! Do you mean consensual sex or rape? That just infuriated me.Surprisingly, I did kind of get the chapter on looks. However, what I did find surprising was the amount of men who admit to full - on fantasising about another whoman. Sorry, I just don't get it.Throughout the whole book, what really annoyed me was the chapters constanly barraged women about what to do and what not to do, then at the end of the chapter, saying things like ""we don't want to put more pressure on women"" (I don't think the quote's exactly right, sorry). Mind you, this was AFTER they constantly barraged women with constant criticism about everything women are doing wrong to their husbands. And, referring to another review, I agree that the ""groundbreaking research"" comment on the back of the book was a serious overstatement."
The Matarese Circle,['Robert Ludlum'],['Fiction'],"Originally published: 1979 and subsequently published in paperback by Bantam Books, 1980.","This is the story of two men who must stop the Matarese. The Matarese are the most dangerous violent organization in the world but the most unknown. Their goal is for world domination through chaos. The two men are experts - the best in the world at their chosen profession. They work in intelligence for their respective governments and through an unlikely turn of events they are forced to work together. The story sees them visiting Corsica, Russia, Britain and America on their quest. They are followed every step of the way by the Matarese. But is it too late?"
A confederacy of dunces,['John Kennedy Toole'],['Fiction'],"One of the BBC's '100 Novels That Shaped Our World' 'My favourite book of all time... it stays with you long after you have read it - for your whole life, in fact' Billy Connolly A monument to sloth, rant and contempt, a behemoth of fat, flatulence and furious suspicion of anything modern - this is Ignatius J. Reilly of New Orleans, noble crusader against a world of dunces. The ordinary folk of New Orleans seem to think he is unhinged. Ignatius ignores them, heaving his vast bulk through the city's fleshpots in a noble crusade against vice, modernity and ignorance. But his momma has a nasty surprise in store for him: Ignatius must get a job. Undaunted, he uses his new-found employment to further his mission - and now he has a pirate costume and a hot-dog cart to do it with... Never published during his lifetime, John Kennedy Toole's hilarious satire, A Confederacy of Dunces is a Don Quixote for the modern age, and this Penguin Modern Classics edition includes a foreword by Walker Percy. 'A pungent work of slapstick, satire and intellectual incongruities ... it is nothing less than a grand comic fugue' The New York Times","This book presents the story of a slovenly but educated young man living in New Orleans, suffering the slings and arrows of a world that doesn't understand his superior intellect. He abuses his mother and any other poor soul that crosses his path. In his travels he interacts with a cast of characters that shows us how much he can twist simple expectations of him into assaults on his distorted view of the world and gastric health.John Kennedy Toole put together a brilliant book bringing characters to life in a way you can see and hear them. Some may find his characters negative stereotypes and possibly offensive; I believe these are just characters in a farce and don't represent his feeling of their race or sexual orientation.New Orleans plays a significant part as a setting for the book, it is timely to read it and consider another view of this city and its cultural diversity we may lose.It is also fun to imagine this as a film. From my first reading many years ago, I have mentally cast many actors in this as a film. Think of John Candy as Ignatius. And as his girl friend and foil Gilda Radnor.This book is not to miss, it is a hilarious diversion."
Narrative of the Life of Frederick Douglass,['FREDERICK DOUGLASS'],['Biography & Autobiography'],"Narrative of the Life of Frederick Douglass First published in 1845, Narrative of the Life of Frederick Douglass is an eye-opening depiction of American slavery. Part autobiography, part human-rights treatise, it describes the everyday horrors inflicted on captive laborers, as well as the strength and courage needed to survive. Narrative of the Life of Frederick Douglass Born into slavery on a Maryland plantation in 1818, Frederick Douglass spent years secretly teaching himself to read and write—a crime for which he risked life and limb. After two failed escapes, Douglass finally, blessedly boarded a train in 1838 that would eventually lead him to New York City and freedom. Narrative of the Life of Frederick Douglass Few books have done more to change America’s notion of African Americans than this seminal work. Beyond its historical and social relevancy, it is admired today for its gripping stories, the intensity of spirit, and heartfelt humanity. Narrative of the Life of Frederick Douglass This ebook has been professionally proofread to ensure accuracy and readability on all devices. Narrative of the Life of Frederick Douglass Born into a life of bondage, Frederick Douglass secretly taught himself to read and write. It was a crime punishable by death, but it resulted in one of the most eloquent indictments of slavery ever recorded. His gripping narrative takes us into the fields, cabins, and manors of pre–Civil War plantations in the South and reveals the daily terrors he suffered. Narrative of the Life of Frederick Douglass Written more than a century and a half ago by a Black man who went on to become a famous orator, U.S. minister to Haiti, and leader of his people, this timeless classic still speaks directly to our age. It is a record of savagery and inhumanity that goes far to explain why America still suffers from the great injustices of the past. Narrative of the Life of Frederick Douglass",I downloaded a copy of this book to my ipad mini because I wanted an electronic copy to go with my hard copy. I am excited that I have this book in two forms and I look forward to future kindle book purchases.
MCSE : Windows 95 Study Guide,"['Lance Mortensen', 'Rick Sawtell']",['Computers'],Implementing and Supporting Microsoft Windows 95 can be taken as one of the four core requirements for the MCSE certification. The test can also be taken for MCPS certification. This bestselling study guide includes a test-simulation program on CD-ROM which allows candidates to practice the exam on their computer.,"This book has some very good value. Besides the spelling and grammar errors, there were few shortcomings to speak of. The book gives you good sight into Windows 95, but not enough. I recommend that you do not rely on this resource 100% for your exam. Get other forms of information in addition to this. If you're on the MCSE quest to only get enough info to pass the tests, this book is NOT for you. If you are interested in learning the basics and fundamentals of the OS and getting some information to build on to prepare for the exam, then this book IS for you."
THE CATCHER IN THE RYE,['J.D. Salinger'],['Fiction'],"Anyone who has read J. D. Salinger's New Yorker stories - particularly A Perfect Day for Bananafish, Uncle Wiggily in Connecticut, The Laughing Man, and For Esme - With Love and Squalor, will not be surprised by the fact that his first novel is full of children. The hero-narrator of The Catcher in the Rye is an ancient child of sixteen, a native New Yorker named Holden Caulfield. Through circumstances that tend to preclude adult, secondhand description, he leaves his prep school in Pennsylvania and goes underground in New York City for three days. The boy himself is at once too simple and too complex for us to make any final comment about him or his story. Perhaps the safest thing we can say about Holden is that he was born in the world not just strongly attracted to beauty but, almost, hopelessly impaled on it. There are many voices in this novel: children's voices, adult voices, underground voices-but Holden's voice is the most eloquent of all. Transcending his own vernacular, yet remaining marvelously faithful to it, he issues a perfectly articulated cry of mixed pain and pleasure. However, like most lovers and clowns and poets of the higher orders, he keeps most of the pain to, and for, himself. The pleasure he gives away, or sets aside, with all his heart. It is there for the reader who can handle it to keep.",I ordered the book for a very good price. It came promptly and was in the condition expected.
"Pretties (Uglies Trilogy, Book 2)",['Scott Westerfeld'],['Juvenile Fiction'],Scott Westerfeld's bestselling Uglies series in a collectible paperback boxed-set!,"Pretties continues the story Scott Westerfeld started in Uglies. Set in a dystopic future where everyone gets an operation at age sixteen to make one pretty, teenaged Tally is learning that everything may not be as peaceful as it seems.When last we left Tally, she and her friend Shay had attempted to evade the authorities and protect the secret location of the Smoke, a settlement where people who refuse the surgery could find refuge. Pretties opens with Tally and her buddies getting ready for a party. They are extremely happy and ""bubbly,"" all Pretties now, condoning conformity rather than condemning it. How and why did this happen? Readers may be surprised.Readers who cheered for Tally in Uglies will continue to do so in Pretties. She is sharper in this story than in the previous tale. In fact, ""sharper"" may be taken literally when she discovers a painful way to reclaim her wits.Tally must decide whether or not to follow through on the promises and bargains she has made. Not every decision is an easy one, and none of friends will make it through this journey unscathed.Trilogies often sag in the middle, producing a second book which is not quite as good as the first and not as important as the last. Such is not the case here. Pretties is more than a mere second step. It is just as fast-paced as Uglies and perhaps even more thought-provoking. It is followed up excellently with Specials, the final book in the trilogy."
Pride and Prejudice,['Jane Austen'],['Fiction'],"In early nineteenth-century England, a spirited young woman copes with the suit of a snobbish gentleman, as well as the romantic entanglements of her four sisters.",cannot wait for the sequel to this book. the sequel was apparently written by PD James and is on my list of books to purchase.
"Civil Procedure - Cases and Materials (American Casebook Series), Second Ed ition","['A. Leo Levin', 'Philip Shuchman', 'Charles M. Yablon']",['Law'],This casebook covers major aspects of civil procedure. The author makes extensive use of empirical materials to illustrate the impact of procedural rules on actual cases. It is a broadly focused look at civil procedure including both state and federal practice.,"Let's face it, Civ Pro is no picinic, but the notes will help you navigate the maze. They're worth reading."
"A Wizard of Earthsea (The Earthsea Cycle, Book 1)",['Ursula K. Le Guin'],['Juvenile Fiction'],A boy grows to manhood while attempting to subdue the evil he unleashed on the world as an apprentice to the Master Wizard.,"I seem to be one of the few people who hated this book. I can see how it would make a half-way entertaining children's book, the kind that third graders are forced to read for school, but I can't understand what all the adult reviewers see in A Wizard of Earthsea. There are a hundred things that annoyed me about this book- I'll list a few.1) The names. It seems like a minor thing, but GED?!? I felt sick having to read that name a million times, over and over and over. Earthsea? Wow, imaginative! Not really. All the names of the islands on the little map provided seemed to be random combinations of letters, barely pronouncable and utterly meaningless. I'm not even sure why the islands were named, since only a very few of them are mentioned.2) The language. There actually are places with good description- but very, very few of them... Most of the language that Le Guin uses is dull and boring. Even though the shadow is a main part of the book, she couldn't be bothered to find a single synonym. The result is that the word ""Shadow"" is used, on average, about once per page. And these are tiny pages with big writing. Sometimes even if a plot is horrible, I can read and enjoy the book anyway because the descriptions used are interesting and I like the wording used. Not so in this book.3) The characters. Ged is the only character who has any depth whatsoever, and what personality he has is trite and cliched. The other people in the book seem to be there just to move the plot along, without any real effort to make them worthwhile or original.4) The storyline. As a few other people mentioned, the story just hops around. One second Ged is four, then in the next paragraph he's thirteen. You can't skip reading a single word if you want to have any clue as to what is going on, because in just a single sentence, the plot will shift hugely and the reader will be left confused. I was, anyway. Even a seven year old should be able to predict the end right from the beginning- there are no surprises to this book, besides the conspicous lack of attention to details and the poor writing. Another thought for you to consider- since the ending is so completely obvious to just about everyone, is it really necessary to use foreshadowing to ""tempt"" us toward the conclusion?5)Problem-solving. How does Ged solve every problem that he faces? With magic, of course. Magic that we never see him learn. It always does seem convenient to have a main character who is a wizard, because it's no longer necessary to actually figure out how things get solved- just write ""Ged waved his hand a bit and all the bad things went away.""6) Useless information packed into the corners. It's often good to have information about the character aside from what is absolutely required to keep the story going. In this case, the author WAY overdoes this. Example: He finds an otak somewhere, who then follows him around. Nevermind that it was specifically mentioned that otaks DON'T like people. But it did anyway, because Le Guin wanted Ged to have some worthless, helpless little creature randomly decide to follow him around so it could lick his face later on in the book and wake him up, even though there was no reason for a lick to have done that.Overall, I say read this book if you want to, since a ton of people seemed to like it, but my personal opinion is that it is one of the most pointless books I have ever read."
As a man thinketh,"['Associate Professor of Philosophy James Allen', 'James Allen']",['Self-Help'],"Complete Brand New Edition - As a Man Thinketh -By James Allen. James Allen (28 November 1864 – 24 January 1912) was a British philosophical writer known for his inspirational books and poetry and as a pioneer of the self-help movement. As a Man Thinketh is a literary essay which has been mass-produced since its publication in 1902. It has been a source of inspiration to motivational and self-help authors.The title is influenced by a verse in the Bible from the Book of Proverbs, chapter 23, verse 7: “As a man thinketh in his heart, so is he.” While the passage suggests that one should consider the true motivations of a person who is being uncharacteristically generous before accepting his generosity, the title and content of Allen's work refer to the reader himself.This book, written in terms of the responsibility assumption, opens with the statement: Mind is the Master power that moulds and makes, And Man is Mind, and evermore he takes The tool of Thought, and, shaping what he wills, Brings forth a thousand joys, a thousand ills: He thinks in secret, and it comes to pass: Environment is but his looking-glass.","I purchased my Kindle version in 2010, and couldn't find the original product page, so this review speaks to the content of the version I read, not this particular edition.I know that this book is famous many times over, and so it feels a bit strange to give fewer stars than the hundreds of other people who rated it higher. Nonetheless, I do. I just don't think this is a 4 or 5 star book for its kind.There are many good statements in the work that are obviously true, but there are also more than a few statements and claims that are obviously just not true. I suppose if you paraphrased his words a LOT and said ""Well, he really meant something like X, and the spirit of X is true, so his words are true."" But then, you wouldn't be using his words, would you.All in all, it's a book worth reading, but for a higher star experience, I recommend you look elsewhere (egFranklin's Autobiography (Eclectic English Classics)orA Guide to the Good Life: The Ancient Art of Stoic Joy, or another book from my reviews)."
Castles: Their Construction and History (Dover Architecture),['Sidney Toy'],['Architecture'],"Concise, scholarly survey traces castle development from ancient roots. Nearly 200 photographs and drawings illustrate moats, keeps, baileys, and many other features. Caernarvon Castle, Dover Castle, Hadrian's Wall, Tower of London, and more. 199 black-and-white illustrations.","Castles: Their Construction and History by Sidney Toy gives details and floor-plans of many castle. Well written, with many illustrations, very useful for student of castle details. Recommended."
A Cry in the Night,['Mary Higgins Clark'],['Fiction'],"Divorcee Jenny MacPartland's struggle to support herself and her two small daughters is not helped by her irresponsible ex-husband. But suddenly a new man steps into her life. Rich, handsome Erich Krueger sweeps her off her feet and off to his mansion in the country.",Looove! E' sicuramente il suo romanzo migliore. L'intreccio e l'acume psicologico sviluppati nel libro impediscono a noi lettori di distogliere lo sguardo ed il pensiero dal libro. Una vera maestra! Chiunque abbia un minimo di coraggio ha l'obbligo di leggerlo! A tutti: buona lettura!
Children of the Storm: Complete & Unabridged,['Elizabeth Peters'],['Fiction'],"Once again, the New York Times bestselling author of the Amelia Peabody novels “kicks up a desert storm.”—People The “grande dame of historical mystery” (Washington Post) is back with a thrilling new tale featuring America’s favorite archaeologist turned sleuth. At last the Great War is over. Amelia Peabody, her distinguished Egyptologist husband Emerson, and their extended family are preparing for another season of excavation in Egypt. To everyone’s great joy, their son, Ramses, and his wife, Nefret, have become parents. Amelia, enjoying the role of fond (yet firm) grandmother, hopes that for once this will be a quiet year with Ramses no longer undertaking perilous missions for British intelligence and no old enemies on their trail. Yet the hazards of the past will be overshadowed by new danger and a new adversary—unlike anything Amelia’s ever encountered—who will pursue her in a battle that puts innocent young lives at stake.","Amelia and company all together again is simply a joy! I tried to take it slow to savor, but the story was too good, the twists too quick and unexpected to read slowly. Loved the twist about Sethos' name, too!Now I'll have to go back through for the details; or better yet, get the audio when it comes out. I can hardly wait until the next one. Please!?"
Wuthering Heights,['Emily Bronte'],,"Wuthering Heights is the name of Mr. HeathcliffÕs dwelling. ÔWutheringÕ being a significant provincial adjective, descriptive of the atmospheric tumult to which its station is exposed in stormy weather. Pure, bracing ventilation they must have up there at all times, indeed: one may guess the power of the north wind blowing over the edge, by the excessive slant of a few stunted firs at the end of the house; and by a range of gaunt thorns all stretching their limbs one way, as if craving alms of the sun. Happily, the architect had foresight to build it strong: the narrow windows are deeply set in the wall, and the corners defended with large jutting stones. Before passing the threshold, I paused to admire a quantity of grotesque carving lavished over the front, and especially about the principal door; above which, among a wilderness of crumbling griffins and shameless little boys, I detected the date Ô1500,Õ and the name ÔHareton Earnshaw.Õ I would have made a few comments, and requested a short history of the place from the surly owner; but his attitude at the door appeared to demand my speedy entrance, or complete departure, and I had no desire to aggravate his impatience previous to inspecting the penetralium. One stop brought us into the family sitting-room, without any introductory lobby or passage: they call it here Ôthe houseÕ pre-eminently. It includes kitchen and parlour, generally; but I believe at Wuthering Heights the kitchen is forced to retreat altogether into another quarter: at least I distinguished a chatter of tongues, and a clatter of culinary utensils, deep within; and I observed no signs of roasting, boiling, or baking, about the huge fireplace; nor any glitter of copper saucepans and tin cullenders on the walls. One end, indeed, reflected splendidly both light and heat from ranks of immense pewter dishes, interspersed with silver jugs and tankards, towering row after row, on a vast oak dresser, to the very roof. The latter had never been under-drawn: its entire anatomy lay bare to an inquiring eye, except where a frame of wood laden with oatcakes and clusters of legs of beef, mutton, and ham, concealed it. Above the chimney were sundry villainous old guns, and a couple of horse-pistols: and, by way of ornament, three gaudily-painted canisters disposed along its ledge. The floor was of smooth, white stone; the chairs, high-backed, primitive structures, painted green: one or two heavy black ones lurking in the shade. In an arch under the dresser reposed a huge, liver-coloured bitch pointer, surrounded by a swarm of squealing puppies; and other dogs haunted other recesses.","This Bantam Classics paperback edition of Wuthering Heights has many typographical errors in it, such as ""Cathering"".This novel astounds me. Although it is well-written, what could have prompted the young author to write such a demented tale? And my biggest peeve is that the main character, Nelly Dean, never once considered leaving the insanity, and she did not seem to ever think that there was anything seriously wrong with their little ""world"" between the Grange & the Heights. I agree completely with the review by Monika on 1/25/04. The characters are weakly written so that I did not feel attachment to or pity for any of them, and their actions did not make much sense."
Japanese for Busy People III: CDs (Japanese for Busy People Series) (Pt.3),['AJALT'],['Foreign Language Study'],"Volume I dealt with ""survival Japanese"" for tourists and other short-term travelers and newcomers to Japan. Volume II, meanwhile, turns to the basics of Japanese syntax. The book is by no means only about grammar, however. Rather, it is designed to help learners consolidate their understanding of syntactical structure through lessons that focus on how to talk about topics relevant to daily life. In addition to serving learners continuing from Volume I, Volume II will benefit those who have already studied beginning Japanese to some extent but wish to brush up on syntax. Major Features of Japanese for Busy People II, Revised 3rd Edition Japanese for Busy People II, Revised 3rd Edition will enable learners to progress smoothly through the equivalent of the latter half of a typical first-year Japanese course while gradually building speaking and listening skills. Learners approaching mid-beginner status often find themselves suddenly faced with syntax and vocabulary much more complex than what they have studied before. Such grammar and vocabulary do not appear as frequently in everyday conversation as those words and structures they have learned up to this point, necessitating that they spend ample time on review. Moreover, learners at this stage are expected to become familiar with verb tense and aspect, time expressions, conditional clauses, and other topics that require them to have a solid grasp of context and speaker intent if they are to fully understand the differences in meaning conveyed by each. Such points cannot be mastered by reading through grammatical explanations alone. In short, the mid-beginner level is a difficult one for many adult learners who, unlike students in school, have neither time nor opportunities to take repeated tests or to otherwise gauge their progress. Japanese for Busy People II, Revised 3rd Edition helps overcome the above obstacles through grammar and content topics carefully selected to be appropriate to learners at this level of Japanese proficiency. The book is designed so that by practicing talking about each topic, learners will gradually and effectively acquire sentence patterns and vocabulary related to that topic. Like Volume I, Volume II is organized into several large units, each covering topics grouped under a particular theme. In this way, the book enables learners to achieve a well-balanced understanding of grammar, sentence structure, and context. Themes and lesson objectives of the five units in Volume II are as follows. Unit 1: Souvenir Shopping Following up on Volume I, Unit 1 presents survival Japanese related to shopping, thus providing learners with a thorough review of simple clauses. The unit also goes beyond what was covered in Volume I by showing ways of asking someone’s opinion while shopping, making comparisons between items, and describing an item’s characteristics. The overall theme is ""picking souvenirs,"" a subject that should be relevant to learners both in Japan and abroad. The verbal skills and dialogue patterns studied here may be applied not only to shopping but also more broadly to any situation that involves choosing between options. Unit 2: Building Rapport with Colleagues This unit introduces the plain forms of verbs — a crucial component of Japanese compound sentences — along with several sentence-final elements that make use of these forms. Topics are selected from among those that typically come up when interacting with people from work. Covered are constructions for indicating interest in another’s actions, inviting someone to do something outside of work, asking for help or offering advice, and otherwise interacting with people in ways that help build relationships of trust and understanding. Unit 3: Returning to Japan for Work This unit explains how to build sentences using temporal clauses, direct and indirect quotation, and attributive modifiers. Through talking about factual events in one’s life history or in that of a particular neighborhood, learners will study how to relate an event in chronological sequence, compare the way something is now to how it was in the past, and describe facilities and other things around them. Unit 4: Planning a Vacation Along with sentences with clauses for stating reasons or reporting questions, this unit covers sentence-final elements used to express indefiniteness, for example wish or probability. Topics deal with verbal skills necessary for planning and carrying out activities in cooperation with others, including explaining reasons or circumstances, expressing probability, and indicating desire. The overall theme is that of planning and going on a trip to a unique place in Japan. Unit 5: Solving Problems The focus of this unit is on forming conditional clauses. Topics include preparing for earthquakes or other disasters, discussing dreams for the future, solving problems, helping someone who is lost, and other situations that call on learners to talk about what might happen in the future, discuss options for solving problems, and give instructions or explain steps for doing something.","This product comes in a double size CD case with 3 CD's (a,b and c) and a 2-page sleeve containing helpful info addressed 'to the student' and 'to the teacher' that emphasises the importance of learning the opening dialogues and following rythmn, pitch and intonation closely.Recordings are very clear as they are all studio recorded and are read by professional male and female native speakers at normal or just under normal speed.The CD's give hours of practice as each of the 20 lessons has recordings of their-opening dialogues-key sentences-practice exercises and-short dialogues.This is very comprehensive and therfore I think this product is invaluable and worth the extra cost as you can then practice reading and listening together. I find I now get a lot more exposure to the book as the tracks are played on my mp3 and in the car. I also enjoy the added dimension of the CD's occasional ambient effects that help place some of the conversations in a coffe shop or elsewhere as given in the book.The only minor issue I had untill I got used to it was that the foreign characters' voices continued to be voiced by the native Japanese speaking actors rather than foreign actors, which was initially distracting in native/foreign character exchanges.The CD's then are well made and an important compliment to the book."
"Red Sector (Star Trek The Next Generation: Double Helix, Book 3)",['Diane Carey'],['Fiction'],"Like the biological weapons they employ, a sinister conspiracy has spread across the Delta Quadrant and across many years of Starfleet History. Now the mysterious menace surfaces again -- to strike at the heart of the Romulan Empire. An artificial virus has infected the entire Romulan ruling family. Ambassador Spock must put aside his efforts at unification to summon his old friend, Dr. Leonard McCoy, who discovers that the only hope for a cure lies with a long lost Romulan heir whose blood and tissues have not been contaminated by the virus. But can the heir be found before the collapse of a ruling dynasty throws the entire Empire into chaos?","Red Sector is a fantastic book. It's very refreshing having a book that concentrates almost primarily on a non main character in John Eric Stiles. The character is extremely well thought out and written. The author nailed Spock and a hundred and thirty something Dr. McCoy perfectly. I'm dying to find out who the voice is at this point. Hopefully the next three in the Double Helix series will be as good as this one and the other two. Thank you very much to Diane Carey for an excellent book, even if I don't understand all those sailing terms your books are replete with."
Gosta Berling's Saga,['Selma Lagerlof'],['Fiction'],"The first new English translation in more than one hundred years of the Swedish Gone with the Wind A Penguin Classic In 1909, Selma Lagerlöf became the first woman to win the Nobel Prize in Literature. The Saga of Gösta Berling is her first and best-loved novel—and the basis for the 1924 silent film of the same name that launched Greta Garbo into stardom. A defrocked minister, Gösta Berling finds a home at Ekeby, an ironworks estate that also houses and assortment of eccentric veterans of the Napoleanic Wars. His defiant and poetic spirit proves magnetic to a string of women, who fall under his spell in this sweeping historical epic set against the backdrop of the magnificent wintry beauty of rural Sweden. For more than seventy years, Penguin has been the leading publisher of classic literature in the English-speaking world. With more than 1,800 titles, Penguin Classics represents a global bookshelf of the best works throughout history and across genres and disciplines. Readers trust the series to provide authoritative texts enhanced by introductions and notes by distinguished scholars and contemporary authors, as well as up-to-date translations by award-winning translators.","Lagerlof's most active readership these days, in America and even in Sweden, thinks of her chiefly as the author of the children's classic about Nils and the goose. Gosta Berling's Saga is anything but a children's book. In an Old Norse sense, it IS a saga, though more rooted in the viking romances about giants and shape-changers than in the geneological realism of the Icelandic sagas. There's nothing like Gosta Berling in 19th C British literature; the closest comparison in English, I think, is to the stories of the American Nathaniel Hawthorne, who also wrote of a more ""haunted"" time gone by, of agitated consciences, of semi-conscious and fully malevolent forces of nature.Gosta Berling is also anything but a novel, in the normal sense. In its conception, it's a suite of legends and family memories, probing the psychology of Lagerlof's own lost world, the Varmland of the boom times associated with the iron rush, when everybody was larger, or at least richer, than life. In this context, one might think of her work as comparable to Faulkner's or Nabokov's. But Lagerlof is the daughter of a Scandinavia that still shared its reverence of God with its conviction of the presence of Thor and Loki there in the winter darkness. Gosta Berling, in fact, is scarcely to be regarded as a human, and certainly not as a hero or anti-hero. Gosta is Loki, pure and simple, a spirit of defiance to civilized Christian propriety, who links together Lagerlof's magical tales by his omnipresence. There's a lot of Gosta Berling in Ibsen's Per Gynt, but the most brilliant heir of Lagerlof's genius is the 20th C Icelandic writer Halldor Laxness. Both Lagerlof and Laxness, by the way, were Nobel Prize winners.Gosta Berling is funny, poignant, bitter, nostalgic, blunt and poetic. The interludes of nature writing are literally spell-binding, if one recalls the root runic meaning a a spell. It deserves a much wider readership. I read it first in Swedish, years ago, but I took up this English translation because of other reading I've been doing. The translation doesn't have the blue-haired trollish weirdness of the Swedish, but it's accurate and enjoyable."
For Women Only: What You Need to Know about the Inner Lives of Men,['Shaunti Feldhahn'],['Religion'],"What bestselling author Feldhahn's research reveals about the inner lives of men will open women's eyes to what the men in their lives--boyfriends, brothers, husbands, and sons--are ""really"" thinking and feeling.","I bought this book based on the high reviews, and I wasn't disappointed. After six mostly wonderful years of marriage and two children, we both felt something was lacking in our marriage. For me, I could see where an important gap was - I just didn't understand why some things irritated my husband or why he got so depressed over (what I thought were) small things.By the time I finished the first chapter, I already could see there was a lot I didn't know. As I read through the book, I periodically asked my husband, ""this is what my book is talking about, do you really feel this way?"" His response was always a ""well, yeah,"" accompanied with a duh!-didn't-you-know-that-already look. This is what I was missing!I now make time for the small things that I know make my husband feel more appreciated (as simple as changing the way I ask him a question, so as not to sound accusatory when I'm really just curious). It's only been a couple of weeks since I've been applying this in my marriage, but it is really helping us to feel closer, more affectionate with each other, and most important, loved and supported in the way we need.Keep in mind this book is truly ""for women only"" - it doesn't address what your husband/partner needs to know about women or how he should treat you. There's a separate book for that which I don't know if it's as good or not. This one I will be recommending to every married woman I know, including my mother!"
"The Scarlet Letter, A Romance",['Nathaniel Hawthorne'],['Adultery'],"A tale of Hester Prynne, imprisoned, publicly shamed, and forced to wear a scarlet 'A' for committing adultery and bearing an illegitimate child, Pearl. In their small, Puritan village, Hester and her daughter struggle to survive, but in this searing study of the tension between private and public existence.","Ok, when I first started this book I thought it was the dumbest thing and I could not belive this was a classic! (I still can't) After a few chapters I thought it was a little better and thats why I gave it two stars. Also, it is one of the better books that I had to read for school. I still feel that it was a little boring and hard to follow but with the class discussions I understood it a lot more. I still wouldn't reccommend this book to anyone"
Wuthering Heights (Signet classics),['Emily Brontë'],['Audiobooks'],The passionate love of Catherine Earnshaw and Heathcliff mirrors the powerful moods of the Yorkshire Moors,"Powerful tale, not perfect but well ahead of its time. Two of literature's great characters in Heathcliff and Catherine Linton, an unusually well-developed supporting cast, and innovative narrative control that utilizes two classic &quot;unreliable narrators.&quot; An accessible, gripping interrogation of nature versus nurture. A landmark, and the bar against which other works of this time should be gauged. 3 1/2 stars out of 5."
Invisible Life,['E. Lynn Harris'],['Fiction'],"The re-issue of a remarkable first novel by a young, gay, black author who fashioned a deeply moving and compelling coming of age story out of the highly controversial issues of bisexuality and AIDS. Law school, girlfriends, and career choices were all part of Raymond Tyler's life, but there were other, more terrifying issues for him to confront. Being black was tough enough, but Raymond was becoming more and more conscious of sexual feelings that he knew weren't ""right."" He was completely committed to Sela, his longtime girlfriend, but his attraction to Kelvin, whom he had met during his last year in law school, had become more than just a friendship. Fleeing to New York to escape both Sela and Kelvin, Raymond finds himself more confused than ever before. New relationships--both male and female--give him enormous pleasure but keep him from finding the inner peace and lasting love he so desperately desires. The horrible illness and death of a friend eventually force Raymond, at last, to face the truth.","E. Lynn Harris has one thing to his credit with this sorry attempt at a novel- that is he is probably the first to openly explore gay and 'down low' sexuality in the Black American context. But that is all this and his other books offer. His characters are undeveloped, as is the novel's plot. Making what could have been a rather interesting novel, quite boring. His writing is completely void of any kind of intrigue, vivid description, or even distinct style. One wonders how such poor writing, could have ever been published. Thankfully, I have not bought any of his books- and I will never borrow or read another!"
Writing Tools: 50 Essential Strategies for Every Writer,['Roy Peter Clark'],['Language Arts & Disciplines'],"A special 10th anniversary edition of Roy Peter Clark's bestselling guide to writing, featuring five bonus tools. Ten years ago, Roy Peter Clark, America's most influential writing teacher, whittled down almost thirty years of experience in journalism, writing, and teaching into a series of fifty short essays on different aspects of writing. In the past decade, Writing Tools has become a classic guidebook for novices and experts alike and remains one of the best loved books on writing available. Organized into four sections, ""Nuts and Bolts,"" ""Special Effects,"" ""Blueprints for Stories,"" and ""Useful Habits,"" Writing Tools is infused with more than 200 examples from journalism and literature. This new edition includes five brand new, never-before-shared tools. Accessible, entertaining, inspiring, and above all, useful for every type of writer, from high school student to novelist, Writing Tools is essential reading.","Roy Peter Clark's Writing Tools is to authors and journalists what Home Depot is to construction workers. Clark gives writers a fully stocked shed of clear, concise tips, strategies and guidelines to instantly help improve anyone's writing.The material contained in the 250-page book is timeless. It can be used in the moment to help refresh a current work. Or, it can be perused for concepts to try and exploit in future work, to give authors refreshing ideas on how to write more effectively.The book is organized into four parts: Nuts and Bolts, Special Effects, Blueprints, and Useful Habits. Nuts and Bolts are low-level tools to improve word choice, sentence structure, paragraph layout and editing strategies. The part on Special Effects contains tips on how to use language for imaging, pacing and emphasis, to list a few of the tools.Blueprints moves to higher ground detailing how to plan a work, how to write dialog, and how to generate suspense like Dan Brown. The final part, Useful Habits, gives some ideas for project motivation and execution, to help writers get their art from brain to paper.Clark did not develop all of these tools, and he admits that right up front. He uses dozens of references to give readers a sense that some tools are weathered advice, like lectures offered by a sage. But what he does well is put a good spin on the lectures. Anecdotes are provided alongside examples of the tools, and a humor is injected to help keep the book entertaining.The end of the book is reminiscent of a textbook, in a good way. It has a detailed index to help readers locate topics of interest, and it has a handy five-page summary of the different tools. It's too bad the summary didn't come as a pullout poster, because many writers would surely tack it on the wall above their monitors.Armchair Interviews: Another good book to help writers be better writers."
A TOWN LIKE ALICE,['Nevil Shute'],['Fiction'],"""A tale of love and war, follows its enterprising heroine from Malayan jungle during World War II to the rugged Australian outback."" -- Cover, p.4.","Nevil Shute writes in such a fashion that it would do well on required reading for students. So historically graphic of a terrible time in our world. I would recommend reading the book before seeing the movie because the Australian and British accents are so strong, they are hard to understand; however, knowing the storyline helps understand the dialect."
Little House on the Prairie (Little House-the Laura Years),['Laura Ingalls Wilder'],['Juvenile Fiction'],"A family travels from the big woods of Wisconsin to a new home on the prairie, where they build a house, meet neighboring Indians, build a well, and fight a prairie fire.","Little House On The Prairie is the second book in this series-it even spawned a successful T.V. show. This one follows the Ingalls family to Kansas. Pa sells the house in the big woods in search of something bigger and better. His idea of bigger and better? Indian Country! This makes Ma very uneasy, as she feels Indians are savage people. Pa assures her that they are only savage when provoked and that they are very peaceful people. Laura, on the other hand, understands why they're upset. They have been forced to move away to allow settlers to live on their land. She is desperate to see an Indian baby. Pa promises her she will see one. Ma is outraged, saying that she already has a baby sister but Laura wants an Indian baby in addition. Laura does see one and is so excited. The family is plagued by illness and prairie fires and there is even an unpleasant encounter with two Indians. Prairie life doesn't quite turn out as Pa hoped, but his motto is simple: no matter how bad things are, you must never give up or give in if you want to survive. Great motto indeed!"
War Evil And The End Of History,['Bernard Henri Lévy'],['History'],"Bernhard explores the story of those who decided to convert to Islam in response to the horrific September 11 attacks. Interviewing converts - a handsome, blue-eyed Californian, a middle-aged Jewish professor and a trendy 20-something in Tribeca - as well as charismatic imams and security experts, Bernhard investigates this unexpected subculture and asks what its repercussions might be.","War, Evil, and the End of HistoryRecently finished Bernard-Henri Levy's latest book, War, Evil, and the End of History. There's so much in it, on a variety of different levels, it is difficult to capture in a paragraph. Bottom line: The book is a response to a number of philosophical arguments, ranging from Foucault to Fukuyama. Levy takes his personal transformation, comparing himself to, and distinguishing himsef from, Benny Levy in the Bangladesh civil war and May 68 events in Paris, as well as personal confessions from BHL travelling to hot spots today, such as Sri Lanka, to make a number of points:*No single philosophical or political system can cope with the problems of war and evil, they are permanent features of human existence which must be confronted constantly.*History does not &quot;end.&quot; And the smaller and more remote regions are even more affected by it than the central powers.*Islam is not the only movement that spawns terrorists and suicide bombers. There are fanatics and mass murderers wherever one looks for them, from Burundi, to Sri Lanka, to Rwanda, to Sudan--and his chapter on Sudan, written years ago, is particularly relevant today.The style is intensely personal and stream of consciousness. But combining journalism with philosophy is pretty interesting reading--BHL's references to Malraux seem appropriate.War, Evil, and the End of History combines theoretical reflection with striking descriptions of some forgotten messy realities. It is a good reminder that there are lots of loose ends out there, that politics is not the answer to everything, that academic writing removed from the facts of life has some shortcomings. It is also an antidote to the triumphalism of the &quot;End of History&quot; school, that briefly mutated into &quot;Unipolar world&quot; advocacy. This book shows us that facts and actual lived human experience are every bit as important as theoretical paradigms.Fascinating, and challenging. Put War, Evil, and the End of History on your summer reading list."
The Autobiography of Benjamin Franklin,['Benjamin Franklin'],,"The Autobiography of Benjamin Franklin, which Franklin himself called his Memoirs, is the unfinished record of his life written between 1771 and 1790. It has become one of the most well-known and influential autobiographies in history, and has been praised both as a historical document and a piece of literature in its own right. William Dean Howells declared that ""Franklin's is one of the greatest autobiographies in literature, and towers over other autobiographies as Franklin towered over other men.""",Not too long ago I heard a report on the life of Ben Franklin on NPR. I found it fascinating wondering when he had the time to do everything he did. I'm glad I read this autobiography despite feeling it had some glaring holes in the life of the man. It still had resonance because it was his words and not some third party. For that reason I can recommend it.I will read the other biography suggested by other reviewers. Thanks for the tips.
Let Freedom Ring: Winning the War of Liberty over Liberalism,['Sean Hannity'],['Political Science'],"The hard-hitting and provocative first book from the fastest-rising conservative voice in the country Sean Hannity is the hottest phenomenon in TV and talk radio today. His gutsy, take-no-prisoners interviews and commentary on the Fox News Channel’s Hannity & Colmes has made him one of the network’s most popular personalities. And his ascendance to the top of the talk radio world with ABC Radio’s The Sean Hannity Show has won him a huge and devoted conservative following, and ensured his place alongside Rush Limbaugh and Bill O’Reilly as one of the country’s most influential commentators. Now, in Let Freedom Ring, Sean Hannity offers a survey of the world—political, social, and cultural—as he sees it. Drawing on stories from his own life, and on the inspiration of political figures like Ronald Reagan and George W. Bush, he recounts the experiences that have shaped his perspective on the dramatic issues that face America today: • Terrorism and National Security • The Economy • Liberal Media Bias • Education • Faith, Character, and the Family As America meets the challenges of the post-9/11 world—abroad and at home—Sean Hannity’s position is clear: “We are engaged in a war of ideas. And we must win. Civilization itself is at stake.”","Sean Hannity explains the world view of many American conservatives: moralistic on many social issues; libertarian on tax and governmental regulation; assertive on national defense and America's role in the world.The strength of this book is its simple and straight-ahead writing. The author is to the point and without the invective that mars some otherwise worthwhile conservative tomes. He makes very good use of example, drawing on many anecdotes and documented recent history to expose the shallowness of many liberals and liberal positions, at least at the national level.The anecdotes and examples are what gives the book its power. Citing the 9th Circuit Federal Court's decision to stop the Pledge of Allegiance, Tom Daschell's changing positions on issues to fit the party in control of the White House, a host of Democrat presidential candidate's change of heart (probably a bad metaphor on this issue) on abortion to suite their national aspirations, and Congressional assault on American intelligence and defense agencies in the 1970's, give credence to his view that much of liberal policy and action are either wrong-headed or entirely cynical.This is a quick book whose meat is with Hannity's documentation of his charges and point of view. Wrapped around this is Hannity's personal story and emergence as a conservative voice.The book's weakness is that sometimes Hannity makes bald assertions and generalizations, and doesn't always back them up with facts. I don't have any difficulty agreeing with the author and most of his assertions because I've spent a lot of time studying the same issues. But someone who is erudite but not studied might think the book is too thin in some of its charges. On the other hand, this book is probably perfectly written for those seeking to buttress their strong conservative beliefs with some facts and history.All in all, a good effort among the growing list of popular conservative books."
The Hobbit,['J. R. R. Tolkien'],['Juvenile Fiction'],"Celebrating 75 years of one of the world's most treasured classics with an all new trade paperback edition. Repackaged with new cover art. 500,000 first printing.",I have always been a huge fan of the Hobbit and I figured it was time to upgrade my crappy little paper back version. This book is great to read and to look at. The cover is of wonderful quality and would make an awesome addition to any bookshelf!
Pride and Prejudice,['Jane Austen'],['Fiction'],"In early nineteenth-century England, a spirited young woman copes with the suit of a snobbish gentleman, as well as the romantic entanglements of her four sisters.","I was surprised by how much i liked this book. Jane Austen's style is very original in its own way. Although it's way too gossipy and cheesy, the story was well thought out"
The Illuminati,['Mark Dice'],['Family & Relationships'],"Secret societies have both fascinated and frightened people for hundreds of years. Often the infamous Illuminati is mentioned as the core of conspiracies which span the globe. The Illuminati is actually a historical secret society which had goals of revolutions and world domination dating back to the 1770s. Since then, rumors and conspiracy theories involving the Illuminati continue to spread, sometimes finding their way into popular novels like Dan Brown's Angels & Demons and Hollywood movies like Lara Croft: Tomb Raider. Some men have even come forward claiming to be former members, offering details of what they allege are the inner workings of the organization. When you sift through all of the information available on the subject, you may be surprised that the truth is stranger than fiction. In The Illuminati: Facts & Fiction, conspiracy and occult expert Mark Dice separates history from Hollywood and shows why tales of the secret society won't die. - Original Writings and Documents - Purported Texts - Freemasonry's Connections - The Georgia Guidestones - Alleged Victims and Defectors - Aliens and Reptillians - Activists and Eyewitnesses - Fictional books - Fictional films - TV references - The Music Industry - Mainstream Media Manipulation - Documentary Films - Pre Illuminati Organizations - The Luciferian Doctrine - The Federal Reserve - Skull and Bones - The Bilderberg Group - Bohemian Grove - The Council on Foreign Relations - The Franklin Cover-up - Sex Magic - Election Fraud - The Necronomicon - The Church of Satan - The Secret Doctrine - Emerald Tablet - The Book of Thoth - The Book of Dzyan - The Report From Iron Mountain - Protocols of the Elders of Zion - The Holy Grail - MK-ULTRA Documents - The Satanic Bible - The Secret Doctrine - David Rockefeller's Memoirs - Memoirs Illustrating the History of Jacobinism - Secret Societies and Subversive Movements - Occult Theocrasy - Externalization of the Hierarchy - None Dare Call It Conspiracy - Magick: In Theory and Practice - Bloodlines of the Illuminati - The Lexicon of Freemasonry - Morals and Dogma - The Secret Teachings of All Ages - Myron Fagan - Edith Miller - Gary Allen - Abbe Barruel - Nesta Webster - Anthony J. Hilder - John Robison - Johnny Gosch - William Morgan - Chris Jones, former Bohemian Grove employee - Ted Gunderson former FBI Agent - John Todd - Bill Schnoebelen - Mike Warnke - Cathy O'Brien - Aleister Crowley - Alice Bailey - Benjamine Creme - William Cooper - Carol Quigley - Zeitgeist's Peter Joseph - Helena Blavatsky - Phil Schneider - Benjamin Fulford - Hal Turner, FBI informant - Manly P. Hall - Fritz Springmeier - Albert Pike - Anton LaVey - David Icke - And More By the author of The New World Order: Facts & Fiction","I'm half way through this book and I'm pondering putting it down. The story line is okay. The writing is good considering Burkett is a Non-Fiction writer. The plot of course is recycled, but that's to be expected. The Characters though are horrible. The antagonist(The Leader, a middle eastern mad man/Hitler reincarnation/Super-Power in himself) is a complete moron. It's like he never read an history book in his life. The Society/Illuminati is controlled by this ONE man and he's totally bent on completing his own personal vendettas before completing the Illuminati's Goal. You would expect the Illuminati to be smarter and less religous than Burkett portrays them as. They've only been at this &quot;Control the World&quot; plot for seval centuries. The protagonist is almost as bad. He's the stereotypical computer genius that figures out the whole plot with his girlfriend whom he is just too shy to consider his girlfriend. Of course, this chick is completly in love with him because of his intelligence and the fact that he respects her because of her abilities and not the fact that her did is this super physicist. The plot after a good build is slowly degrading to predictable. It belongs more in a &quot;&quot;What If&quot; Nazi Germany had occured in America&quot; comic book then in a full fledged novel. The title of the this book should seriously been changed to Nazi America, or Hitler's America. The only thing that stops it from becoming one of those is that it includes this secret (stupid) society that has enginered the fall of the American Economy and rise of the World Economy. I'm just hoping that there is no happy ending and this computer hack protagonist falls flat on his face so I can truly see this &quot;Satan's kingdom on Earth&quot; being strived for by the antagonist. Illuminati Fans Do Not Read This Book. Everyone else: Enjoy a frightning &quot;What If&quot; of America's future manipulated by a secret society bent on world domination"
Essays That Will Get You Into College,"['Amy Burnham', 'Daniel Kaufman', 'Chris Dowhan']",['Study Aids'],"Compiled by an editorial staff that includes college admissions officers, this book presents model essays and in-depth advice that can help students gain admission to the school of their choice.","This book was very helpful in that rather than prescribing a formula to a ""winning"" essay, it walks you through the steps of brain storming that for me was a journey of self discovery. I know this sounds silly, but by following the guidelines I had a greater grasp of what makes me who I am in a condensed form appropriate for putting onto paper. This book helps you expose the person you are, not write the essay admission people want to hear. I feel that is much more important, because then your essays will reflect your personality, and admission officers will be able to accept you if you are a good match for the school. I say this as I see countless people around me hating this school, probably because they don't know what they want, and did not portray accurately who they are, with respect to hopes, aspirations, and passions. The point I am getting at, is this book helps you capture your essence and put it on paper. IT WILL NOT HELP YOU CRAFT AN ESSAY TO PLEASE ADMISSION OFFICERS."
Learning the Tarot: A Tarot Book for Beginners,['Joan Bunning'],"['Body, Mind & Spirit']","A beginner's guide to the tarot, including a course of 19 lessons covering the basics and then moving gradually into more advanced concepts.","I just bought this and am enjoying both understanding the complexities of the tarot and the various symbologies. Im in no way a psychic or card reader but I have collected various tarot decks over the years. I am more interested in the way symbols represent the subconscious than in interpreting the past, present, future. This book is a great book for beginners, it breaks down the deck in a way that is easy to follow, annotate and understand. The book is divided into pages that describe each card plus sample divinatory meanings.It provides sample lessons to help the reader understand how to view the cards from different interpretations and then gives scenarios on how to apply these meanings. Section two of the book then provides excersises so you can begin to understand how the tarot can be used. Section 3 provides suggested lessons and finally section 4 is a breakdown of each card by suit.Excellent guide to understanding the tarot in lay terms."
Ulysses (International Collectors Library),['James Joyce'],['Fiction'],"A day in the life of Leopold Bloom, whose odyssey through the streets of turn-of-the-century Dublin leads him through trials that parallel those of Ulysses on his epic journey home.",I can't watch The Producers now without thinking of James Joyce. This stream of consciousness stuff is fun to read.
Mel Bay 101 Red Hot Bluegrass Mandolin Licks and Solos,['Larry McCabe'],['Music'],"In music, the term ""bluegrass"" describes the hot string-band style pioneered by Kentuckian Bill Monroe, which blends old-time country music with blues rhythms and jazz-influenced improvisation. This book contains 101 authentic bluegrass mandolin licks in the favorite bluegrass keys of C, G, D, and A minor written in notation and tablature. The licks are broken down into phrases of two, four, and eight bars. In addition, several endings and crosspicking licks are included. Each lick is played to a chord progression that is standard in bluegrass, country, and folk music. All 101 examples are recorded on the companion CD with guitar accompaniment at a moderate tempo. Whether you are a fan of old-time country music, traditional bluegrass, or newgrass, you are sure to find lots of great ideas in this new collection of bluegrass licks. So, grab your instrument, put on the CD, pull up a chair, and let's start pickin'.","I agree with the other review (my version originally published in 2002) maybe a new version/release will take the shortcomings in the next revision.A Brilliant idea and long overdue but is realised very poorly. The 56 (2 bar Melody licks) nor the 16 (4 bar) nor 12 (8 bar) nor 12 (endings) are in any way special or different from normal. Only when we get to the five Cross Picking are there any memorable (4) licks.Suggestions for the next version, get transcripts of special ornamental licks as others have suggested, transpose suitable lovely fiddle, banjo and some guitar licks, to the mandolin and finally increase the selection of the cross picking licks from the meager 5.In all a brilliant idea, much needed and would be greatly appreciated but poorly executed."
The Onion Field,['Joseph Wambaugh'],['True Crime'],"NEW YORK TIMES BESTSELLER • “A fascinating account of a double tragedy: one physical, the other psychological.”—Truman Capote This is the frighteningly true story of two young cops and two young robbers whose separate destinies fatally cross one March night in a bizarre execution in a deserted Los Angeles field. “A complex story of tragic proportions . . . more ambitious than In Cold Blood and equally compelling!”—The New York Times “Once the action begins it is difficult to put the book down. . . . Wambaugh’s compelling account of this true story is destined for the bestseller lists.”—Library Journal","I hate to give this only three stars, because the book itself is incredible, and incredibly powerful. It's every bit as good as ""In Cold Blood"". But the Kindle version is littered with literally hundreds of conversion errors. Here's how these happen: Older books that don't have a digital file already often only have the printing plates or a hardcopy of the book. These are scanned and an OCR (optical character recognition) program converts the scan into text. But sometimes they make a couple of mistakes. In other books, I've put up with a mistake here and there, even though mistakes of that sort would never be released by a reputable publisher in a printed book and I see no reason why the standards should be lower for a digital book.But ""The Onion Field"" takes the cake when it comes to these. I started highlighting them because they were so frustrating and distracting, so that Amazon could be alerted to the problem. I'll include 49 of them at the end of the review. But the important thing is that any one of them might be easy to overlook, but ultimately having so many of them takes away from the power of this incredible book. Every couple paragraphs I kept getting pulled out of this very absorbing story to parse some nonsense so I can figure out what I'm supposed to be reading.Is this any way to treat a classic?Anyhow, at this time, I simply cannot recommend the Kindle version of ""The Onion Field"". Which is a shame, because I cannot recommend highly enough ""The Onion Field"" itself, Wambaugh writes with incredible power. But reading this version, if you didn't know these errors are unintentional and didn't appear in the printed versions, you'd think him a moron. This is a man that deserves better.As promised, here's a sample of 49 of the errors (I removed one so that I wouldn't have to have a swear word in here). The leading numbers refer to Kindle location number in the text:35: ""marchingfeet"" should be two words. Improper line break between ""margingfeet"" and ""defiantly""39: ""Writer'sdebts"" should be two words.40: ""of your W W craft"": erroneous ""W"" added. Twice.59: ""coin onT-bird"": should be ""on T-bird""72: ""Copy #i of The Onion Field"" should be ""Copy #1 of The Onion Field"".113: ""and 19jo was still eight weeks away"" should be ""and 1970 was still""117: ""Wouldyou"" should be two words.127: ""somethingflashed"" should be two words130: ""spreadingfrom"" should be two words.168: ""'Agriculture, beer, and poker"", double quote converted to single quote.3959: ""A11"" should be ""All"" (this one happens a lot, multiple times per page in some instances.)3964: ""sol musta"" should be ""So I musta""4021: ""A11"" shoould be ""All""4161: Incorrect line break between ""Then I"" and ""saw the""4163: Incorrect line break between ""conclusion,"" and ""a point""4199: Missing period between ""a whole"" and ""Just as the armed""4328: ""'Anyways,"" double quote converted to single quote.4330: ""'Anyways, I says"" double quote converted to single quote4335: Missing paragraph break after ""cop on the street""4361: Missing page break after ""thunderbolt.""4363: ""and hed have to work"" missing apostrophe4365: ""He didn't think hed bother with flowers"" missing apostrophe4369: ""he stole thefishingplugs"" thefishplugs should be three words4372: ""He hadneverbeen caught"" hadneverbeen should be three words4377: ""thefishingplugs"" thefishplugs should be three words4396: ""put- ting together"" should be ""putting together""4404: ""insensitiv-ity"" should be ""insensitivity""4434: Missing paragraph break after ""attourney represent them""4460: ""only one ques- tion"" should be ""only one question""4479: ""tran-quilizers"" should be ""tranqulizers""4523: ""I'm notorious, that's why Everyone knows about me know."" missing period after ""that's why""4579: ""secrete a gun in the law library A gun could easily"" missing period after ""library""4638: ""I'll have to take it fromyou"" should be ""I'll have to take it from you""4643: ""On July ii, before leaving"" should be ""On July 11, before leaving""4653: ""Sudden, devas- tating, unbelievable"" should be ""Sudden, devestating, uneblievable""4720: ""^bur Honor, I am"" should be ""Your Honor, I am"" (I think)4733: Missing open quote before ""It's just too obvious..."", open quote mark before ""Jimmy sat and his lip"" should be close quote mark after preceding word. Probably missing a period.4754: ""Why would / be picked for that."" Italicized ""I"" converted to solidus4782: ""Yes, sir,"" said the witness. 'As I stated before..."" double quote converted to single quote4785: ""'As I looked back,"" double quote converted to single quote4816: ""'And I can't force you to talk"" double quote converted to single quote4819: ""'And put the hood over my head"" double quote converted to single quote4866: ""'And I will cite you,"" double quote converted to single quote4866: ""'And move for a mistrial at this time,"" double quote converted to single quote4872: ""keep seeing that officer's coat jumping.'"" either missing an opening single quote or a double quote converted to a single quote4894: ""A11"" should be ""All""4896: ""A11"" should be ""All""4906: ""'All right. The motion is denied."" double quote converted to single quote (though they got ""All"" correctly for once)4920: ""tum-bleweed"" should be ""tumbleweed"""
The Last Gentleman Adventurer: Coming of Age in the Arctic,['Edward Beauclerk Maurice'],['Biography & Autobiography'],"A fascinating true adventure story chronicles the experiences of Edward Beauclerk Maurice, a young explorer for the Hudson Bay Company who was taught survival techniques, and much more, by the Inuit people. Reader's Guide available. Reprint.","Many of the old books of this genre I read are written as if the natives are children or savages who need conversion, education and enlightenment. Edward Beauclerk Maurice impressed me with his acceptance of the culture and beliefs of the Inuit/Eskimo people among which he lived for several years. He learned their language and lived among them, sharing their food, clothing and homes, meanwhile growing from a teenager into a man. Maurice recounts his years as a clerk at a Hudson Bay trading post with so much honesty, self deprecating humor and respect that you can't help but like him. Because he was so young (16) when he was first apprenticed to the Hudson Bay Company, he relied on the older men in the village to teach him to hunt, trap, fish and survive. Eventually he becomes a respected man and hunter, but he was reassigned unwillingly to another post every year until his contract was fulfilled.I thought it was sad that he didn't return to the Arctic later in his life, and it's unfortunate that this is the only book he wrote about his experiences.After I finished the book, I re-read the forward by Lawrence Millman. I got a lot more out of it after getting to know the characters and the story."
The hitchhiker's guide to the galaxy,['Douglas Adams'],['Science'],"The off-beat and occasionally extraterrestrial journeys, notions, and acquaintances of galactic traveler Arthur Dent are illustrated with digitally generated graphic images and tricky visual puns","Those of you who have visited Alta Vista's ""Babel Fish"" website and wondered ""what's a Babel Fish?"" will find the answer in these pages. It's a super mini-translator and a devourer of brain waves. Everyone who roams the universe needs a Babel Fish swimming in their ear. How else can one understand Vogon poetry? Don't break the stratosphere without one.This book is loads of fun. Besides a quick read, it contains some now famous scenes (almost ubiquitous depending on the circles one runs in). The super computer ""Deep Thought"" (a tongue in cheek reference if ever one existed) gives its infamous answer to the ""ultimate question"" of ""life, the universe, and everything"". Earth gets marked for destruction to clear the way for a ""hyperspatial express route"" (but not everyone inhabiting earth comes from earth, or are what they seem). The universe has an irresponsible meglomaniac amoral president (Zaphod Beeblebrox). A man named Slatibartfast gets rebuked for creating fjords in the new Africa. A depressed robot lays facedown in the mud dejected after causing a spaceship to commit suicide. A whale spends its final moments before meteoring onto the surface of the legendary planet of Magrathea. The Improbability Drive of a super space ship creates... well... the improbable. And of course the core of the story involves the great ""Hitchhiker's Guide to the Galaxy""; an intergalactic tour guide, survival text, and social commentary. A ""Hitchhiker"" is the equivalent of an interstellar train jumper. Ford Prefect fits this job description perfectly. He found himself stranded on earth as a result of his hitchhiking. Here he meets Arthur Dent, a seemingly average inhabitant of planet earth. Arthur's house stands in the path of a hungry bulldozer, but Ford Prefect tells him not to worry because ""the world is ending"" in about twelve minutes. Great characters, scenes, and ingenious plot devices abound as the pages rapidly turn.The book also has a philosophical dimension. It makes our planet seem like a small, insignificant speck in a manner similar to Voltaire's ""Micromegas"". Consequently, it also makes the universe seem like a vast, enormous, incomprehensible mass (which it is). Human insignifigance gets handled, as it should be handled, with humor. This probably explains why the book gets quoted in many philosophical texts: these passages can take some of the edge off of a bare examination of the human condition. So all those struggling with the absurdity of it all should look here for solace and a good laugh. Even those seeking just a good laugh should look here. Just read it already!"
The Message: Old Testament Wisdom Books,['Eugene H. Peterson'],['Bibles'],"Relate the wisdom of Job, Psalms, Proverbs, Ecclesiastes, and the Song of Songs to life through this unique rendering from the original Hebrew Paraphrased by Peterson in easy-to-read modern English 400 pp.","I thought this was going to be ""The Message"" as the Old Testament...just like the copy for the New Testament. I was disappointed. It was the ""Old Testament Wisdom Books"". Guess that wasn't quite clear enough for me to understand. I love the New Testament and was excited to think they had taken the time to do the Old Testament...maybe someday."
Brothers K,['David James Duncan'],['Fiction'],"A NEW YORK TIMES NOTABLE BOOK Once in a great while a writer comes along who can truly capture the drama and passion of the life of a family. David James Duncan, author of the novel The River Why and the collection River Teeth, is just such a writer. And in The Brothers K he tells a story both striking and in its originality and poignant in its universality. This touching, uplifting novel spans decades of loyalty, anger, regret, and love in the lives of the Chance family. A father whose dreams of glory on a baseball field are shattered by a mill accident. A mother who clings obsessively to religion as a ward against the darkest hour of her past. Four brothers who come of age during the seismic upheavals of the sixties and who each choose their own way to deal with what the world has become. By turns uproariously funny and deeply moving, and beautifully written throughout, The Brothers K is one of the finest chronicles of our lives in many years. Praise for The Brothers K “The pages of The Brothers K sparkle.”—The New York Times Book Review “Duncan is a wonderfully engaging writer.”—Los Angeles Times “This ambitious book succeeds on almost every level and every page.”—USA Today “Duncan’s prose is a blend of lyrical rhapsody, sassy hyperbole and all-American vernacular.”—San Francisco Chronicle “The Brothers K affords the . . . deep pleasures of novels that exhaustively create, and alter, complex worlds. . . . One always senses an enthusiastic and abundantly talented and versatile writer at work.”—The Washington Post Book World “Duncan . . . tells the larger story of an entire popular culture struggling to redefine itself—something he does with the comic excitement and depth of feeling one expects from Tom Robbins.”—Chicago Tribune","I had never heard of David James Duncan until a recent writers conference in Grand Rapids, where he spoke eloquently and honestly about faith and life. From the snippets of his novels that he read aloud, I knew that I would have to read the Brothers K, and I proceeded to do so the following weekend. I was crying and laughing almost as soon as I picked it up, and that is saying a lot becasue I am a pretty cynical reader. I am a native Washingtonian and lover of baseball, though these factors are not the reasons I was motivated to read the book. I knew I had to read it when David James Duncan read aloud a section from this book that he wrote years ago and probably has memorized, and he got so emotionally choked up that he couldn't go on for a few minutes. THIS STUFF IS IMPORTANT, AND DJD IS NOT AFRAID TO ADDRESS EVEN THE TOUGHEST OF ISSUES. Plus, I laughed out loud more often than I ever have. Just read the darn thing!"
The Umpire Strikes Back/Audio Cassette,['Kareem Abdul-Jabbar'],['Sports & Recreation'],The renowned basketball player shares his professional and private life and discusses his struggle to achieve a balance between the demands of being a celebrity and his own needs,I'm a person who really just got into baseball so Luciano's way of telling his great experiences really pulled me in. His stories are very funny and informative on the true ways of the game.
Your Present: A Half Hour of Peace,['Matthew Sockolov'],"['Body, Mind & Spirit']","It's easy to disconnect when life moves fast. Practicing Mindfulness offers effective exercises and meditations to live every moment of your daily routine, in the moment. From finding your breath to feeling grounded, these practice-based exercises make integrating mindfulness into your routine easy. With over 75 essential meditations--that take between 5-20 minutes from start to finish--Practicing Mindfulness is an approachable way to apply mindfulness in your day-to-day life. Reduce stress, improve mental health, and stay present no matter what the day holds when you practice mindfulness, with: Mindfulness 101 that provides clear explanations of what mindfulness is, along with why and how it helps in your day-to-day life 75 mindfulness exercises that are organized by difficulty to help develop your practice Practical advice for overcoming obstacles to your mindfulness practice like how to deal with distracting noises or fight off sleepiness Today and every day, mindfulness takes practice. Practicing Mindfulness offers effective, modern meditations and exercises to start practicing everyday mindfulness, today.","This would have been better if there had been 2 tracks, so that when you're ready to listen you could just skip the intro instead of having to press the fast forward button when she starts with ""Please don't drive while listening to this.""The music is perfect and she does have a lovely, friendly voice and great pace to her narration. It's great to help you sleep. One of the best things I can say about this CD is that I've never heard the end of it. I'm always well asleep before it gets there. A great CD to listen to with headphones."
"Intermediate Accounting with Coach CD-ROM, PowerWeb: Financial Accounting, Alternate Exercises & Problems, and Net Tutor","['James Sepe', 'J. David Spiceland', 'Lawrence A. Tomassini']",['Business & Economics'],"Intermediate Accounting, 3e, by Spiceland/Sepe/Tomassini will gain support in traditional and technology-driven accounting departments, especially those looking for a more concise, decision-making text that reinforces challenging concepts via CD-ROM. The revision of this text is based around a ""Learning System."" The revision of this ""Learning System"" was built on improving the clarity of the chapters, emphasizing more decision-making in order to prepare students for the changes taking place on the CPA exam, acknowledging the diversity of students and their learning styles by creating supplemental materials to assure the success of every student, and creating a consistent text and supplemental package for both students and instructor's giving us the best possible intermediate text on the market. Returning to the Third edition is the award winning ""Coach"" CD-ROM. The Coach CD-ROM is a multimedia product integrating audio and video clips, animated illustrations, cases, and alternative reading material that helps students comprehend some of the more difficult topics associated with intermediate accounting. Designed specifically for the Spiceland text, instructors and students will find these learning tools placed strategically throughout the text. This is the most comprehensive Learning System in Intermediate Accounting. At only 1120 pages (300 pages less than the average intermediate accounting text), Spiceland/S/T has not sacrificed content for pages. Instead, the authors have created a very flexible text with a student friendly writing style that focuses on explaining not just how to apply a procedure, but why it's applied.","Design:Well-designed with appropriate section headings. There are also short notes by the side of the pages, emphasizing the important points. Colored boxes were used to show illustrations and applications of real issues.Content:This book is based on the U.S. accounting standards. It is very factual, detailed and clear in explanations. There are also well-illustrated examples to enhance students' understanding of the concepts. Issues covered include classifications of items in the financial statements and measuring the items accurately. Ethical concerns are also addressed in the classification and measurement.For who:Definitely a good book for students seeking understanding of the concepts behind U.S. accounting standards. As the title suggests, students should have prior knowledge of accounting like basic bookkeeping and double-entry rules. However, given the changing business environment and recent accounting scandals, students should also visit the SEC websites and read the news for better understanding and keeping up-to-date with accounting standards."
Tom Wedderburn's Life,['Theodore Judson'],['Drama'],"Tom Wedderburn's Life is the story of a simple man born into an isolated community where he is filled with the values and mores of the nineteenth century. It is Tom's misfortune that the century he must live in is the chaotic twentieth. He lives to see the end of his isolated world. He falls in love with a modern woman he does not understand. As a young man, he endures the hell of World War II.. Left disillusioned and alone in his old age, Tom holds on to his peculiar sense of dignity and even finds a measure of happiness.","This book can stand beside the Virginian in its view of Wyoming in the last century. I have lived here for over 50 years and find his, Theodore Judson's,description of our country and peoples. It is also a moving description of one man's view of the war in the islands during World War 2. I was moved by the line &quot;I was here when the beast was born, it was an ugly baby and it grows more ugly still.&quot;"
Lord of the Flies,['William Golding'],['Fiction'],"William Golding’s unforgettable classic of boyhood adventure and the savagery of humanity comes to Penguin Classics in a stunning Graphic Deluxe Edition with a new foreword by Lois Lowry As provocative today as when it was first published in 1954, Lord of the Flies continues to ignite passionate debate with its startling, brutal portrait of human nature. William Golding’s compelling story about a group of very ordinary boys marooned on a coral island has been labeled a parable, an allegory, a myth, a morality tale, a parody, a political treatise, and even a vision of the apocalypse. But above all, it has earned its place as one of the indisputable classics of the twentieth century for readers of any age. This Penguin Classics Graphic Deluxe Edition features an array of special features to supplement the novel, including a foreword by Lois Lowry, an introduction by Stephen King, an essay by E. M. Forster, an essay on teaching and reading the novel and suggestions for further exploration by scholar Jennifer Buehler, and an extended note by E. L. Epstein, the publisher of the first American paperback edition of Lord of the Flies. For more than seventy years, Penguin has been the leading publisher of classic literature in the English-speaking world. With more than 1,700 titles, Penguin Classics represents a global bookshelf of the best works throughout history and across genres and disciplines. Readers trust the series to provide authoritative texts enhanced by introductions and notes by distinguished scholars and contemporary authors, as well as up-to-date translations by award-winning translators.","One of the numerous required reading for us in school, it is memorable to me for the simple reason that this work, on one level is a semi-adventure but on a deeper level, is a symbolic narrative open to many interpretations--moral, psychological, political, social--which created a lively discussion in class. I can now better appreciate it as an adult. It is about a group of schoolboys, marooned on an island and in due time turns savages. Golding's pessimistic premise was that left to ourselves, mankind would regress to barbarism and savagery--a very grim view of the nature of man. But he didn't want to be realistic about it because Golding calls his books fables. He was a school teacher (that may perhaps serve as another reason why this was required reading for a majority of schools) and his World War II experiences in the Navy and years teaching small boys have helped to shape his philosophical attitudes. It was very much evident in the &quot;Lord&quot; as this was his first symbolic novel.The major idea of the novel is that evil is part of human nature (so forget about the idea of ending all wars) but not of civilization which is an absolute must to restrain humans. He wanted to stress the parallelism between the adult and children's world and that both have the capacity to destroy: the boys the island, the adults nuclear war (remember, this was first published in 1954--when the Cold War was in full swing). Golding criticizes the idea that science can explain everything but Piggy believes that science explains everything, that there is no evil except the ones created by troublemakers. And yet Piggy participates in Simon's murder and was not very convincing when he would not accept his own guilt. As for the 'noble savage' living happily in the wilderness as described by the French writer Jean-Jacques Rousseau, uncorrupted by civilized life--Golding attacks Rousseau's belief that humans in their natural surroundings are rational and good and that society corrupts humans. On the contrary, according to Golding...civilization is needed for saving man from their brutish, destructive instincts.The novel has so many numerous overtones and symbolism, which needs a certain level of maturity in order to be appreciated. And so after many years have elapsed I find it now more engrossing than ever. If you want to be entertained but at the same time challenged...this is the book to read."
The Garden of Rama,"['Arthur Charles Clarke', 'Gentry Lee']",['Fiction'],"After twelve years trapped aboard a labyrinthine Raman vessel, three human cosmonauts learn their true destination and face a rendezvous with a Raman base. Reprint.",I think I spent the whole day one labor day reading this book. It was great. The only thing i didnt like was the new colony. I wanted more Clarke science. Anyway How could you not like it.
The Hobbit or There and Back Again,['J. R. R. Tolkien'],['Juvenile Fiction'],"Celebrating 75 years of one of the world's most treasured classics with an all new trade paperback edition. Repackaged with new cover art. 500,000 first printing.","This book is must for any person that loves a good imaginative story. It is my favorite book and I'm only 10! When you first start to read it it might seem just like an ordinary fantasy novel, but it isn't. J. R. R. Tolkien spent a lifetime working on Middle-Earth. It is filled with songs and poems that help the flow of the story. Don't expect sing alongs some of them are in a different language that isn't used by humans on earth. As you read the story you realize how much meaning the little hobbit really has. You also realize that there are so many things that happened before that particular story. Even when some people tell their own name you can tell that they are the sonn or daughter of an important person long ago. No one should miss out on such an amazing story."
Lost Horizon,['James Hilton'],['Fiction'],"Originally published in 1933, Lost Horizon gained unrivaled popularity from coast to coast, particularly after Frank Capra's spellbinding 1937 film introduced audiences nationwide to its stunning tale of revolution, utopia, emotion, and adventure set in a hidden mountaintop escape known only as Shangri-La. When an uprising in Baskul forces a small group of English and American residents to flee, their plane crash-lands in the far western reaches of the Tibetan Himalayas. There, the bewildered party finds themselves stranded outside the protective borders of the British Empire, and discovers access to a place beyond the bounds of the imagination—a legendary paradise, the mystic monastery Shangri-La. New P.S. Edition featuring an essay by Kenneth C. Davis, author of Don't Know Much About® History and Two-Bit Culture: The Paperbacking of America.","I have not read a book this quickly in ages. This book is so good--That I want to keep it for myself and not share it with anyone--As if it was written just for me. ""Lost Horizon"" is a mainstream novel and a masterpiece making use of a succinct yet uncomplicated writing style. Recently I had a memory of Frank Capra's film version of this novel--That I first saw over 40 years ago--And I decided to watch it again. I was so impressed and moved by the picture that I decided to read the novel. The film captures the essence of the novel; although the on-screen characters were significantly changed by Capra--Presumably to pull at the heart strings more effectively. Yet despite the characters, and their relationships to each other, having been modified for the movie version of ""Lost Horizon""--The film and its definitive message still end up resembling the book quite closely. This novel--That Amazon categorizes as ""metaphysical""--Will melt any cynic's heart. The idea of living peacefully, serenely and stress-free may be compelling in theory to many Westerners--But their fascination would not be enough for them to give up their striving, competing, overworking and generally not enjoying life to the fullest. In Buddhism all suffering is created in the mind, and so the lamas of Shangri-La use their practice of clairvoyant meditation to keep it at bay. Yet ultimately what guides Shangri-La is the principle of moderation, where one avoids being ""too virtuous"" as well. Reading ""Lost Horizon"" I could not help but be reminded of Herman Hesse's ""The Glass Bead Game""--Another masterpiece which also deals with the themes of a Utopia influenced, and intertwined with, aspects of Eastern philosophy / religion--In particular the practice of meditation. In closing--The idea of a ""world apart""--Where mankind is encouraged to be the ""highest possible version"" of itself--Is a timeless notion that will always be seductive.Stephen C. Bird, author of ""Hideous Exuberance"""
Hop! Plop!,"[""John O'Loughlin""]",['Poetry'],"CONTEMPLATIVE ABSTRACTS is the logical sequel to 'Abstacts' (1983) which, being readerly, or capable of being read, was non-contemplative and therefore a precondition of abstract poems that require only to be contemplated, since effectively a species of word art. The five books in this project represent different stages in John O'Loughlin's development of a non-readerly, or contemplative, style of poetic composition, and have also been published separately under the headings 'Contemplations' (1985), 'Supercontemplations' (1993) and 'Ultracontemplations' (1994), the first of these being in three books and therefore containing the greater percentage of the material now available in one volume, as the collected contemplative abstract poems.","The language is sharp, the images bright, and any toddler would delight in following an adult reading the book. A definite delight."
How to Make Love All the Time: Make Love Last a Lifetime,['Barbara De Angelis'],['Family & Relationships'],"A psychologist advises readers how to avoid mistakes in love, find the right partner, rekindle passion, prevent relationship burnout, argue fairly, and more",I believe this is a great book to read if you are in a relationship and looking to grow. It has some great ideas and gets you asking the right questions. My only negative point in the books is that there is a section towards the back for single people and I'm sure a single person would not reach that part of the book as the rest is geared towards couples and sharing your love. It is NOT a sex book as some might think but there is a chapter that gives good advise. It is about learning to make love the rest of your life and not just the bedroom.
The World from Rough Stones,['Malcolm Macdonald'],['Fiction'],"The unforgettable first novel in the classic Stevenson Family Saga from epic master Malcolm Macdonald John Stevenson is a just a foreman when a near-fatal accident bring young Nora Telling into his life. Her nimbleness of mind and his power of command enable them to take over the working mill and rescue it from catastrophe. Together with their friends the Thorntons-who are troubled by a marriage mismatched in passion-they are willing to risk any dare, commit themselves to any act of cunning on their climb from rags to riches. The first novel in the classic Stevenson Family Saga, The World from Rough Stones is the epic story of two ambitious but poor young people who, at the very start of the Victorian Era, combine their considerable talents to found a dynasty and go on to fame and fortune. ""A monumental saga...rich and tremendous."" -Boston Globe ""A saga of immense power...the most exciting since the Swanns of Delderfield and the Forsytes of Galsworthy!"" -Cincinatti Times ""Zestful research and Macdonald's mastery of the dialects and speech of all classes bring his novel noisily to life from the first to the last page."" -The [London] Times ""A powerful new novel...a successful attempt to blend fiction with authenticity. The story is rich with colourful characters, brawling, boozing, and bedding...leaves the reader waiting impatiently for the next novel in what must be a memorable series."" -Yorkshire Evening Post","Found this in the library by just nabbing it off the shelf.. A must read for anyone in middle school or above. A celebration of a woman with brains, Mathematics, romance Life lessons, brain visuals, amazing. Loved it. followed byThe Rich Are With You Always."
The Hobbit,['J. R. R. Tolkien'],['Juvenile Fiction'],"Celebrating 75 years of one of the world's most treasured classics with an all new trade paperback edition. Repackaged with new cover art. 500,000 first printing.","A true classic. After recently slogging through most of the pre-Hobbit works (e.g. the Silmarillion, Chidren of Hurin, etc.) it was refreshing to re-visit the easy-to-read Hobbit. The book runs through the story of how Bilbo Baggins ended up with the One Ring around which the events of The Lord of the Rings revolve - though it really is a small plot element when compared with the adventures the characters have in enchanted woods, dark caves, dragon hordes, elven dungeons, and battlefields that occur in the rest of the book. The book gives a wonderful introduction to Tolkien's universe and weaves a spellbinding tapestry of sorcery and adventure that provides a great prologue to Tolkien's greatest work. A short and easy read (especially compared to Tolkien's other works) that I've added to my short list of books that I read again and again. A wonderful afternoon escape that almost everyone will love...let's just hope the upcoming pair of movies does it justice."
"20, 000 Leagues Under the Sea",['Jules Verne'],,"The year 1866 was signalised by a remarkable incident, a mysterious and puzzling phenomenon, which doubtless no one has yet forgotten. Not to mention rumours which agitated the maritime population and excited the public mind, even in the interior of continents, seafaring men were particularly excited. Merchants, common sailors, captains of vessels, skippers, both of Europe and America, naval officers of all countries, and the Governments of several States on the two continents, were deeply interested in the matter. For some time past vessels had been met by ""an enormous thing,"" a long object, spindle-shaped, occasionally phosphorescent, and infinitely larger and more rapid in its movements than a whale. The facts relating to this apparition (entered in various log-books) agreed in most respects as to the shape of the object or creature in question, the untiring rapidity of its movements, its surprising power of locomotion, and the peculiar life with which it seemed endowed. If it was a whale, it surpassed in size all those hitherto classified in science. Taking into consideration the mean of observations made at divers times—rejecting the timid estimate of those who assigned to this object a length of two hundred feet, equally with the exaggerated opinions which set it down as a mile in width and three in length—we might fairly conclude that this mysterious being surpassed greatly all dimensions admitted by the learned ones of the day, if it existed at all. And that it DID exist was an undeniable fact; and, with that tendency which disposes the human mind in favour of the marvellous, we can understand the excitement produced in the entire world by this supernatural apparition. As to classing it in the list of fables, the idea was out of the question. On the 20th of July, 1866, the steamer Governor Higginson, of the Calcutta and Burnach Steam Navigation Company, had met this moving mass five miles off the east coast of Australia. Captain Baker thought at first that he was in the presence of an unknown sandbank; he even prepared to determine its exact position when two columns of water, projected by the mysterious object, shot with a hissing noise a hundred and fifty feet up into the air. Now, unless the sandbank had been submitted to the intermittent eruption of a geyser, the Governor Higginson had to do neither more nor less than with an aquatic mammal, unknown till then, which threw up from its blow-holes columns of water mixed with air and vapour. Similar facts were observed on the 23rd of July in the same year, in the Pacific Ocean, by the Columbus, of the West India and Pacific Steam Navigation Company. But this extraordinary creature could transport itself from one place to another with surprising velocity; as, in an interval of three days, the Governor Higginson and the Columbus had observed it at two different points of the chart, separated by a distance of more than seven hundred nautical leagues.","20,000 Leagues Under the Sea by Jules Verne is a classic science fiction novel published in 1870. The book's original title Vingt mille lieues sous les mers, the literal translation would be ""Seas"" which might imply the seven seas.The story is told from the view point of Professor Pierre Aronnax, a famous French marine biologist. The professor accepts an invitation to join an expedition to destroy a sea monster who is sinking ships. Along for the ride come Canadian harpoonist Ned Land and Conseil, the professor's servant.The expedition fails, the monster sinks it and the Professor, Ned Land and Conseil find themselves at the mercy of Captain Nemo, who commands The Nautilus, a submarine the likes of which have never been seen.I have read 20,000 Leagues Under the Sea by Jules Verne in two languages and several versions. I have to say that this translation beats them all.The book shows Verne's genius which is tough to translate, the characters come alive on the pages and the adventures they go through are exciting. The comedic tone and even psychology show well in this wonderful translation.As in the previous versions I have read, there are many ""lists"" and descriptions of the ocean life. I have to say that I did skimmed through the lists but read the descriptive parts enthusiastically. With the exception of intricate scientific names, which lend credibility to this fantasy, I found the book absorbing and engrossing. I'm glad I read it again.While submarines today are common place and almost anyone of can go and visit one (there are several older submarines which one can go on), the fantastic voyages and imagination are inspiring today as they were in 1870.What I love about this book is that the translators took their time to write an excellent introduction and, best of all, wonderful footnotes which, as I said time and time again, make a translated book into a cultural experience and raises the level of enjoyment by multiple degrees.Not many people are aware, but almost a whole quarter of the book was literally lost in translation. This wonderful edition, translated by Water James Miller and Frederick Paul Walter, restores those pages as well asIf you ever wondered what the big hoopla is about Jules Verne, read this version and you'll find out."
"No Secrets, No Lies: How Black Families Can Heal from Sexual Abuse",['Robin Stone'],['Self-Help'],"With a foreword by Joycelyn Elders, M.D., No Secrets, No Lies is a powerful and daringly honest resource guide for families seeking to understand, prevent, and overcome childhood sexual abuse and its devastating impact on adult survivors. An estimated one in four women and one in six men is abused by age eighteen, most often by someone they know. Most of these sexual assaults are never disclosed, much less reported to the police. No Secrets, No Lies demystifies the cultural taboos and social dynamics that keep Black families silent and enable abuse to continue for generations. Among them: ?Fear of betraying family by turning offenders in to ""the system"" ?Distrust of institutions and authority figures, such as police officers ?Reluctance to seek counseling or therapy ?A legacy of enslavement and stereotypes about black sexuality Through compelling personal accounts from everyday people, Robin D. Stone, a sexual abuse survivor herself, illuminates the emotional, psychological and hidden consequences of remaining silent, and provides holistic, practical steps to move toward healing. No Secrets, No Lies candidly speaks to: survivors, telling them they are not at fault, not alone and how they can seek help; parents, guardians and caretakers, explaining how they can keep children safe and help survivors recover; and family, friends and other loved ones, showing ways to lend support.","This book clearly shows how sexually abused non-white women are still forced into a double bind. If they publically disown non-white men who have sexually abused them, the women in turn are accused of being traitors to their ethnic group. Sexual abuse is endemic in all cultures and ethnicities. This book shows how non-white women and girls can heal, but only their cultures and communities are no longer prepared to excuse male sexual violence. This book shows women and girls can heal, but seual abuse and racism go hand-in-hand, they are not separate issues as the author clearly shows. An invaluable book which is a must read as it shows the clear connection between sexual abuse and racism."
Call of the Mall : The Geography of Shopping by the Author of Why We Buy,['Paco Underhill'],['Business & Economics'],"Profiling malls as powerful intersections of American consumer marketing, the media, and street culture, an examination of malls as reflections of commercial and social culture considers what does and does not work in a mall setting and what malls mean to everyday people. Reprint. 50,000 first printing.","""Call Of The Mall"" follows on from the most fascinating, entertaining and useful retail research book ever written, ""Why We Buy. The Science of Shopping"" which is a must read for everyone involved with retail.""Call Of The Mall"" is also easy to read, though it has far more of Paco Underhill's opinions and far less actual research to back up his conclusions. It examines how Americans use the mall, what it means, why it works when it does and why it often doesn't work at all well.I have the feeling with this book that Paco Underhill has been reading too much of his publicity and now believes he is a witty, entertaining writer. So, in some ways it's a bit of a let down. However, for anyone involved in a management role within shopping centres it's still a `must read'."
A Soldier of the Great War,['Mark Helprin'],['Fiction'],"A Roman student is torn from his carefree life when World War I breaks out, and fifty years later, recounts the triumphs and tragedies of his existence to an illiterate factory worker","Good grief. At the time I wrote the recent review, I had finished only the first 600 pp. Therefore I wish to add the following: by the last few pages I could do nothing but speed read; it was just too much of an emotional strain. As a matter of fact, tears fell down my face for about 20 minutes as the last line echoed through all the emotional caverns in my head and heart. Just now I tried reading the final three paragraphs again, and simply could not do so, just too moving and gripping. This is the greatest book I have ever read (ok, except for several of Solzhenitsyn's). Stunning would be the right word. It isn't that the main character is Everyman, but he expresses the grief and hope of all time. Indelible imagery throughout. Over and out of breath."
Striking Out,['Will Weaver'],['Juvenile Fiction'],"Up until now, Billy Baggs's life has been loaded with nevers. Never been to a movie. Never played baseball with a real team. Never got over feeling guilty for the loss of his brother. But change is in the air. Billy discovers he has a natural talent for baseball, especially as a pitcher. Maybe, just maybe, there's more in store for him than life on the farm. But can Billy convince his father of that? Or is he destined to spend the rest of his life pitching nothing but hay?Teenager Billy Baggs is desperately needed on his family's struggling dairy farm, but he's also an extraordinarily gifted natural baseball player. How he struggles to reconcile his father's desire to keep him on the farm with his coach's interest in getting him on the field is at the heart of this ‘meaty story.… The complex characters grow and change in profoundly real ways.''K. ‘[With] flashes of humor, a wealth of lovingly recounted details evokes the difficult daily life on a small dairy farm.''Publishers Weekly. 1994 Best Books for Young Adults (ALA) 1994 Books for the Teen Age (NY Public Library) 1993 ""Pick of the Lists"" (ABA)","I teach 7th and 8th grade language arts and this book has been responsible for turning some of my most reluctant readers into students who can't get enough of this series. Their biggest complaint is that there are only three books to the series. I think the reasons they love this book so much is that Will Weaver makes all the characters so believable. Students can relate to the life Billy has. The fact that the book starts out with a tragic accidental death gets the kids to want to read more. This isn't a book about baseball. It is about a young man struggling to cope with the life he's been given by his parents-especially his calloused father. Even though Billy complains about the way his father is, the author has a very realistic way of making Billy's character act and sound just like his father, even though Billy doesn't realize it. This isn't just a book for boys either. The fact that Billy is at the age where his hormones are working at full capacity also draws in reluctant female readers. At the beginning of every school year, this is the book I introduce and recommend to my most reluctant readers, and it has never failed to turn them into readers!"
Paradise Alley,['Kevin Baker'],['Fiction'],"They came by boat from a starving land—and by the Underground Railroad from Southern chains—seeking refuge in a crowded, filthy corner of hell at the bottom of a great metropolis. But in the terrible July of 1863, the poor and desperate of Paradise Alley would face a new catastrophe—as flames from the war that was tearing America in two reached out to set their city on fire.","Along with ""Banished Children of Eve,"" by Peter Quinn, one can get an exciting and fully rounded account of events leading up to the New York City Draft Riots of 1863. Patiently and in polished fashion, Baker's fictional characters represent the real masses whose own turbulent circumstances (being treated as second- or third-class citizens for hundreds of years in their own country, Ireland, and recently emigrated from there instead of facing a certain death from famine) helped lead to the riots. One can read that the groundwork had been patiently laid by events out of the individuals' control, both black and white. It is a fascinating read about the type of undercurrents that still exist today in our country."
"Torpedoes in the Gulf: Galveston and the U-Boats, 1942-1943",['Melanie Wiggins'],['History'],"At the beginning of America's involvement in World War II, Galveston Island was a recreation center for servicemen. Every evening throngs of soldiers, sailors, and Marines strolled along the seawall, basking in the warm sun and soft Gulf breezes. It was paradise on earth. Small wonder that German U-boat commanders caught Americans totally unprepared for a Gulf attack. Between 1942 and 1943, twenty-four German submarines entered the Gulf of Mexico and attacked American and Allied ships, sinking fifty-six merchant ships and damaging fourteen more. Although responses were initially chaotic, Americans soon established a defense system that could cope with the threat.",Ms. Wiggins has covered the human aspects of this part of World War II submarine operations with a fresh and interesting perspective. Her inclusion of personal interview material make the story more credible. A good read for any history buff.Cdr. John A. Holt USN(Ret)
Girl with a Pearl Earring,['Tracy Chevalier'],['Fiction'],"A poor seventeenth-century servant girl knows her place in the household of the painter Johannes Vermeer, but when he begins to paint her, nasty whispers and rumors circulate throughout the town, in a deluxe edition of the best-selling novel that is enhanced by full-color reproductions of the Vermeer paintings mentioned in the book. Reissue.","Although I enjoyed the story and characters quite a bit, there seemed to be something missing in this piece by Tracy Chevalier. It often seems that Chevalier is trying to convince the reader of Griet's innocence and naivety while it does not naturally exist in the character herself. It seems in some chapters that Griet is a chaste and innocent Protestant girl, while in other chapters Griet has no regard for the marriage of her master and mistress and wishes to commit the sin of adultery. This would normally make for a complex and thoroughly dynamic character but in this case, it is barely pulled off. Overall I thought the book was a nice, weekend read that did not live up to my literary expectations."
Red Moon,['RK Close'],['Fiction'],"It’s out of the frying pan and into the fire for this private investigator. I’ve barely learned that vampires exist, and I’ve somehow killed one, and I'm dating another. Life is complicated. My recent case has some loose ends—and I’m one of them. A powerful paranormal family hired me to find their missing daughter, but the Taylors have some skeletons in their closet. If I don’t want to become one, I need to work faster and smarter. My survival depends on it. When I thought things couldn’t get worse, Adam vanishes without a trace and, according to Jacob, a witch may be to blame. Did I mention that witches give me the creeps? Time is running out for Adam and me. It’s imperative that I find the missing girl to prevent a bloody shifter turf war, but finding Adam is all I can think of. It may have taken losing Adam twice to make me realize I need him in my life, but I won’t let him go without a fight. ★★★★★ “Samantha's life has sure gotten a whole lot more complicated since she learned about the paranormal world around her. Sam's new case introduces her to werewolves, and she's surprised to find out that some of her friends are wolves. But as the mystery and danger heats up on the case, a vengeful person from Adam's past comes back threatening the developing relationship between them. As Sam learns more about the paranormal world, she's got more questions than answers and some of those questions are about herself. It will take all her friends and new acquaintances and a bit of luck if she and Adam are able to survive this trial. The story will draw you in and leave you guessing as the pages are filled with mystery, suspense, romance, and action.”—READER REVIEW Start the exciting continuation of the Vampire Files Trilogy tonight! Then read Magic ~ A Shadow Files Novel, the next book in the series!","There was a lot to like about this book. The characters were well developed and, although I am not a fan of this, bounced from three different viewpoints; one of Russian Cosmonaut in question; one of the Lunar team commander and one of an American researcher in Moscow. All in all, it was a good read and I will be looking more closely at this author."
Wildfire,['Gary Ferguson'],['Nature'],"“This comprehensive book offers a fascinating overview of how those fires are fought, and some conversation-starters for how we might reimagine our relationship with the woods.” —Bill McKibben, author of Eaarth: Making a Life on a Tough New Planet Wildfire season is burning longer and hotter, affecting more and more people, especially in the west. Land on Fire explores the fascinating science behind this phenomenon and the ongoing research to find a solution. This gripping narrative details how years of fire suppression and chronic drought have combined to make the situation so dire. Award-winning nature writer Gary Ferguson brings to life the extraordinary efforts of those responsible for fighting wildfires, and deftly explains how nature reacts in the aftermath of flames. Dramatic photographs reveal the terror and beauty of fire, as well as the staggering effect it has on the landscape.",I really enjoyed reading this book again. Its been close to 60 years since I read it the first time. If you like westerns you should like this one.
A Woman After God's Own Heart (Walker Large Print Books),['Elizabeth George'],['Religion'],"Author Elizabeth George shares practical, scriptural insights on how readers can pursue God's priorities concerning family, home, and ministry.","This is a truly useful book, particularly for the woman with a husband and family (like me). Ms. George takes the reader on an examination of her most important spheres of influence, her relationships, and hones them with an eye towards living to please God. Sharing liberally from her own life with well-placed examples and anecdotes, each chapter has cogent advice, and a boatload of suggestions for how to become the scriptural ideal of a woman after God's own heart. The bar is high here, as it should be, and there is much to challenge ordinary female souls seeking to excel in the calling God has placed them in. Is there room for improvement in an area of your life, whether it be as a wife, mother, keeper of the home or otherwise? Trust this book to help you step upwards, moving you higher towards the goal ""for which God has called you heavenward in Christ."" I rarely give raves for ""Bible help"" books, but this one forced me to slow down and study its ideas and scripture references. I hope I may even have learned to implement more than a few."
Trump: How To Get Rich,"['Donald Trump', 'Meredith McIver']",['Business & Economics'],"The famed real-estate and media mogul draws on his own personal experiences to explain how to negotiate, manage, create, and keep personal wealth in the new economy. Reprint.","I have read every book written by Donald Trump. This one, like the others, was outstanding. It's hard to dispute Donald Trump's financial success. So, when Donald Trump speaks ""finances"" I'll listen...and read."
David Copperfield,['Charles Dickens'],['Fiction'],"For David Copperfield, orphaned and with a cruel stepfather, the future looks bleak. But a new start beckons with the magnificent Mr Micawber, then with his eccentric aunt, Betsey Trotwood.","My favorite Dickens novel, and one I pull out again every few years for a re-read. I'm probably drawn to it at least partly because of Dickens' own partiality to it - he was quoted as calling it his ""favorite child"", and much of the material is said to be inspired by his own life experiences. It's the kind of tale rarely told anymore: just a simple, unvarnished, yet detailed portrayal of a life. Reading it is like perusing the diary of a person much like ourselves - someone who just lives his or her life from day to day, peppered with their own small dramas and adventures, with few things particularly tremendous or earth-shattering on any large scale, except to that person. The Story of Me, so to speak. Again, not the kind of story told very often anymore, presumably due to our need for more far-reaching plot lines and reading experiences that take us out of our normal range of experience. In the Victorian period, however, the serial novel - produced in bits via magazines - were the fad of the day, so readers looked forward to everyday goings-on of the young David Copperfield, whom we get to know, literally, from birth.In what I think of as classic Dickens (and later, Alger) fashion, David as a young boy finds himself at the mercy of adults who should care for him but do not, and after a miserable childhood is eager to make his own way in the world, and this is when his life truly begins. Along the way he meets some of the most memorable of the many unforgettable characters with whom Dickens has populated his novels: David's loathsome stepfather and step-aunt, the Murdstones, the hysterically loquacious Micawber, David's dear nurse Peggotty, the frivolous Dora and her fiercely silly dog, the sensible, understanding Agnes, and the detestable Uriah Heep, among many others - Steerforth, Emily, Tommy Traddles, Ham, Mr. Peggotty, Mrs. Gummidge...the list goes on, each character more delightful than the next. Amidst the minutiae are the very real dramas of every day life - a young woman's ruined reputation, a mismatched marriage made and endured, the ever-hovering threat of poverty and disgrace in a tenuous world, betrayals in both love and commerce, and every small experience of love, struggle, and redemption are played out here.For me David Copperfield will always be a treasure of a story, one that spotlights how each of our lives, no matter how seemingly small or unremarkable, are truly enormous oceans of experiences unique to each one of us."
Nowhere Man,['Gregg Hurwitz'],['Fiction'],"Includes 7 free chapters of HELLBENT, the latest in the international bestselling Orphan X series. Spoken about only in whispers, the Nowhere Man can only be reached by the truly desperate, he can —He will do anything to save them. Evan Smoak is the Nowhere Man. Taken from a group home at twelve, Evan was raised and trained as part of the Orphan Program, an off-the-books operation designed to create deniable intelligence assets—i.e. assassins. Evan was Orphan X. He broke with the Program, using everything he learned to disappear and reinvent himself as the Nowhere Man. But his new life is interrupted when a surprise attack comes from an unlikely angle and Evan is caught unaware. Captured, drugged, and spirited off to a remote location, he finds himself heavily guarded and cut off from everything he knows. His captors think they have him trapped and helpless in a virtual cage but they don’t know who they’re dealing with—or that they’ve trapped themselves inside that cage with one of the deadliest and most resourceful men on earth. Continuing his electrifying series featuring Evan Smoak, Gregg Hurwitz delivers a blistering, compelling new novel in the series launched with the instant international bestseller, Orphan X.","Jozef Pronek, as a teenager in Sarajevo, loves the Beatles, and, not surprisingly, forms a band with other young people, all of whom, like Jozef, have dreams but no prospects, their favorite song being ""Nowhere Man."" Later, almost by accident, Jozef finds himself living in Chicago, thousands of miles from the Balkan war which is destroying his country, still without prospects. As he and several named and unnamed narrators relate episodes from Jozef's unfocused life throughout the 1990's, the story jumps from Chicago to Sarajevo to Kiev and Shanghai, following no sequential order, and always returning to the controlling idea that ""There was a hole in the world, and I fit right into it; if I perished, the hole would just close, like a scar healing...""Hemon, a Sarajevo native who didn't begin writing in English until 1995, achieves immense power by keeping his sentence structure simple, acutely observing the minutiae of Jozef's life, meticulously selecting images which are both visually and emotionally memorable, then firing them at us in a staccato series of flashes. Just before a job interview, for example, Jozef recalls smashing cardboard boxes, a cat eating the head of a mouse, the Bosnian war as seen on TV, and a passing driver pointing a finger at him and pretending to shoot. Boiling eggs are seen as ""iris-less eyes,"" and he has ""butterflies in [his] stomach, ripping off one another's wings."" With irony and dark humor, he recalls a woman calling out to her lost dog, ""Lucky Boy,"" while a young ESL teacher addresses her class as ""you guys"" and conducts lessons about Siamese twins.Jozef is a character with whom most readers will empathize, and as we view his life at home and abroad, we root for his success at the same time that we fear his failure. ""The possibility that the world can never respond to [Jozef's] desires torture[s] him."" Because separating Jozef from all his fantasies is not always easy, some readers may still be wondering at the end of the novel, ""Who is Jozef Pronek, really?"" however, and his world, in which an ""omniscient, omnipotent, but not necessarily benevolent being"" is in control, will not appeal to everyone. For those who love language used in fresh ways, however, this novel offers innumerable delights and great satisfaction. Mary Whipple"
Bend in the Road,['Nicholas Sparks'],['Fiction'],"Fall in love with this small-town love story about a widower sheriff and a divorced schoolteacher who are searching for second chances -- only to be threatened by long-held secrets of the past. Miles Ryan's life seemed to end the day his wife was killed in a hit-and-run accident two years ago. As deputy sheriff of New Bern, North Carolina, he not only grieves for her and worries about their young son Jonah but longs to bring the unknown driver to justice. Then Miles meets Sarah Andrews, Jonah's second-grade teacher. A young woman recovering from a difficult divorce, Sarah moved to New Bern hoping to start over. Tentatively, Miles and Sarah reach out to each other...soon they are falling in love. But what neither realizes is that they are also bound together by a shocking secret, one that will force them to reexamine everything they believe in-including their love.",I loved that the couple ended up together at the end even though you kind of wandered what would happen.
Every Landlord's Tax Deduction Guide,['Stephen Fishman'],['Business & Economics'],"Rental real estate provides more tax breaks than almost any other investment. But the majority of the nation’s 10 million landlords own only one or two units and can’t afford high-priced tax advice from experts. Every Landlord’s Tax Deduction Guide provides landlords with the tax information they need. This edition has been completely updated to cover all the latest changes in the tax laws brought about by the COVID-19 relief legislation passed by Congress, including how landlords can deduct rental losses caused by the pandemic, new sick leave and family leave tax credits for self-employed landlords, employee retention credit, and tax-free treatment of landlord PPP loans. This book also explains: how landlord businesses are legally organized how to maximize depreciation deductions distinguishing between repairs and improvements handling casualty and theft losses deducting home office, car travel, and meals how to benefit from real estate professional status hiring workers taking advantage of the 20% passthrough tax deduction how to keep property records filing the landlord tax form: IRS Schedule E.","This is the first Nolo book I've read and I'm impressed. It's a dry subject but I found the writing to be fascinating. I've been reading the book in little cracks of time and I keep coming up with tax stuff I've never heard. My wife is getting tired of me hollering at her and saying ""hey, listen to this"". I've been able to easily skip over the stuff that doesn't apply and find enough tips to pay for the book probably 100 times over. Well, say 50. I'm so glad I bought this book!"
Bliss,['Lauren Myracle'],['Juvenile Fiction'],"New York Times bestselling author Lauren Myracle offers a spine-tingling, unforgettable story of friendship gone very, very wrong. Lauren Myracle brings her keen understanding of teen dynamics to a hypnotic horror story of twisted friendship. When Bliss’s hippie parents leave the commune and dump her at the home of her aloof grandmother in a tony Atlanta neighborhood, it’s like being set down on an alien planet. The only guide naive Bliss has to her new environment is what she’s seen on The Andy Griffith Show. But Mayberry is poor preparation for Crestview Academy, an elite school where the tensions of the present and the dark secrets of the past threaten to simmer into violence. Openhearted Bliss desperately wants new friends, making her the perfect prey of a troubled girl whose obsession with a long-ago death puts Bliss, and anyone she’s kind to, in mortal danger. Lauren Myracle has taken the ubiquitous friendship novel to a new, dark place. F&P level: Z+</DIV>","I enjoyed this book from a clinical standpoint in that a gave me a glimpse into the mind of a lesbian. Fiona Zedde takes us on a journey of realization, discovery, acceptance, and finally ...bliss.I must admit, that I was engrossed, as the main character removed herself from a tedious relationship with a man to be turned out completely by an Uber lesbian. Only to find her heart shattered and then realize that many of the problems that she was faced with in a relationship with a man apply to having one with a woman as well.The tale then slowed down for me a bit, as the main character then ran home to Daddy (which I found a bit ironic) to lick her wounds and patch her soul. Although, the imagery that Zedde paints of Jamaica and it's people is vivid and enlightening, the book dragged a bit as Bliss finally finds true love.As far as erotica goes though, Zedde is no joke. You won't be disappointed with her sex scenes even if you don't swing that way. Girl on girl. Girl's spanking girls. An orgy with girls from every race. Ohhh my! I do believe that I need to take a trip to the bathroom and finish reflecting on my most favorite parts of the book....Euftis EmeryAuthor of Off the Chain"
"Bin Laden, Islam, and America's New ""War on Terrorism"" (Open Media Series)","[""As'Ad Abukhalil""]",['History'],"Lebanese scholar As'ad AbuKhalil examines the roots of the September 11 crisis, the causes for antipathy toward the United States, and the historical relations between the U.S. and the Islamic world. AbuKhalil also reviews the background of U.S. entanglement with the Middle East, and how it catalyzed militant fundamentalist networks that came to perceive the United States as an enemy. Beginning with an introduction on the legacy of Western misconceptions about Islam and Arabs, the book focuses on Islamic fundamentalism and U.S. foreign policy, and the way both polarize the world into a ""good and evil"" ""with us or against us"" view. Drawing heavily from Arabic language sources, AbuKhalil discusses the rise of Osama bin Laden and al-Qaeda, the Saudi connection, the Arab-Israeli conflict, Afghanistan, Pakistan, and the regional implications of the American ""War On Terrorism.""","The book, like all of Abukhalil's other books, is a one-sided opinion on what the current global crisis is all about. However, it fails miserably in being fair and balanced or even informative. This person is basically critical of everything and everyone and brings his own opinions into a debate. His poor attempt to replace Edward Said as a formative expert on the Middle East fails. I would not recommend this book, which I chose not to purchase after breifly leafing though. the book is predictably anti-american. most of the information in it, are either public information or the writer's own personal feelings which are fueled by anymosity and hatred."
Norwegian in 10 Minutes a Day,['Kristine K. Kershul'],['Foreign Language Study'],"Who knew learning Norwegian could be so much fun? Now with a new digital download, the ever-popular ""NORWEGIAN in 10 minutes a day” Book makes learning Norwegian simply a breeze. It’s the perfect blend of education and entertainment. Full of fun activities and useful study tools such as Sticky Labels and a Cut-Out Menu Guide, it’ll have you saying ""god dag” in no time. Whether you’re exploring your Norwegian heritage or cruising the fjords, you’ll have more fun if you can speak Norwegian. Perfect for travelers and students of any age. The ""10 minutes a day” Program: The ""10 minutes a day” proven methodology guarantees success--all you have to do is set aside 10 minutes and you’ll be on your way. Why 10 minutes a day? Because 10 minutes is doable, it fits easily into your life and it’s not overwhelming. The program is created so that you can work at your own pace. You set the pace and you decide when you’re ready to move to the next Step. The book is purposely designed to look like a child’s workbook--it’s not intimidating or overwhelming. Instead, it’s approachable and engaging for everyone at any age. The book covers material equivalent to more than a year of high school Norwegian or the 1st quarter of Norwegian at university. The vocabulary hones in on key essential words that you’ll actually use when traveling. You’ll learn Key Question Words so you can ask for what you need; money and numbers so you can shop and pay bills; directions so you can get to your destination smoothly, and so much more that will make your experience abroad enjoyable. Study aids and fun activities such as word games, puzzles and interactive modules are academically designed and strategically interwoven into the program to help you succeed. Contents include: The 132-page illustrated workbook: Use the book to guide you, step-by-step, through learning and speaking Norwegian. Full color throughout: Visually engages you and is conducive to learning quickly. Digital download of ""10 minutes a day” language learning software: Use the interactive modules to hear the words, practice and play, track your score and have fun! (PC and Mac friendly) 150 Sticky Labels (both in the book and for your computer): Place the Sticky Labels around the house and office to learn new words without any extra time or effort. Use the interactive Sticky Labels module on your computer to hear the words, review, keep track of your score and improve. Ready-made Flash Cards (both in the book and for your computer): Take the ready-made flash cards with you and review your vocabulary on the go. Use the interactive Flash Card module on your computer to hear the words, practice and test yourself. Cut-out Menu Guide: Practice at your local restaurant and take it on your trip. Pronunciation Guide: With the Guide and simple phonetics above each Norwegian word, it’s easy for native English speakers to begin speaking Norwegian with the correct pronunciation. Over 300 ""Free Words:"" Sounding similar to their English counterparts, these Norwegian words take no extra effort to add to your vocabulary. Glossary of over 2,000 new words, definitions, and pronunciation: So you can quickly look up a Norwegian word, its pronunciation and definition.",This book is just what I was looking for. I am so glad I purchased it.
The Color of Water,['James McBride'],['Fiction'],"Lieveheersvogel is een opmerkelijk en tot de verbeelding sprekend boek, geschreven door de opvallend veelzijdige auteur James McBride. Het is een geweldige combinatie van geschiedenis en verbeeldingskracht, geschreven met een nauwkeurig gevoel voor detail en personages. Slavenzoon en wees Henry Shackleford is gedwongen te vluchten en wordt aan de vooravond van de Amerikaanse burgeroorlog opgenomen in het gezelschap van John Brown, een militant voorstander van de afschaffing van de slavernij. Henry wordt door de blanke Brown voor een meisje aangezien. Hoewel hij zich in eerste instantie schaamt, ziet hij al gauw de voordelen van zijn nieuwe identiteit en vrijheid. Het verhaal van Lieveheersvogel ontspint zich rondom deze twee onvergetelijke karakters tijdens een cruciaal moment in de Amerikaanse geschiedenis, waarin de afschaffing van de slavernij centraal staat. McBride diept met lef, humor en gevoel dit pijnlijke onderwerp uit en biedt een nieuw perspectief op deze beslissende periode.","I am biracial like the author and I found I had a lot of things in common with his experience. Mostly, I was in awe of the strength of the mother to bring up her 12 &quot;black&quot; children in such an unforgiving and jugemental world. This book is a true account of a mother's perseverance and love..."
Collapse: How Societies Choose to Fail or Succeed,['Jared Diamond'],['History'],"In Jared Diamond’s follow-up to the Pulitzer-Prize winning Guns, Germs and Steel, the author explores how climate change, the population explosion and political discord create the conditions for the collapse of civilization. Diamond is also the author of Upheaval: Turning Points for Nations in Crisis Environmental damage, climate change, globalization, rapid population growth, and unwise political choices were all factors in the demise of societies around the world, but some found solutions and persisted. As in Guns, Germs, and Steel, Diamond traces the fundamental pattern of catastrophe, and weaves an all-encompassing global thesis through a series of fascinating historical-cultural narratives. Collapse moves from the Polynesian cultures on Easter Island to the flourishing American civilizations of the Anasazi and the Maya and finally to the doomed Viking colony on Greenland. Similar problems face us today and have already brought disaster to Rwanda and Haiti, even as China and Australia are trying to cope in innovative ways. Despite our own society’s apparently inexhaustible wealth and unrivaled political power, ominous warning signs have begun to emerge even in ecologically robust areas like Montana. Brilliant, illuminating, and immensely absorbing, Collapse is destined to take its place as one of the essential books of our time, raising the urgent question: How can our world best avoid committing ecological suicide?","This book contained too much information to even ry to summarize in a review, so I'm not even going to try. Instead, I have very little to say about this book overall. My favorite chapters had to be the one's about the past socities (mostly, no doubt, due to my love of history). I was surprised to not love the chapters about Norse Greenland. I think that is becasue I already knew so much of it already (like Renee didn't love the chapter about the Maya b/c she knew it all, told you I jinxed myself, Renee!). My favorite chapter out of all of them had to be the one about Easter Island, followed by the chapter about Pitcairn and Henderson Islands (the chapter was titled ""The Last People Alive"", which gives a stark image of a person all alone on a island just waiting to die). Aside from the history chapters in general, I also found the chapter about big business to be interesting.I might come back later and write a epic review, since I really did take notes over this book (I really did! Some of them might even be useful for a review!) but I hate writing long reviews and the internet is still acting odd, so no promises! I'm hoping to at least write a longer review, but I don't know what else to say, so this is it."
La Cucina,"['Lidia Bastianich', 'Jay Jacobs']",['Cooking'],"Now available as a handsome Broadway trade paperback: The debut cookbook of celebrity chef Lidia Bastianich, whose three cookbooks have netted nearly 320,000 copies to date. She's become famous for her Italian-American cuisine, but Lidia Bastianich's early repertoire focused on the distinctive Italian cuisine of Istria, her native land, located on Italy's northeastern Adriatic coast and bordering the former Yugoslavia. Encompassing recipes, memories, and photographs from her childhood, Lidia's premiere cookbook is in many ways her most personal. La Cucina di Lidia invites readers to savor antipasti such as Polenta with Fontina and Porcini Mushrooms or Shrimp and Mixed Bean Salad. Rice and pastas include Plum Gnocchi, Risotto with Squash Blossoms and Zucchini and Tagliatelle with Leek Sauce. Entrees feature fish (Swordfish in Sweet and Sour Sauce), fowl (Roast Chicken with Rosemary and Orange), meat (Stuffed Breast of Veal), and game (Duck Roasted with Sauerkraut). Desserts range from ChocolateZabaglione Cake to Apple-Custard Tart. La Cucina di Lidia highlights an Italian cuisine infused with the flavors of Eastern Europe. In this cookbook classic, Lidia Bastianich brings uncomplicated recipes yet unforgettable tastes to the table.","This is the sort of read you will either love or hate. Myself, I liked it! The style, as well as the main character are quirky.I like that. The author's ability to place supporting characters to the side, almost blurred, brings the first person protagonist into sharp focus. It is quite skillfully done and I am afraid some of the reviewers of this book missed the point completely. All in all, a good story, well done. Would recommend it."
The Illustrated Man,['Ray Bradbury'],['Fiction'],"Eighteen science fiction stories deal with love, madness, and death on Mars, Venus, and in space.","""Eighteen illustrations, eighteen tales."" ""The illustrations came to life...""A man is encountered who has skin Illustrations all over his body. Each illustration represents a tale from the future. The illustrations come to life and tell a tale of doom or impending doom. In this way ray Bradbury can tell related but different tales in this book. Its Bradbury's writing style and dialogue that holds you as much as the storyline.At first they are intriguing and fresh. Later they don't as much repeat but are similar in form and function.One of the best ""The Veldt"" is first. Of course everyone will have a different favorite.I suggest that you make your cats leave the room if you read out loud.The Veldt (Classics Stories of Ray Bradbury)"
The Killing Zone - My Life in the Vietnam War,['Frederick Downs Jr.'],['History'],"“The best damned book from the point of view of the infantrymen who fought there.”—Army Times Among the best books ever written about men in combat, The Killing Zone tells the story of the platoon of Delta One-six, capturing what it meant to face lethal danger, to follow orders, and to search for the conviction and then the hope that this war was worth the sacrifice. The book includes a new chapter on what happened to the platoon members when they came home.","This is my second book on Vietnam War and it worth it. I know that very young people fought this war, but it still surprise me the age of this lieutenant, in charged of many lives. Reading the day to day living, you realize the reasons why USA didn't win this war.I was delighted with this book because it gave a glimpse of military strategy, leadership and the true reality when you have to fight for your life and the lives of your group. You become aware that, despite the excellent skills as a soldier that someone might have, there is always a considerable percentage that is just lottery, whether you become a wounded or death man (peanut)."
This Time for Keeps,['Richard J. J. O’Connor'],['Biography & Autobiography'],"This memoir describes what it was like growing up as the youngest member of a large, boisterous Irish-American family in Massachusetts during the 1940s and 1950s. The author also tells about his experiences as a young naval officer during the Cuban Missile Crisis, his work in international communicable disease control as a Commissioned Officer of the U.S. Public Health Service, and later teaching and research involvement at several universities in the development and application of computer-based individualized instruction, and emerging K-12 classroom technologies.","This is a hilarious time travel about a woman who has bad, bad luck with men. She gets a second chance after being accidently killed by her date's bowling ball. In this second chance she is send to the past in the old west. There she finds herself in another body and trying to find out what is going on. This story has a backdrop plot of past lives in which her past lives never work out because her soul mate keeps blundering and she ends up dead. I love this book, wish the author would return to this genre."
"A Feast for Crows (A Song of Ice and Fire, Book Four)",['George R. R. Martin'],['Fiction'],"The kingdom exists in a state of perilous equilibrium following the death of a monstrous king, a regent ruling in King's Landing, and few claimants to the Iron Throne, until new conspiracies and alliances begin to erupt.","I'm shocked at how little this book has to offer.Let me sum it up for you....you do not know or care about most of the characters in this book, they are new, boring, not relevant to the story, boring, seem to be shoe-horned into the series for no apparent reason...and did I mention Boring?Can't tell you what happened in the last quarter of the book, I tossed it!I rarely fail to finish a book, its an odd twist in my personality, I have to finish!Could'nt swing it here.The first 3 are some of the most amazing Fantasy I have ever read, Loved them.This one is nonsense.Ill wait for Book 5....but Ill wait till I hear some reader reviews, if its more of the same, I'm sorry to say i'll have to be done with my one of favorite authors.Just skip this book.....seriously.""Nothin' to see here, keep moving, Nothin to seee!"""
A Factory of Cunning: A Novel,['Philippa Stockley'],['Fiction'],"First published in 2005, this story tells how in the years before the French Revolution, London is an unsettled, dangerous place: the scene of an exquisite, thrilling tale of revelation and revenge. One freezing May morning, two veiled women step off the boat from Holland. A French lady, calling her Mrs Fox, and her maid: they are on the run. Fearing for her life, Mrs Fox must make her way in a strange new city . . . but both her past and present crackle with danger. Immoral and beautiful, Mrs Fox has always used men to support and amuse her. Trusting on her wits to keep ahead of the hangman, she manipulates others to survive: gullible Lord Danceacre; sweet Violet Denyss; and degenerate predator, Earl Much. Yet in the Earl, Mrs Fox has met an adversary whose sadistic viciousness is a match for her own attempts to destroy him. Games are played with ever higher stakes, until someone must pay the penalty - but will it be the innocent or the damned? Through a dark, quick world of liars and lechers, where infidelity and intellect cross swords with desire or death, Mrs Fox hurtles towards a horrible climax. Here is London, 1784 . . . Welcome to a factory of cunning.","I would rather poke out my eyes with hot knives than read this book again. I don't think it would be possible for me to care any less about the characters. The writing is not enjoyable to read. It is as if the author was doing an exercise in a writing - perhaps becoming bored with writing, or maybe this was her thesis in getting her masters. I love to read good books, heck - even mediocre beach-reads are OK. If you are stranded on a deserted island and have only this book as entertainment - take a walk and look for pretty shells."
Great Expectations,['Charles Dickens'],['Fiction'],"Penguin Classics e-books give you the best possible editions of Charles Dickens's novels, including all the original illustrations, useful and informative introductions, the definitive, accurate text as it was meant to be published, a chronology of Dickens's life and notes that fill in the background to the book. This Penguin Classics edition of Great Expectations also includes Dickens's alternative ending to the novel. A terrifying encounter with an escaped convict in a graveyard on the wild Kent marshes; a summons to meet the bitter, decaying Miss Havisham and her beautiful, cold-hearted ward Estella; the sudden generosity of a mysterious benefactor - these form a series of events that change the orphaned Pip's life forever, and he eagerly abandons his humble origins to begin a new life as a gentleman. Dickens's haunting late novel depicts Pip's education and development through adversity as he discovers thetrue nature of his 'great expectations'.","Book is lovely but is not actually yellow, the cover color is actually orangish and I've seen better quality in Penguin Classics (the really thin parts of the cap are covered with ink).A bit deceiving, but would really appreciate if the cover photo was true to the product."
Trees and Shrubs of Colorado,['Jack L. Carter'],['Nature'],"This book encourages the layperson to learn more about their life zone and serves as a field guide to better appreciate the ecology, evolution, and geography of Colorado vegetation. More comprehensive than the first, this is a must for anyone interested in the diverse vegetation in Colorado.",This worthless book follows some arcane numbering system that could only be valuable to a computer programer. The descriptions are aimless and do not seem to match anything in nature
"The Lawless (THE KENT CHRONICLES, 7)",['John Jakes'],['Fiction'],"The Kent family faces internal clashes as the Civil War ignites—from the #1 New York Times–bestselling author of North and South. In the hellish years of the Civil War, the Kent family faces its greatest trials yet. Louis, the devious son of the late Amanda Kent, is in control of the dynasty—and of its seemingly inevitable collapse. His cousin Jephtha Kent, meanwhile, backs the abolitionist cause, while his sons remain devoted Southerners. As the country fractures around the Kents, John Jakes introduces characters that include some of the most famous Americans of this defining era. Spanning the full breadth of the Civil War—from the brutal frontlines in the South to the political tangle in Washington—The Titans chronicles two struggles for identity: the country’s and the Kents’. This ebook features an illustrated biography of John Jakes including rare images from the author’s personal collection.","maybe my favoite of the 8, it is hard to decide, they are all great and together an awesome read...."
Wuthering Heights,['Emily Bronte'],,"Wuthering Heights is the name of Mr. HeathcliffÕs dwelling. ÔWutheringÕ being a significant provincial adjective, descriptive of the atmospheric tumult to which its station is exposed in stormy weather. Pure, bracing ventilation they must have up there at all times, indeed: one may guess the power of the north wind blowing over the edge, by the excessive slant of a few stunted firs at the end of the house; and by a range of gaunt thorns all stretching their limbs one way, as if craving alms of the sun. Happily, the architect had foresight to build it strong: the narrow windows are deeply set in the wall, and the corners defended with large jutting stones. Before passing the threshold, I paused to admire a quantity of grotesque carving lavished over the front, and especially about the principal door; above which, among a wilderness of crumbling griffins and shameless little boys, I detected the date Ô1500,Õ and the name ÔHareton Earnshaw.Õ I would have made a few comments, and requested a short history of the place from the surly owner; but his attitude at the door appeared to demand my speedy entrance, or complete departure, and I had no desire to aggravate his impatience previous to inspecting the penetralium. One stop brought us into the family sitting-room, without any introductory lobby or passage: they call it here Ôthe houseÕ pre-eminently. It includes kitchen and parlour, generally; but I believe at Wuthering Heights the kitchen is forced to retreat altogether into another quarter: at least I distinguished a chatter of tongues, and a clatter of culinary utensils, deep within; and I observed no signs of roasting, boiling, or baking, about the huge fireplace; nor any glitter of copper saucepans and tin cullenders on the walls. One end, indeed, reflected splendidly both light and heat from ranks of immense pewter dishes, interspersed with silver jugs and tankards, towering row after row, on a vast oak dresser, to the very roof. The latter had never been under-drawn: its entire anatomy lay bare to an inquiring eye, except where a frame of wood laden with oatcakes and clusters of legs of beef, mutton, and ham, concealed it. Above the chimney were sundry villainous old guns, and a couple of horse-pistols: and, by way of ornament, three gaudily-painted canisters disposed along its ledge. The floor was of smooth, white stone; the chairs, high-backed, primitive structures, painted green: one or two heavy black ones lurking in the shade. In an arch under the dresser reposed a huge, liver-coloured bitch pointer, surrounded by a swarm of squealing puppies; and other dogs haunted other recesses.","After spending an interesting night at Wuthering Heights in the company of a group of people that seem an abnormally miserable, vile bunch, Mr. Lockwood, the new tenant of Thrushcross Grange, asks his housekeeper to divulge their history. She does this gladly, and so we get the tragic story of Heathcliff and Catherine.I often find the classics to be tedious and boring. Wuthering Heights is neither and I found that to be a nice surprise. From the beginning, the book oozes drama and it stays that way until the very end. For some reason, I've been under the impression that this is a love story. I guess in a dark, twisted way it is, but it focuses more on cruelty and revenge. None of the characters are very likeable. As a matter of fact, a majority of them are quite appalling. Instead of this making me dislike the book, I think it made me like it more. Strange, I know, but it did. Wuthering Heights kept me captivated and has earned it's spot as one of my favorite classics."
The Hobbit,['J. R. R. Tolkien'],['Juvenile Fiction'],"Celebrating 75 years of one of the world's most treasured classics with an all new trade paperback edition. Repackaged with new cover art. 500,000 first printing.",Always a great story. Tolkien`s writing can be a bit strange grammatically; I suggest getting the narration and listening while you read.
"Bright Lights, Big City",['Jay McInerney'],['Black humor'],"You are at a nightclub talking to a girl with a shaved head. The club is either Heartbreak or the Lizard Lounge. All might become clear if you could just slip into the bathroom and do a little more Bolivian Marching Powder. Then again, it might not... So begins our nameless hero's trawl through the brightly lit streets of Manhattan, sampling all this wonderland has to offer yet suspecting that tomorrow's hangover may be caused by more than simple excess. Bright Lights, Big City is an acclaimed classic which marked Jay McInerney as one of the major writers of our time.","It should be read, if only for the technical skill used in creating it.The fact that I found it tragically hilarious and reminiscent of certain friends was also a plus. A useful antidote to the &quot;Friends&quot; vision of New York City life."
Nights In Rodanthe (Turtleback School & Library Binding Edition),['Nicholas Sparks'],['Fiction'],"FROM THE #1 BESTSELLING AUTHOR NICHOLAS SPARKS Adrienne Willis is 45 and has been divorced for three years, abandoned by her husband for a younger woman. The trials of raising her teenage children and caring for her sick father have worn her down, but at the request of a friend and in hopes of respite, she's gone to the coastal village of Rodanthe in North Carolina to tend the local inn for the weekend. With a major storm brewing, the time away doesn't look promising...until a guest named Paul Flanner arrives. At 54, Paul is a successful surgeon, but in the previous six months his life has unraveled into something he doesn't recognize. Estranged from his son and recently divorced, he's sold his practice and his home and has journeyed to this isolated town in hopes of closing a painful chapter in his past. Adrienne and Paul come together as the storm brews over Rodanthe, but what begins between them over the weekend will resonate throughout the rest of their lives, intertwining past and future, love and loss.","This is a good story to read but very predictable. That doesn't mean that is a dull or boring story but at the end you'll muse that you already knew it, so spare 3 or 4 hours and read the book in one sitting."
Harry S. Truman,['A. J. Baime'],['Biography & Autobiography'],"A look at the president's tumultuous first four months in office examines the events he presided over, including the founding of the United Nations, the Nazi surrender, the liberation of concentration camps, and the decision to drop the bomb.","I bought this Truman biography for my 94-year old mother-in-law at her request. She was thrilled with it. Loved the fact that ""there has been a president who loved his wife and daughter."" Even more so that it was written by the daughter. Even as a life-long Republican, the facts above led her to conclude that ""Truman was a wonderful man."" The delivery was very timely and the edition received in good shape."
The Adventures of Huckleberry Finn (Courage Literary Classics),"['Mark Twain', 'Marciano Guerrero']",['Fiction'],"Not that Hemingway was correct, but he did write in 1935: ""All modern American literature comes from one book by Mark Twain called Huckleberry Finn;” unless we are to interpret the adjective 'modern' as 'unadorned.' But Hemingway's remark somehow points to the importance of Mark Twain's breezy, fresh, and straight-forward style.Huckleberry Finn is a poor child whose only family is “Pap” —his abusive drunk father. Huck runs away, and meets Jim, a slave, who is also running away. So, here we have from the very beginning of the novel, two heavy topics: child abuse and slavery. Although Mark Twain has been criticized for his stereotypical presentation Jim, he —a white author— imbues Jim with much humanity in an era in which slaves were considered sub-human. Had any other writer dare do such a thing? Dis anyone else besides Jane Austen write about the slave trade? It took courage to deal with such themes. But Mark Twain also threw other ethical dilemmas into the fray: It is right to obey wrong laws? Should the individual suffer to preserve society?Hence the universal importance of the book.To do honor to the original version, my editorial corrections are minimal. The language —including the dialects— have been left untouched, as well as terms today deemed offensive.","I think that Huck Finn was not my favorite novel. At some points in the book I had trouble understanding some of the events. The way Jim talked sometimes confused me. Other times, the book was funny. I enjoyed the part where Huck dressed as a girl and went into the camp. Then a woman figured out that he was a guy. Mark Twain uses humor in his books to keep the readers attention and I think that he could have used more at some points in Huck Finn."
Sold to the Highest Bidder : The Presidency from Dwight D. Eisenhower to George W. Bush,['Daniel M. Friedenberg'],['History'],"...a helpful resource. -BooklistThis is a glorious America for the alert and resourceful, notes Daniel Friedenberg in this critical review of the American presidency during the last half of the 20th century. But he cautions, This is an unhappy America for the disadvantaged, the weak in body or mind, and those born without close family ties.The disparity between rich and poor in our immensely wealthy nation and the corrupting influence of money on politics to the advantage of the few over the many form the heart of his critique. Friedenberg emphasizes that the New Deal concern for the underdog - the major social achievement of the first half of the 20th century - has been gradually abandoned by presidents in the latter half of the century, along with tax policies that shifted wealth from the well-to-do to the less privileged. Though paying lip service to democracy, in fact recent presidents have upheld a system designed to maximize the influence of a powerful elite, a flexible plutocracy, as Friedenberg describes it. This has good and bad aspects. On the one hand, the innovations launched by powerful business leaders, such as Henry Ford, Thomas J. Watson (IBM), and Bill Gates (Microsoft), have resulted in millions of new jobs and advanced the overall prosperity of the nation. On the other hand, the system does little to help the poor rise to a higher level, and it has kept the middle class stagnating for the last thirty years. The effect of presidential policies is a divide between the haves and have-nots that today is every bit as stark as it was before the Great Depression.Friedenberg pleads for a new focus on improved education for all to narrow the widening gap between rich and poor, instead of the current folly of building gated communities for the wealthy and ever-more prisons for the law-breaking underprivileged. The vast technological resources unleashed by the computer revolution can and should be used to create a more equitable American future.Daniel M. Friedenberg (Greenwich, CT) is president of John-Platt Enterprises, Inc.; the author of Life, Liberty, and the Pursuit of Land; and a former correspondent and feature writer for the New York Herald Tribune.","I started reading this book with the fear that Friedenberg would start bashing particular Presidents based on their political affiliation, but I was glad to discover that he provides a critique of each leader without much bias to his own beliefs. While the tone of his narrative tends to side with the liberals, he nevertheless thoroughly scrutinizes each administration regardless of whether the leader was a republican or democrat. No president here was exempted from his criticisms. All were judged. His narratives contain numerous humorous anecdotes regarding the various presidents' personal and political follies. The information is also recent, ending with a look at the Clinton Administration and expressing some concluding remarks about what the Bush Administration might bring in the future. He focuses not only on each president's personal weaknesses, but he also connects these personal inadequacies to the president's national policies and the consequences of their failures.His narrative is an easy read, and it is well-suited for the general public. It is not a concise academic analysis of political science and leadership. Rather, with its humor, wit, and sarcasm - this book serves more as a ""wake-up call"" by revealing to the public a side of the White House that is in many ways human and vulnerable to the machinations of human weaknesses and dark vices - such as immorality, corruption,greed, sexual scandals, racism, and ignorance. I mainly saw this book as a general read concerning politics, but because of the wonderful humor that it espoused, I simply could not put it down! Friedenberg's writing is crisp, vivid, smart, and funny. It was definitely a good read!"
"Lord of the Flies, a Novel",['William Golding'],['Fiction'],"Nog altijd even opwindend en tot nadenken stemmend als toen het in 1954 verscheen, schept 'Heer van de vliegen' een gewelddadig, treff end beeld van de menselijke natuur, en wat er met deze gebeurt als de beschaving ten onder gaat. Een groep schooljongens stort neer op een onbewoond eiland. Zonder ouders of ander volwassen toezicht moeten ze met elkaar samenwerken om te overleven, waar ze jammerlijk in falen. Hun strijd om het bestaan krijgt geleidelijk steeds meer barbaarse trekken. Heer van de vliegen werd bij verschijning met lof overladen, maar commercieel succes bleef in eerste instantie uit. Geleidelijk aan werd het echter een cult-favoriet onder studenten en critici, en werd het vaak vergeleken met Salingers De vanger in het graan wat betreft invloed op de moderne literatuur.","After a plane full of schoolchildren escaping the horrors of post-atomic age Europe crash on a remote, hungle island, a series of debates, alliances, counteralliances, and hiearchies are established to create a rule of law and standards. However, once fear and psychological symbolism enters the picture, all is changes and this budding society of big-uns and little-uns, ranging from 6-12 year olds becomes encapsulated by an air of sadistic fog.Centering around the three main characters of Ralph, the elected conch-wielding leader, Piggy, the smart logical analytical scientist in the making, and Jack the hunter-gatherer adventurer full of blood-gutting passionate zeil. With these forceful characters in tow a series of events sets off a power-struggle that eventually yields to the emotional, non-rational, jumpy aspect of the human flesh in the name of Jack and his paint covered warriors gaining logistical control of the Island.After two viscious and violent deaths set off by stressful paronoia centered around the chances of getting rescued, the necessity to hunt for survival, mysterious forces and animals inhabiting the island (actually a dead human crashed by parachute), and the need to have a source of fire (i.e. Piggy's glasses), the death of Simon, who became possessed by the Lord of the Flies, an analogy to the dark side of human's dementia, he is killed in a frenzy after taking cover and protection inside the parachute layer. Afterwards, once Piggy seeks to reclaim his stolen glasses he is killed by Roger, a devious mischief maker.In the end, they are saved by a captain whose astonished when they admit to the death of two of their peers. Just as the Heart of Darkness revealed the dark forces unleashed by economic and resourceful greed, the Lord of the Flies showcases how this could come about from attention hording 12 years olds seeking to assert their status as leader and autocratic figure."
Secrets of the Baby Whisperer for Toddlers,['Tracy Hogg'],['Family & Relationships'],"Filled with confidence-building routines and practical advice for understanding toddlers, an indispensible resource provides parents with the essential tools for effectively communicating with their child that will help them handle a wide range of situations, from toilet training to creating a safe environment. Reprint.","When my son was four months old, a friend recommended Tracy's book The Baby Whisperer Solves All Your Problems for us to learn how to deal with the frustration of his difficult sleeping. Following her technique in that book saved me and my wife from going insane.Now that my son is two, he's presenting a whole new set of challenges, particularly that we are not really sure how to properly discipline him so he learns good lessons. I decided this time I needed to dive in and read this book cover-to-cover, and I'm so glad I did. In a very short time I feel like I understand my son so much better, and as a result, I have far more patience with him and handle his outbursts more maturely. As a result, he is better behaved and doesn't need to be disciplined as often! Talk about a win.A lot of the advice in this book boils down to recognizing who your child is, respecting his or her personality, setting good boundaries and limits, and teaching self-control. Sounds simple, right? Well, it is, but it's not always easy to know how to do these things properly, and sometimes the concepts run counter to what any individual parent may be naturally inclined to do.I recommend all of Tracy's books for parents of infants or young children."
Hunters of Gor (The Gor Series),['John Norman'],['Fiction'],"Panther girls take center stage on Counter Earth in the series that “draw[s] on a combination of philosophy, science-fiction, and erotica” (Vice). Former Earthman Tarl Cabot is now a powerful Tarnsman of the brutal and caste-bound planet of Gor, also known as Counter Earth. He embarks on an adventure in the dangerous and mysterious wilderness of Gor, pitting his warrior’s skills against those of treacherous outlaws, bandits, and fighters. Three different women are working to bring change to Tarl’s far-from-peaceful life on Gor: Talena, his onetime queen and first love; Elizabeth, his brave fighting partner; and the Amazonian Verna, chief of the fierce and wild panther women. As Tarl journeys through the wilderness, the fates of these three remarkable women will finally be decided. Rediscover this brilliantly imagined world where men are masters and women live to serve their every desire. Hunters of Gor is the 8th book in the Gorean Saga, but you may enjoy reading the series in any order.","Tarzan this is not. Tarzan spoke multiple languages, and was a very Victorian kind of fellow. There was never anything improper about his conduct. This is the world of teenage male fantasy, a world where they have power, and can follow their hormones, you might say. I read this in high school. I think a movie was actually made of this. I did go on to research the history of cultures, to find out what Norman used in his pastiche, and the book is useful for that. Parents who want to keep their teenaged boys sheltered may not like this book. I have a cousin who kept his sons sheltered, even home schooled them. One of them went into the Army last year. I suspect he is in an unpleasant situation, which his life experience did not prepare him for. High school is painful for teenaged boys, escapist stuff like this is one way to escape the pain, without using addictive substances. The Dept of Justice estimates that 80% of American high school students regularly use drugs, alcohol, or both. My daughter agreed with this, for her high school. Now that is just not healthy. If you need addictions, the printed word at least doesn't cause physical damage. One outgrows this sort of thing, eventually. One moves to books likeThe Art of Chi Kung: Making the Most of Your Vital Energy;The Way of Energy: Mastering the Chinese Art of Internal Strength with Chi Kung Exercise (A Gaia Original),Path Notes of an American Ninja Master,Journey to the Ancestral Self: The Native Lifeway Guide to Living in Harmony with the Earth Mother (Bk.1),Redneck Shaman,The Tracker, andUltimate Guide to Wilderness Living: Surviving with Nothing But Your Bare Hands and What You Find in the Woods. Still, books like this made high school bearable. The basic story is our hero goes to a counter-earth, which has a culture any high school male would enjoy. It is swords, action, women, rather better than the Forgotten Worlds series my nephew enjoys, to my mind."
The New Becoming Vegetarian: The Essential Guide To A Healthy Vegetarian Diet,"['Vesanto Melina', 'Brenda Davis']",['Health & Fitness'],"The New Becoming Vegetarian provides practical tools to help you make food choices that promote optimal health. In this new edition, you'll find the latest information on protein, calcium, iron, good fats, vitamins (including B[subscript 12]), protective phytochemicals, and more -- and you'll learn how to get these nutrients in a well-balanced vegetarian diet. Book jacket.","I received exactly what I ordered in a timely manner. Additionally, the customer service from the company I ordered from was outstanding. Would definitely buy from this seller again."
"Give Me a Break : How I Exposed Hucksters, Cheats, and Scam Artists and Became the Scourge of the Liberal Media...",['John Stossel'],['Biography & Autobiography'],"Ballooning government? Millionaire welfare queens? Tort lawyers run amok? A $330,000 outhouse, paid for with your tax dollars? John Stossel says, ""Give me a break."" When he hit the airwaves thirty years ago, Stossel helped create a whole new category of news, dedicated to protecting and informing consumers. As a crusading reporter, he chased snake-oil peddlers, rip-off artists, and corporate thieves, winning the applause of his peers. But along the way, he noticed that there was something far more troublesome going on: While the networks screamed about the dangers of exploding BIC lighters and coffeepots, worse risks were ignored. And while reporters were teaming up with lawyers and legislators to stick it to big business, they seldom reported the ways the free market made life better. In Give Me a Break, Stossel explains how ambitious bureaucrats, intellectually lazy reporters, and greedy lawyers make your life worse even as they claim to protect your interests. Taking on such sacred cows as the FDA, the War on Drugs, and scaremongering environmental activists -- and backing up his trademark irreverence with careful reasoning and research -- he shows how the problems that government tries and fails to fix can be solved better by the extraordinary power of the free market. He traces his journey from cub reporter to 20/20 co-anchor, revealing his battles to get his ideas to the public, his struggle to overcome stuttering, and his eventual realization that, for years, much of his reporting missed the point. Stossel concludes the book with a provocative blueprint for change: a simple plan in the spirit of the Founding Fathers to ensure that America remains a place ""where free minds -- and free markets -- make good things happen.""","I enjoyed this book because I learned something about our Government, and about Mr. Stossel. I've always liked his reporting, and I even remember from Good Morning America.I liked the sections when he writes about free market vs. govt; providing better services.I also thought the report on the $330,000 outhouse in Pennsylvania was a hoot!"
Where The Wild Things Are,,['Juvenile Fiction'],"A naughty little boy, sent to bed without his supper, sails to the land of the wild things where he becomes their king.",My 2 year old absolutely loves this book. He wants to read it at least once a day and gets so involved in the story. It has done wonders for his imagination.
Oryx and Crake,['Margaret Atwood'],['Fiction'],"By the author of THE HANDMAID'S TALE and ALIAS GRACE * Pigs might not fly but they are strangely altered. So, for that matter, are wolves and racoons. A man, once named Jimmy, lives in a tree, wrapped in old bedsheets, now calls himself Snowman. The voice of Oryx, the woman he loved, teasingly haunts him. And the green-eyed Children of Crake are, for some reason, his responsibility. * Praise for Oryx and Crake: 'In Jimmy, Atwood has created a great character: a tragic-comic artist of the future, part buffoon, part Orpheus. An adman who's a sad man; a jealous lover who's in perpetual mourning; a fantasist who can only remember the past' -INDEPENDENT 'Gripping and remarkably imagined' -LONDON REVIEW OF BOOKS","I found this product to be exceptional. Taking multiple AP classes can be extremely hectic, and with multiple summer reading books, it is sometimes necessary to purchase such an item to ensure completion by a deadline. I enjoyed not only the book itself, but the narration as well. Great product, would strongly recommend to anyone who enjoyed such novels as Brave New World or 1984."
How To Form Your Own California Corporation - Binder with CD,['Anthony Mancuso'],['Business & Economics'],"Discusses the benefits of incorporating a business and provides instructions, practical advice, and legal forms.",I wanted to start my own Corporation.I bought this book.Now I know what i needed to now.I am now CTO/CIO of my own corporation.This book does exactly what it says. It explains what you need to know to start YOUR corporation.
Pride & Prejudice (Classic Library),['Ibi Zoboi'],['Young Adult Fiction'],"In a timely update of Jane Austen's Pride and Prejudice, National Book Award finalist Ibi Zoboi skillfully balances cultural identity, class, and gentrification against the heady magic of first love in her vibrant reimagining of this beloved classic. A smart, funny, gorgeous retelling starring all characters of color. Zuri Benitez has pride. Brooklyn pride, family pride, and pride in her Afro-Latino roots. But pride might not be enough to save her rapidly gentrifying neighborhood from becoming unrecognizable. When the wealthy Darcy family moves in across the street, Zuri wants nothing to do with their two teenage sons, even as her older sister, Janae, starts to fall for the charming Ainsley. She especially can’t stand the judgmental and arrogant Darius. Yet as Zuri and Darius are forced to find common ground, their initial dislike shifts into an unexpected understanding. But with four wild sisters pulling her in different directions, cute boy Warren vying for her attention, and college applications hovering on the horizon, Zuri fights to find her place in Bushwick’s changing landscape, or lose it all. ""Zoboi skillfully depicts the vicissitudes of teenage relationships, and Zuri’s outsize pride and poetic sensibility make her a sympathetic teenager in a contemporary story about race, gentrification, and young love."" (Publishers Weekly, ""An Anti-Racist Children's and YA Reading List"")","I've read three incredible books lately and NONE of them were remotely connected by theme, style, or author. &quot;Song of Solomon&quot; was the first, &quot;The Bark of the Dogwood&quot; was the second, and &quot;Pride and Prejudice&quot; was the third. While all were excellent, P&amp;P was so great for me, simply because I didnt' expect it to be great. If you are like I was before reading this wonderful book, you probably can't imagine what could be so wonderful about Pride and Prejudice. How can it be interesting, you're thinking, when it's written in such a stuffy time period? I'll stick with my science fiction/romance novels/westerns, thank you very much. And it's true, you can't find any lusty young rogues, aliens, or gun fights, but that doesn't keep it from being an extremely wonderful book to read. The characters are full of life, the plot well constructed, and the entire story full of charm and humour. Don't be put off by the language either. It takes some getting used to, but once you're going it's not only completely natural, but makes today's English seem completely dull and simple. I cannot stress enough how wonderful this book is. Also try &quot;Bark of the Dogwood&quot; and &quot;Song of Solomon.&quot;"
Four Letters of Love,['Niall Williams'],['English fiction'],"Nicholas is 12, living with his parents, when his father gives up his job and throws the household into disarray. Across the country, Isabel is sent to convent school but runs away. Isabel and Nicholas are made for each other, but how will they know?","I had tears in my eyes reading this book. I did not want it to end, and loved the descriptions of both the landscapes and the characters. Anyone who has been in love and knows the passion of new love will identify with this beautiful book. More please."
The Inheritance of Loss: A Novel (Man Booker Prize),['Kiran Desai'],['Fiction'],"Winner of the National Book Critics Circle Award and the Man Booker Prize: An “extraordinary” novel “lit by a moral intelligence at once fierce and tender” (The New York Times Book Review). In a crumbling, isolated house at the foot of Mount Kanchenjunga in the Himalayas, an embittered old judge wants only to retire in peace. But his life is upended when his sixteen-year-old orphaned granddaughter, Sai, arrives on his doorstep. The judge’s chatty cook watches over the girl, but his thoughts are mostly with his son, Biju, hopscotching from one miserable New York restaurant job to another, trying to stay a step ahead of the INS. When a Nepalese insurgency threatens Sai’s new-sprung romance with her tutor, the household descends into chaos. The cook witnesses India’s hierarchy being overturned and discarded. The judge revisits his past and his role in Sai and Biju’s intertwining lives. In a grasping world of colliding interests and conflicting desires, every moment holds out the possibility for hope or betrayal. Published to extraordinary acclaim, The Inheritance of Loss heralds Kiran Desai as one of our most insightful novelists. She illuminates the pain of exile and the ambiguities of postcolonialism with a tapestry of colorful characters and “uncannily beautiful” prose (O: The Oprah Magazine). “A book about tradition and modernity, the past and the future—and about the surprising ways both amusing and sorrowful, in which they all connect.” —The Independent","No matter how much I tried, I could not muster any sympathy for the characters in Desai's book. She writes eloquently, masterfully, she tells stories through microscopic examination--and understanding--of the minutia and craziness of life. She never fails to sympathize with her own characters and describes them convincingly. But somehow, what's lacking is emotional appeal. I found no one to like or even admire. It was a long slog through a beautiful masterwork that left me grateful for the end--so I could move on to something actually pleasurable where I could care for the people I read about. I am infatuated with all things Indian, so it wasn't the settings. Even a brilliant writer may not have the ability to craft characters we love to hate or love to love. Somehow, Desai is lacking this skill--so far. As young and as talented as she is, I wouldn't be surprised if she figured it out. BUT, she has gotten such rave reviews for this book, that who knows. It's like viewing a painting created with great skill by a talented artist, but the subject matter is so appalling and you feel no draw--in fact you are repulsed. You can only shake your head and think skill isn't everything."
When God Was A Woman,['Merlin Stone'],['Women and religion'],"Here, archaeologically documented, is the story of the religion of the Goddess. Under her, women's roles were far more prominent than in patriarchal Judeo-Christian cultures. Stone describes this ancient system and, with its disintegration, the decline in women's status. Index; maps and illustrations.","A better title of this book would read: ""Before the Bible, God was a Woman."" While I have a slight problem with this authors title of her work matching up her actual subject matter, never have I read anything so well describing the problems I have always had with the Judeo-Christian Bible.While there were undisputed Indo-European invasions into southern lands for thousands of years, their influence on the conquered peoples' religions is not as easy to determine. Indeed, how can we really know how thought changed between 6000-4000 years ago in the ancient Middle and Near East? Marilyn Stone certainly has her very plausible theories about the consequences of these invasions. While this part of the book is enlightening it isn't as blistering a critique as later in the book. At least the Goddess, and women in general, retained some status and legal rights in cultures around Israeli occupied Canaan.Once Ms Stone sets her sights on the biblical account of creation and of the subjugation of Canaan, she doesn't hold back. The amount of barbarous acts that the Bible documents against the native Canaanites is amazing. Read Joshua and Kings I and II if you don't believe Ms Stone. Why did this genocide take place? For the simple reason that the native people didn't believe in the ""real"" God. I felt no man-bashing, as some other reviewers read in her book. I only took away religious extremism at its worst, and women and the Goddess were the victims of this ""young upstart"" religion of only about 3000 years old called Judaism. This isn't Ms Stone making these numbers up, many biblical scholars believe the Pentateuch was only written between 1200 to 1000 BC.The absolutely most interesting part of Ms Stones work was the deconstruction of the Genesis creation story. She cites not only how each and every event was carefully constructed to denounce the Goddess religion, and make its practitioners sin against God by every major rite of the old religion, but to also condemn women for all of history afterward to be men's ""helpers.""If you ever wondered what bothered you about Patriarchial religion, this book captures the epitome of monotheisms' dark side."
Invisible Monsters: A Novel,['Chuck Palahniuk'],['Fiction'],"When a freeway ""accident"" leaves a beautiful fashion model disfigured and incapable of speech, she seeks to reinvent herself and her world, along with her new friend, Brandy Alexander, a transvestite who is one operation away from becoming a real woman","This book was handed to me by a friend who I can only descibe as hopelessly urban-cool. Palahniuk's novel is catered to short attention spans, and its no surprise to me that his other novel was made into a movie. I think the author's hope is that if he throws enough edgy disjointed bursts into a book, the juxtaposition will make it clever. Is this where fiction is now? There was so little honesty in the writing, not one element I could identify with. At least with Douglas Coupland there is a sence of tapping into history (even if the nostalgia is dripping with sarcasm). Skip this one. Or just stay tuned for the music video."
My Name Is Red,['Orhan Pamuk'],['Art'],"The Sultan secretly commissions a great book: a celebration of his life and the Ottoman Empire, to be illuminated by the best artists of the day - in the European manner. In Istanbul at a time of violent fundamentalism, however, this is a dangerous proposition. Even the illustrious circle of artists are not allowed to know for whom they are working. But when one of the miniaturists is murdered, their Master has to seek outside help. Did the dead painter fall victim to professional rivalry, romantic jealousy or religious terror? With the Sultan demanding an answer within three days, perhaps the clue lies somewhere in the half-finished pictures . . . From Turkey's winner of the Nobel Prize and author of Istanbul and The Museum of Innocence, this novel is a thrilling murder mystery set amid the splendour of Istanbul and the Ottoman Empire. Part fantasy and part philosophical puzzle, My Name is Red is also a stunning meditation on love, artistic devotion and the tensions between East and West.",What can I say? I could not stop reading. What more does one have to know. I was exceptionally well entertained and thats all that matters.
Luscious Lemon Desserts,['Lori Longbotham'],['Cooking'],"Offers seventy dessert recipes featuring lemons, including cakes, pies, custards, cookies, frozen desserts, and other treats.","I love lemon desserts! As much as I love chocolate, I will usually choose a lemon dessert over a chocolate one. (They are often a better way to end a meal, especially a rich one) That is why I was so excited about this book. Lemon, as a dessert ingredient, seems to be a bit neglected ... but not anymore! I am working my way through the recipes in this book and my friends love me for it. The Lemon Pudding Cake is wonderful. The author gives wonderfully detailed instructions. She even reminds you at the beginning of the recipe to put the kettle on for the water bath. The Chocolate Ganache Tart with Lots of Lemon is to die for - my two favourite flavours. The Perfect Lemon Tart is. The only semi-flop I had was the Ultimate Lemon Pound Cake, but I will try it again. I think I may have messed up on the oven temperature or the cooking time."
Gel Candles: How To Make For Fun & Profit!,['Marcianne Miller'],,"Stunning, easy to make, hot item gel candles - 35 fun projects.",I found this book to be very helpful in learning how to make gel candles and it also has some good getting started advice. It covered all the basics materials and steps to get started.
Walk Humbly With Your God: Simple Steps to a Virtuous Life,['Andrew Apostoli'],['Religion'],"After the World Trade Towers went down in New York, Father Apostoli ministered at the morgue set up at Ground Zero. When search teams discovered the body of a police officer or firefighter, an honor guard formed and gathered the body with great reverence. For Father Apostoli, these moments vividly captured the unspoken code of these heroic public servants: ""We go in together, we come out together."" Christians, if they are to have any impact in today's world, have something of the same code: we fight the good fight, side by side, ready to lay down our lives for one another. Such heroism doesn't come naturally. As Walk Humbly With Your God points out, it is in the day-to-day training, in taking the simple steps to holiness, that heroism becomes second nature. Father Apostoli provides an inspirational guide to conquering our faults, growing in prayer and acquiring the virtues that enable us to walk with God and live for others.","This was a beautiful book about growing in prayer and virtue. I gave it to my children to read also, it was written simply but profoundly and helps answer many questions that we ponder in life."
Starch Madness,['Richard L. Heinrich'],['Health & Fitness'],"Publisher Marketing: Starch Madness offers healthy eating guidelines that really work! By eating enough protein and choosing foods that keep our blood sugar even, we can eliminate the urge to overeat. Also, by limiting the amount of sugar and certain carbohydrates in our diet we can significantly reduce heart disease, high blood pressure, and many other serious illnesses. Water is another element our modern bodies lack. Over-the-counter drugs are prescribed for many conditions that can be alleviated by drinking more water.","Well written, well researched, but not what it purports to be, nor what many consumers think they are buying. This book is simply an endoresement of Barry Sears &quot;The Zone&quot; diet, which the auther himself wholeheartedly supports. He even confirms that The Zone is how he lost and maintains his weight. If you want a book that does no more than describe why The Zone works, buy this one. But if you want a plan to meet your goals, look elsewhere."
Bet Me,['Jennifer Crusie'],['Fiction'],"The beloved New York Times bestselling novel, now with an exclusive letter from Jennifer Crusie in celebration of its tenth anniversary This is New York Times and USA Today bestselling author Jennifer Crusie's novel about long shots, risk management, true love, and great shoes. . . . Minerva Dobbs knows how to work the odds. Calvin Morrisey always plays to win. But when they face off, neither one is prepared. Because when real life meets true love, all bets are off. . . . Minerva Dobbs knows that happily-ever-after is a fairy tale, especially with a man who asked her to dinner to win a bet, even if he is gorgeous and successful Calvin Morrisey. Cal knows commitment is impossible, especially with a woman as cranky as Min Dobbs, even if she does wear great shoes and keep him on his toes. When they say good-bye at the end of their evening, they cut their losses and agree never to see each other again. But fate has other plans, and it's not long before Min and Cal meet again. Soon they're dealing with a jealous ex-boyfriend, Krispy Kreme doughnuts, a determined psychologist, chaos theory, a freakishly intelligent cat, Chicken Marsala, and more risky propositions than either of them ever dreamed of. Including the biggest gamble of all---true love. Bet Me is the winner of a 2005 RITA Award.","What a fun way to spend a Sunday afternoon! I could not put it down. My old favorite was &quot;Crazy For You&quot; but the characters in &quot;Bet Me&quot; were so colorful and found myself sympathizing with Min. Is this going to be made into a movie, as the credits in the front of the book suggest?? I sure hope so!"
"A Wealth of Family: An Adopted Son's International Quest for Heritage, Reunion, and Enrichment (Family Success)",['Thomas Brooks'],['Family & Relationships'],"This inspiring adoption and reunion saga delivers provocative viewpoints on multicultural families and powerful insights on overcoming racism and poverty. Brooks was the only child of a struggling African-American single mother in inner-city Pittsburgh. Then he learned at age eleven that he was adopted. He did not know it at the time, but Brooks had actually been born to a white biological mother who descended from Lithuanian Jews and a black Kenyan foreign student father.","I really enjoyed reading Thomas Brooks story, i'm adopted myself and it feels good to know that i'm not alone. Thomas found out he was adopted at the age eleven that is a lot for a child to deal with at that age he continued to be strong and not let this information stop him from making a great life for himself. I recommend this book to anybody looking for hope and inspiration. Thomas we thank you for sharing your international story with the world. You turned out to be a great man so glad i had a chance to meet you Mr. Books. I have learned so much from reading your book I can do anything in life never let the past rob you of your furture.Author,Eva Miller"
The Complete Book of Devils and Demons,['Leonard R. N. Ashley'],"['Body, Mind & Spirit']","""Abandon all hope ye who enter here.""","I purchased this book for fiction writing research purposes. This book is perfect. Kudos to Mr. Ashley. He adds humor and insight to the subject, and I often chuckled outloud. This book not only covers demons and devils, but mythology, folklore, people who are influential in mystical folklore as well as Judeo-Christian religious influences. I highly recommend it."
The Chord Wheel: The Ultimate Tool for All Musicians,['Jim Fleser'],['Music'],"Offers detailed instructions on how to use the transparent wheel attached to the cover to analyze chord progressions, compose music, apply music theory, and transpose keys.",I love this book. The chart makes it so easy to transpose from one key to another. And the instruction regarding the number for the Chord names and their role in a composition was very helpful to me. I am now listening to music and trying to determine which chord is being played. And also finding it easier to compose as i use the chord wheel to experiment with chords within the key family.
NINE STORIES: A Perfect Day for Bananafish; Uncle Wiggily in Connecticut; Just Before the War with the Eskimos; The Laughing Man; Down at the Dinghy; For Esme - with Love and Squalor; Pretty Mouth and Green My Eyes; De Daumier-Smith's Blue Period; Teddy,['J.D. Salinger'],['Fiction'],"The ""original, first-rate, serious, and beautiful"" short fiction (New York Times Book Review) that introduced J. D. Salinger to American readers in the years after World War II, including ""A Perfect Day for Bananafish"" and the first appearance of Salinger's fictional Glass family. Nine exceptional stories from one of the great literary voices of the twentieth century. Witty, urbane, and frequently affecting, Nine Stories sits alongside Salinger's very best work--a treasure that will passed down for many generations to come. The stories: A Perfect Day for Bananafish Uncle Wiggily in Connecticut Just Before the War with the Eskimos The Laughing Man Down at the Dinghy For Esmé--with Love and Squalor Pretty Mouth and Green My Eyes De Daumier-Smith's Blue Period Teddy","Salinger's 9 stories remain as sublime as ever. Better than Catcher in the Rye, these stories have lost none of their punch, surprise or grace. The stories should be required reading for any American Literature Survey course and remain as good as the best short stories of Cheever, Gogol, Maugham and Updike (listed in alphabetical order)."
Reader Of Modern Arabic Short Stories,['Ronak Husni'],['Foreign Language Study'],An essential resource for teachers and students of the Arabic language and modern Arabic literature.,"the arabic text is handled as a picture; as such its size is not adjustable and is quite small. the real problem is that the text of the stories is so light as to be mostly illegible. this is cleverly hidden in the downloadable sample by the fact that only the introduction is included. in its current format, a ten dollar scam."
"Black Baseball's National Showcase: The East-West All-Star Game, 1933-1953",['Larry Lester'],['Sports & Recreation'],"A lively illustrated introduction to the Negro League equivalent of the All-Star Game discusses the history of the games, as well as the colorful cast of promoters, gamblers, and hucksters who made it happen. Original.","I just now became acquainted with this one by Larry Lester, the dean of Negro League baseball. Every serious student of baseball history needs to have a copy of this one!"
"The Best Democracy Money Can Buy: The Truth About Corporate Cons, Globalization, & High-Finance Fraudsters",['Greg Palast'],['Political Science'],"An investigative journalist provides an exposâe of intrigue, financial misdeeds, and other machinations at the highest level of American politics.","Our government is corrupt. Most Americans know that, but don't like pondering the consequences. The brazeness of the Bush gang, however, makes our national avoidance hard to sustain. Now the rot extends to national elections, rigging the very heart of a beleagured democracy and its claims to legitimacy. Palast details the shenanigans in meticulous fashion that no candid person can deny. Should this palace coup surprise us? Of course not. There's big money at stake in rolling back 70-odd years of progressive reforms aimed at making capitalism livable -- after all, one man's clean water is another man's business expense. Now the wraps are off. No more Let's Compromise. No more labor movement to challenge the big money steamroller as it plows across the globe, buying off a legislature here or a Blair administration there. All is dragged into the same slime pit of corporate-IMF rule. The author presents a series of revealing snapshots, but the reader must fill in the picture. It's an ugly one, but, national denial or not, it is the unrelenting reality we all face. Hang in there, Mr. Palast."
FOUNDATION,"['K. Louwman', 'Willem Kromkamp']",['Education'],"Voor trainers is er gratis extra materiaal bij dit boek beschikbaar. Dit is te vinden onder het tabblad Training Material . Log in met uw trainersaccount om het materiaal te raadplegen. Over de serie I-TracksBinnen I-Tracks kan iedereen die zich (verder) wil scholen op het gebied van de ICT zijn eigen individuele leerrichting kiezen op basis van eerder verworven kennis en competenties. Binnen de diverse opleidingstrajecten komen zowel theoretische als praktische vaardigheden aan bod. Er kunnen diverse soorten opleidingstrajecten gekozen worden. Short Tracks om binnen een korte doorlooptijd binnen een specifiek gebied kennis op te doen zoals security- of projectmanagement. Daarnaast zijn er diverse functiegerichte opleidingen, zoals Systeembeheerder en Helpdesk medewerker, waarin op basis van de functieprofielen en competenties opleidingstrajecten zijn samengesteld. Deze trajecten worden CareerTracks genoemd.Als laatste zijn er Academy Tracks; een complete ICT-opleiding op HBO-niveau in de volgende richtingen: Service Management, Information Management en System Developer.Bij Van Haren Publishing wordt een serie (leer)boeken ontwikkeld die ieder de totale examenstof dekken voor één I-Tracks module. Daarnaast zijn andere uitgaven van Van Haren Publishing aangemerkt als (kern-)literatuur voor een I-Tracks module.","This novel, the first in a (50's) series of three, has not dated one bit since its first appearance. Like The Lord of the Rings, it should really be read in combination with its sequels, but the book contains its own strong moments, especially the first section on Trantor. I was amazed and moved by the cleverness of Asimov's plots, something he is of course well-known for. Highly recommended."
The Favourite Sister (Ulverscroft Large Print Series),['Sheila Bishop'],['Large type books'],"Forced into a marriage but bound by a youthful betrothal to the man she really loved, Penelope Rich is protected by her brother, Robert Devereaux, Earl of Essex. Penelope is protected from scandal, but her brother is plunged into a political quagmire.","I brought this one from just the title knowing the author was one I liked, so your personal rating maybe much higher.Sheila Bishop writes some excellent Regency romancies, this isn't one of them.If you like historical tales of real people then this book may appeal. It deals with both Richard and his sister Penelope Rich, and deals with the last 5 years of his life. The tale is set in 1596 and I suspect a fair bit of work went into the research. I wondered about the word &quot;moppet&quot; since Sheila Bishop's other books are usually accurate so looked it up, first recorded use in the Oxford dictionary 1601 so spot on. A mixture of biography and a writer using words and actions to tell a tale."
Pride and Prejudice,['Jane Austen'],['Fiction'],"In early nineteenth-century England, a spirited young woman copes with the suit of a snobbish gentleman, as well as the romantic entanglements of her four sisters.",I only regret Jane Austen did not write more books than she did. So fun and true! I read it many times.
Graham Greene: The End of the Affair (BBC Audio Series),['Jean-Luc Fromental'],['Comics & Graphic Novels'],"Winter 1948. Vienna. Debriefed by London Films, former spy turned novelist Graham Greene works on the screenplay for his next feature film, assisted by the enigmatic Elizabeth Montagu. However, Greene’s visit soon proves to be just as mysterious as his best-selling thrillers, winding through Vienna’s shadowy underground before the author finds himself in the midst of an intricate plot to unseat the government of Czechoslovakia in an event that would be remembered as The Prague Coup. Jean-Luc Fromental seamlessly merges fact and fiction in a spy thriller worthy of its protagonist, Graham Greene, who finds himself caught in a web of intrigue, espionage, and murder while writing the screenplay that would become the 1949 classic ‘The Third Man’ starring Orson Welles. “This will hook you from its opening panels. Plenty of intrigue, a killer plot, and evocative visuals. What more could you want?” – LA Review of Books","Graham Green's book &quot;Th End of the affair&quot; is one of the best and fascionating book I've ever red. He discribes the affair between Sarah and Bendrix in a way you can really imagine everything, you see how they love each other etc. Indeed you suffer with them while you are reading the book and you have to think about the whole story all the time. This might be so because the book is written in the 1st person, called Bendrix, so you can identify with him rather well.Although it's a sad book, I really like it and can recommend it. I think that's why the reader can see that the autor wrote this book with lots of feelings and lots of love. I'm looking forward to reading an other book of this wonderful authors as soon as possible ."
The teachings of Don Juan: a yaqui Way of Knowledge,['Carlos Castaneda'],['Social Science'],Provides a structural analysis of the logic system which the author experienced under the influence of peyote and other hallucinogens commonly used by Indian sorcerers,"I cannot recommend this book and those that follow too highly. While this &quot;introduction&quot; may be less engaging than the books that follow, that means only that it is merely very engaging, rather than obsessively engaging. I see from previous reviews that the &quot;fact or fiction&quot; debate still rages. To those who have not yet read any of the books, I would say only this on that matter: If you &quot;get&quot; these books, the &quot;fact or fiction&quot; debate is less than irrelevant. To those about to begin, I wish you well on the journey."
The Fountainhead,['Ayn Rand'],['Architects'],"Her first major literary success, Ayn Rand's The Fountainhead is an exalted view of her Objectivist philosophy, portraying a visionary artist struggling against the dull, conformist dogma of his peers; a book of ambition, power, gold and love, published in Penguin Modern Classics. Architect Howard Roark is as unyielding as the granite he blasts to build with. Defying the conventions of the world around him, he embraces a battle over two decades against a double-dealing crew of rivals who will stop at nothing to bring him down. These include, perhaps most troublesome of all, the ambitious Dominique Francon, who may just prove to be Roarke's equal. This epic story of money, power and a man's struggle to succeed on his own terms is a paean to individualism and humanity's creative potential. First published in 1943, The Fountainhead introduced millions to Rand's philosophy of Objectivism: an uncompromising defence of self-interest as the engine of progress, and a jubilant celebration of man's creative potential. Ayn Rand (1905-1982), born Alisa Rosenbaum in St. Petersburg, Russia, emigrated to America with her family in January 1926, never to return to her native land. Her novel The Fountainhead was published in 1943 and eventually became a bestseller. Still occasionally working as a screenwriter, Rand moved to New York City in 1951 and published Atlas Shrugged in 1957. Her novels espoused what came to be called Objectivism, a philosophy that champions capitalism and the pre-eminence of the individual. If you enjoued The Fountainhead, you might like Rand's Atlas Shrugged, also available in Penguin Modern Classics. 'In The Fountainhead power, greed, life's grandeur flow hot and red in thrilling descriptions'London Review of Books 'Ayn Rand is a writer of great power... she writes brilliantly, beautifully, bitterly' The New York Times","I, Me , and Myself .... This novel basically advocates the nessecity to be true to oneself.and after reading the novel i beleive that &quot;Ego is probably the best thing to have happened to man ...Since Eve &quot;"
The Dictionary of Omens and Superstitions,['Philippa Waring'],,"- What does it mean if a cat sits and washes itself in your doorway?- Why should women have their hair cut only when the moon is waxing?- Why do people from Yorkshire throw caterpillars over their shoulders?Do you avoid anything with the number thirteen and cross the road to avoid walking under ladders? Belief in superstitions links us to a time when everyday events and objects had magical significance, and knowledge of these could change your fate.Whether you wish to increase your good fortune, ward off bad luck, or simply desire to know what today has in store, A Dictionary of Omens and Superstitions provides a complete guide to hundreds of portents, signs and customs, tracing the origins of our superstitions and explaining their rich symbolism.","For once this book has nothing to do with a GoodReads giveaway. It is merely a random book picked up from the ether. It's worth noting that I started this one with the intent of reading it straight through. This is fairly unusual for a reference book but since I have recently instituted a policy of reading three books at a time it made some amount of sense. One book in the current reading pile, according to the new scheme, should be easily consumable in tiny interruptable bits. This was that book.As a book to be read straight through this is fairly unacceptable. It's redundant, unentertaining and pretty poorly organized. To this my diligent reader may say, simply, ""duh, it's a dictionary"" but it goes beyond that. When I was a child I read the dictionary and it's not all that terrible. There is, at least, a sense of variety. Waring's definitions all have an infuriating sameness to them that makes one grit ones teeth and turn the page with increasing hopeful vigor as time goes on.However, as a reference work it has its shortcomings as well. Since I've read through the first third of the book in its entirety I can tell you that it is, at times, inappropriately self-referential. If one is going to be using a book by randomly hopping into the middle bits looking up superstitions related to the word ""badger"" then phrases like ""as stated earlier"" and ""as we said before"" are rather nonsensical. It seems clear the book was written in some sort of order which doesn't match up well with the order of use. There is also a problem with organization in that some entries are not sufficiently self-referential. Terms which are typically considered synonymous bear strikingly different information and do NOT refer to each other in any way. So the results of any reference depend at least in part on luck and choosing the exact right word. Lastly, the book is terribly dated. Despite its publication date in 1997, most of the entries appear to date from the 70s.In summary, this book is going on my shelf for later reference but I'll remember the lack of organization and work a bit harder at using it when its use is required. Not the best dictionary ever but better than nothing."
Tracy Porter's Home Style: Creative and Livable Decorating Ideas For Everyone,['Tracy Porter'],['House & Home'],"Transform your home with Tracy's signature style and spirited approach to comfortable living. When Tracy Porter founded her company with a $5,000 loan from her parents, she never envisioned that eight years later it would be a $40 million business with products sold at thousands of retail stores. In Tracy Porter's Home Style, Tracy demonstrates how to enliven rooms with old treasures and common objects. Lavishly illustrated, and brimming with inspiration, Tracy's book shows you how to reinvent your home with simple and creative ways to use paint, fabric, rugs, pillows, and even scents. Each chapter contains a multitude of valuable tips and rule-breaking ideas, and the Make & Create Guide for every featured project assures that you can adapt these projects to your own home. Tracy Porter's Home Style will help new and old fans alike create a warm and welcoming home. --Tracy has been featured on Oprah, E! Entertainment's Homes with Style, and in the pages of O Magazine, People, Good Housekeeping, and Victoria.","I just recently purchased this book. I have to say I was disappointed. Although there were some nice pictures I found her style to be jumbled.Very few ideas, and those that are there looks like an afterthought. I enjoy bohemian,ecclectic decorating but his was too jumbled. If you want it, buy it used."
Bitter With Baggage Seeks Same: The Life and Times of Some Chickens,"['Sloane Tanen', 'Stefan Hagen']",['Art'],"An artist and her tiny yellow chickens explore the complexities and follies of the modern world, as they deal with playground popularity battles, crowded yoga classes, blind dates, KFCs, and other perils, in a collection of hilarious captioned photographs. 50,000 first printing.","I just don't understand how anyone can see this as funny. I was given this book as a gift and was shocked that my friend gave it to me. I have a much evolved sense of humor and I actually hate this book. I was shocked to see it received any good reviews...it is just odd and bizarre...and not in a good way. There are a lot of funny, redeeming books out there and this is not one of them. I even hate to give it to Goodwill!!!"
Fire From Heaven,['Mary Renault'],['Fiction'],"New York Times Bestseller and Man Booker Prize Finalist: A novel of ancient Greece by the author Hilary Mantel calls “a shining light.” Alexander the Great stands alone as a leader and strategist, and Fire from Heaven is Mary Renault’s unsurpassed dramatization of the formative years of his life. His parents fight for their precocious son’s love: On one side, his volatile father, Philip, and on the other, his overbearing mother, Olympias. The story tells of the conqueror’s two great bonds—to his horse, Oxhead, and to his dearest friend and eventual lover, Hephaistion—and of the army he commands when he is barely an adult. Coming of age during the battles for southern Greece, Alexander the Great appears in all of his colors—as the man who first takes someone’s life at age twelve and who swiftly eliminates his rivals as soon as he comes to power—and emerges as a captivating, complex, larger-than-life figure. Fire from Heaven is the first volume of the Novels of Alexander the Great trilogy, which continues with The Persian Boy and Funeral Games. This ebook features an illustrated biography of Mary Renault including rare images of the author. “Mary Renault is a shining light to both historical novelists and their readers. She does not pretend the past is like the present, or that the people of ancient Greece were just like us. She shows us their strangeness; discerning, sure-footed, challenging our values, piquing our curiosity, she leads us through an alien landscape that moves and delights us.” —Hilary Mantel","I found this biographical fiction better than Renault's edition of the Thesiad, but still notably slow. Her attention to detail doesn't suit me, personally. I would prefer a shorter book with less time spent carefully decorating each scene--the history here is exciting enough. This is my main point. I'm not convinced 'Fire from Heaven' is any better than existing historical biographies of Alexander."
The Knight In History,['Frances Gies'],['Knights and knighthood'],"A magisterial history of the origins, reality, and legend of the knight Born out of the chaos of the early Middle Ages, the armored and highly mobile knight revolutionized warfare and quickly became a mythic figure in history. From the Knights Templars and English knighthood to the crusades and chivalry, ""The Knight in History,"" by acclaimed medievalist Frances Gies, bestselling coauthor of ""Life in a Medieval Castle,"" paints a remarkable true picture of knighthood--exploring the knight's earliest appearance as an agent of lawless violence, his reemergence as a dynamic social entity, his eventual disappearance from the European stage, and his transformation into Western culture's most iconic hero.","Another gem of Medieval studies by Professor Gies!Within you will find an account of Western European Knighthood from the perspective of the Anglo-French tradition.The Knight is described and defined in terms of the mounted warrior-elite he was, his training, his role in society, in the Chivalric ideal presented by Troubadors,...and the grim reality in warfare.Professor Gies uses three notable knights in history as a sample of how they varied in character, in deed, and in living up to the Code of Chivalry: William Marshall and John Fastolf of England, and Bertrand du Guesclin of France."
Axiomatic Set Theory,['Patrick Suppes'],['Mathematics'],"Geared toward upper-level undergraduates and graduate students, this treatment examines the basic paradoxes and history of set theory and advanced topics such as relations and functions, equipollence, more. 1960 edition.","One does not hear about set theory too much these days, no doubt due to the de-emphasis of foundational discussions in mathematics. Foundational questions of course were the focus of much attention in mathematics in the early twentieth century, this taking place because of the many paradoxes in set theory and due to the influence of the philosophers. Set theory, the theory of types, and mathematical logic are still very important though in computer science and in artificial intelligence, due to the needs in these fields for knowledge representation, computational models of intelligence, and automated reasoning. This book could serve to introduce these topics or as an historical reference to the issues as they were hotly debated in the last century.The first chapter gives an informal introduction to the notion of a set, first-order predicate logic (notions of bound and free variables and quantification), and the Zermelo-Fraenkel axioms of set theory. The author describes the difficulties in the &quot;axiom of abstraction&quot; in the writings of Frege as pointed out by Bertrand Russell. It is pointed out that the axiom of abstraction is in fact an infinite collection of axioms, thus motivating the concept of an &quot;axiom schema&quot;. The axiom schema that is used explicitly in the book is the &quot;axiom schema of separation&quot; due to Ernst Zermelo, which he formulated in order to make precise the notion of a statement as being &quot;definite&quot;. More of the set-theoretic paradoxes are discussed, along with their classification due to F.P. Ramsey into &quot;linguistic&quot; and &quot;semantical&quot; ones.The advantage of an older book on set theory is that more of the underlying details are explained, instead of just being formally developed. The author gives a thorough discussion of the concepts throughout the book, beginning with an organized development in chapter 2. He begins immediately with discussing the distinction between the object language and metalanguage, and the symbols to be used in the object language: constants, variables, logical connectives, quantifiers, and grouping symbols. These symbols are used to construct formulas, a subclass of which, the primitive formulas, are defined recursively, and which all formulas in the object language can be expressed in terms of. Throughout the book though the author uses additional notation that allows formulas not to be written in terms of primitive formulas. This is done to make the text more readable, but he requires that the added notion satisfy the criterion of eliminability and non-creativity. The notion of a set is defined formally, and then the axiom of extensionality, which gives a criterion for two sets being equal, and the axiom schema schema of separation. The pairing axiom, which gives the existence of a non-empty set; the sum axiom, which gives the existence of the union of a family of sets; the power set axiom, which gives the notion of the set of all subsets of a set; and the axiom of regularity, which prohibits infinite descending sequences of sets, are all discussed in detail.Chapter 3 treats relations and functions, so important not only in mathematics but in computer science, especially in the theory of relational databases. Then in chapter 4, the author begins a study of cardinality and the cardinal numbers, proving that the finite cardinal numbers have the properties of the natural numbers, as one would expect. The author is careful to point out the need for the axiom of cardinal numbers in this study. Chapter 5 then goes into the theory of ordinal numbers, wherein it is emphasized that no special axioms are needed for the development of this theory. The author is also careful to note the special problems that arise in defining the arithmetic of natural numbers, such as defining addition recursively without using set theory. But including the apparatus of set theory does allow the replacement of the recursive definition by a proper definition. The axiom of infinity is brought in to permit the construction of arithmetical operations as certain sets. The theory of denumerable sets is then discussed, followed by one of the most fascinating concepts in all of mathematics: the theory of transfinite and infinite cardinals.The author then shows that set theory can allow the construction of the real numbers, which takes place after the construction of the rational numbers. The famous &quot;Dedekind cut&quot; is discussed, along with the method of Cantor, which defines real numbers as equivalence classes of Cauchy sequences of rational numbers. The author uses the Cantor approach in the rest of the book. He also proves the famous Cantor theorem on the non-denumerability of the real numbers, and gives a brief discussion of the Continuum Hypothesis.Chapter 8 then gives an overview of the fascinating topics of transfinite induction and ordinal number theory. Recursion theory makes its appearance again in the transfinite recursion for ordinal numbers, using the axiom schema of replacement. The non-commutativity of ordinal addition and multiplication is brought out, and the falsity of Fermat's Last Theorem and Goldbach's Hypothesis in ordinal number theory is shown. The author then shows to what extent cardinal number theory can be done without using special axioms by defining cardinal numbers as initial ordinals. The axiom of choice however is needed to show that every set has a cardinal number. The author then restates the Zermelo-Fraenkel axioms in their final form at the end of the chapter.The final chapter gives an overview of the most controversial topic in all of set theory, if not in all of mathematics: the axiom of choice. The author shows that the use of this axiom allows one to prove that an infinite set has a denumerable subset, and he shows the equivalence of the axiom of choice with the numeration theorem, the well-ordering theorem, Zorn's lemma, and the law of trichotomy. The counterintuitive Banach-Tarski paradox is discussed, and the author shows the existence of axioms which imply the axiom of choice."
Cherishment: A Psychology of the Heart,"['Elisabeth Young-Bruel', 'Faith Bethelard']",['Psychology'],"Cher-ish-ment, n. F. cher, dear. Sweet, indulgent love, esp. of children. Emotional equivalent of nourishment; soul food. What the world needs now. Elisabeth Young-Bruehl and Faith Bethelard give a name to the kind, warm, tender, and affectionate love that babies expect before they can speak of it and that we all desire our whole lives long. As adults, they note, we all desire our whole lives long. As adults, they note, we don't often acknowledge or even understand our need for this ""cherishment."" Their book is a rare effort to explore that need, to create a ""psychology of the heart."" In Cherishment, Young-Bruehl and Bethelard provide a wholly original way of thinking about familiar concepts such as love, attachment, and care, showing how deep-seated disappointments and fears of dependency keep so many of us from forming healthy relationships. Questioning the traditional, celebratory view of independence and self-reliance, they argue that cherishment is the emotional foundation, formed in childhood, that sustains all kinds of growth-promoting adult bonds. Blending the philosophical writing that has won Young-Bruehl international acclaim with Bethelard's imaginative sensibility, Cherishment is a finely balanced interplay of scholarship, dual-memoir, and intimate therapeutic tales. It draws on ancient wisdom traditions of the East and West, telling many instructive stories of men and women, young and old, who have learned to cultivate the cherishment instinct in themselves as well as in others. It helps readers attune sensitively to the ways people express their need for affection in the details of daily life and relationships. The book narrates a journey of discovery, and any reader on his or her own journey in the realm of the heart will feel cherished by it.","As one who considers myself part of the prevailing cultural criticism of Freud I did not expect a pleasant read from a book in which his speculations play such a large role. But Young-Bruehl and Bethelard use Freud's solid ground of insights into the human mind to set sail on a voyage both east and west, ancient and modern. They generously take the reader along on their journey, gratuities included in the ticket price. Cherishment is more than a pleasant read. The book is an adventure for the reader/explorer interested in the ways in which we think about love, intimacy, dependency and primary needs. Voyagers meet an assortment of other pilgrims like Michael Balint, Akhilleus and a little known Japanese psychoanalyst named Takeo Doi. We learn to consider language and the ways its usage forms our understanding of our world. We eavesdrop on some patient sessions and are allowed in to some of the authors very personal dreams. Most interesting is the dialogue between the authors who challenge and compliment each other to advance an idea about our primary need to cherish and be cherished."
Great Expectations,['Charles Dickens'],['Fiction'],"Penguin Classics e-books give you the best possible editions of Charles Dickens's novels, including all the original illustrations, useful and informative introductions, the definitive, accurate text as it was meant to be published, a chronology of Dickens's life and notes that fill in the background to the book. This Penguin Classics edition of Great Expectations also includes Dickens's alternative ending to the novel. A terrifying encounter with an escaped convict in a graveyard on the wild Kent marshes; a summons to meet the bitter, decaying Miss Havisham and her beautiful, cold-hearted ward Estella; the sudden generosity of a mysterious benefactor - these form a series of events that change the orphaned Pip's life forever, and he eagerly abandons his humble origins to begin a new life as a gentleman. Dickens's haunting late novel depicts Pip's education and development through adversity as he discovers thetrue nature of his 'great expectations'.","Sorry for the nasty mean review. Totally uncalled for, caught me on a bad day. Everybodys different and everyone has their own opinions and just because someone else doesn't like something is no reason to put them down. Its just frustrating because these kids reviews always say the same thing, &quot;this sucked&quot;, or &quot;this was boring&quot; and thats all they can say about it. But anyway, if thats the way they feel then I guess thats just the way they feel and nobody should write such nasty reviews or get mad for such a petty, stupid reason anyway. So, anyway, this is one of Dickens best, as I've said before."
Land of Two Halves,['Joe Bennett'],['Travel'],"After ten years in New Zealand, Joe Bennett asked himself what on earth he was doing there. Other than his dogs, what was it about these two small islands on the edge of the world that had kept him - an otherwise restless traveller - for really much longer than they seemed to deserve? Bennett thought he'd better pack his bag and find out. Hitching around both the intriguingly named North and South Islands, with an eye for oddity and a taste for conversation, Bennett began to remind himself of the reasons New Zealand is quietly seducing the rest of the world.","When I first bought this book, I had planned to emigrate to New Zaland. After I started reading it I decided to go on holiday there first and hitchhike, just like Joe Bennett.However, reading more and more of the book, I decided hitchhiking might not be the best idea for me. So I will take a bus tour.Where the book really proves its worth though is when it comes to describing the country. It portays New Zealand for a great nation, but also one that is desolate and for the most part empty. Sure Auckland might be a big city, and Wellington and Christchurch following suit, but the rest of the country? Sometimes you can taste the loneliness of the land.Having traveled to New Zealand since, I can only say that the loneliness that you can feel while reading the book, is not present at all in the land itself."
Left Behind - A Novel Of The Earth's Last Days,"['Tim F. LaHaye', 'Jerry B. Jenkins']",['FICTION'],"After millions of people around the world vanish in one moment, in what many claim to be the Rapture, Rayford Steele begins a search for the truth amidst global chaos.","I bought the first Left Behind novel on a whim. It sat on my table for a couple weeks before I began to read it. After reading the first few chapters, I had nightmares, but was hopelessly enthrawed. I read all 8 books inside of 2 weeks. I look very forward to the 9th. I HIGHLY recommend this series to anyone."
The Fire Next Time,['James Baldwin'],['Political Science'],"A national bestseller when it first appeared in 1963, The Fire Next Time galvanized the nation, gave passionate voice to the emerging civil rights movement—and still lights the way to understanding race in America today. ""Basically the finest essay I’ve ever read. . . . Baldwin refused to hold anyone’s hand. He was both direct and beautiful all at once. He did not seem to write to convince you. He wrote beyond you.” —Ta-Nehisi Coates At once a powerful evocation of James Baldwin's early life in Harlem and a disturbing examination of the consequences of racial injustice, the book is an intensely personal and provocative document from the iconic author of If Beale Street Could Talk and Go Tell It on the Mountain. It consists of two ""letters,"" written on the occasion of the centennial of the Emancipation Proclamation, that exhort Americans, both black and white, to attack the terrible legacy of racism. Described by The New York Times Book Review as ""sermon, ultimatum, confession, deposition, testament, and chronicle...all presented in searing, brilliant prose,"" The Fire Next Time stands as a classic of literature.","The Fire Next Time, by James Baldwin, was an college course assignment I had to read and much to my surprise I found this to be a very insightful book. There are so many psychological and existential insights that I didn't expect to find in this book, some of the things he said resonate very closely to existentialism. Reading through these insights truly resonate with my spirit. Not only was James Baldwin insightful about his personal life but his social critique was simple and penetrating in exposing the charade of the racial dichotomy of ""White/Black"" that is politically constructed to impose socioeconomic stratification based on arbitrary colors. Baldwin knew too well that while people may be their own free agents they are still part of the larger historical process and genealogy that deeply entrenched and influenced the way they interpret and understand the world. In a sense, there is a kind of helplessness that Baldwin saw in everyone including himself, the kind of helplessness of being susceptible to the historical forces and to our own unconscious anxiety of death.This is indubitably a very insightful and profound book..."
Stanger in a Strange Land,['Robert A. Heinlein'],['Fiction'],"The original uncut edition of STRANGER IN A STRANGE LAND by Hugo Award winner Robert A Heinlein - one of the most beloved, celebrated science-fiction novels of all time. Epic, ambitious and entertaining, STRANGER IN A STRANGE LAND caused controversy and uproar when it was first published and is still topical and challenging today. Twenty-five years ago, the first manned mission to Mars was lost, and all hands presumed dead. But someone survived... Born on the doomed spaceship and raised by the Martians who saved his life, Valentine Michael Smith has never seen a human being until the day a second expedition to Mars discovers him. Upon his return to Earth, a young nurse named Jill Boardman sneaks into Smith's hospital room and shares a glass of water with him, a simple act for her but a sacred ritual on Mars. Now, connected by an incredible bond, Smith, Jill and a writer named Jubal must fight to protect a right we all take for granted: the right to love.","After JUST finishing Stranger In A Strange Land(uncut version) I feel many emotions that stay with me after reading a good book. I can see why the impact of this work was so strong, still is. I wish I could tell Mr. Heinlein how his work has affected and uplifted my spirit, enjoying the humorous and candid way world views are set forth. At the risk of sounding like a religious fanatic, I will share that I cry/am crying for the beauty of its message and wish that others who have not been so touched will one day grok it in fullness for Thou ART God, truly!"
On Combat: The Psychology and Physiology of Deadly Conflict in War and Peace,"['Dave Grossman', 'Loren W. Christensen']",['History'],Looks at the effect of deadly battle on the body and mind and offers new research findings to help prevent lasting adverse effects.,really helps you to understand the soldiers during the war. How to focus and not think about anything but your own safety
Queen of the Damned (Book 3 of Vampire Chronicles),['Anne Rice'],['Fiction'],"The sequel to The Vampire Lestat intertwines the stories of rock star and vampire Lestat, beautiful twins haunted by a gruesome tragedy, and Akasha, mother of all vampires, who dreams of godhood. Reissue.","This book was such a change from The Vampire Lestat in the way that Anne wrote it. The way she divided all of the chapters into sections of other people just made the suspense even more nerve-racking. I just kept flipping through to other chapters trying to find out what would happen next. I just loved the new characters such as Khayman, Maharet, Jesse, Pandora, And the return of Marius. I truely hope to see more of Khayman and Jesse, along with her great family, in books to come. These characters overwhelmed me even though they didn't even show up that much. Anne Rice has written a wonderfully suspenseful and action packed book and I can't wait to see more of all the new characters."
ABC of poultry raising: A complete guide for the beginner or expert,['J. H. Florea'],['Nature'],"Describes equipment and procedures for rearing, managing, and breeding poultry and considers the preparation of chickens and eggs for use","I am animal control officer and needed a good book about poultry as a reference. The ABC of Poultry Raising is excellent. It covered all the basic husbandry aspects but, was not too detailed."
One for the Money,['Janet Evanovich'],['Fiction'],"Now available in a special 25th anniversary edition! Discover where it all began—#1 New York Times bestselling author Janet Evanovich’s first “snappily written, fast-paced, and witty” (USA TODAY) novel in the beloved Stephanie Plum series featuring a feisty and funny heroine who “comes roaring in like a blast of very fresh air” (The Washington Post). Meet Stephanie Plum, a bounty hunter with attitude. In Stephanie’s opinion, toxic waste, rabid drivers, armed schizophrenics, and August heat, humidity, and hydrocarbons are all part of the great adventure of living in Jersey. She’s a product of the “burg,” a blue-collar pocket of Trenton where houses are attached and narrow, cars are American, windows are clean, and (God forbid you should be late) dinner is served at six. Out of work and out of money, Stephanie blackmails her bail-bondsman cousin Vinnie into giving her a try as an apprehension agent. Stephanie knows zilch about the job requirements, but she figures her new pal, el-primo bounty hunter Ranger, can teach her what it takes to catch a crook. Her first assignment: nail Joe Morelli, a former vice cop on the run from a charge of murder one. Morelli’s the inamorato who charmed Stephanie out of her virginity at age sixteen. There’s still powerful chemistry between them, so the chase should be interesting…and could also be extremely dangerous.",I liked the One for The Money so much I'm going to read the entire Stephanie Plum collection. I'm already on the forth book.
Guilty As Sin,['Tami Hoag'],['Fiction'],"""Originally published in hardcover in the United States by Bantam Books, an imprint of Random House, a division of Penguin Random House LLC, in 1996""--Copyright page.","I have just finished reading this book and the preceeding &quot;Night Sin&quot;. In both books there are so very many characters carrying around so very much emotional bagage. Maybe they should go to the nearest airport and lose it,"
"That Quail, Robert",['Margaret Stanger'],['Pets'],"The acclaimed story of the little bird that won the nation’s heart He’ll never live, the neighbors all said. But Robert, the abandoned quail chick would prove them wrong. Born on a kitchen counter in a house on Cape Cod, raised in a box surrounded by a lamb’s wool duster and a small lamp, Robert’s life began auspiciously.","Who would have expected so much personality and affection would hatch out of an abandoned quail's egg? Yet that is precisely what occurred on Cape Cod in 1962, as chronicled with love and honesty by the author. Can a merely human world become asatisfactory substitue for Nature? Is the orphaned creature better off with its own kind or with an adoptive family of an alien species? Readers must judge for themselves in this charming tale of a delightful female quail, mistakenly namedRobert.Written with humor and sincerity by a compassionate neighbor (Robert's &quot;Aunt&quot;), this slim volume is a gem which contains surprising family dynamics, as two life forms adaptto a harmonious family unit--beneficial and deeply rewarding on both sides. Human emotions and reactions seem to have been imprinted on this impressionable birdling, who rapidly becomes a member of the household--even to requiring baysitters! You will chuckle and weep over her antics and trials. How Human can a bird get? Once you spend some quality time with Robert, you will know the answer for yourself."
The Book of Strangers,['Ian Neil Dallas'],['Fiction'],"Sometime in the future the head librarian at a great center of learning suddenly disappears, leaving behind a journal that describes his weariness with a world ""where people teach but know nothing, where the sentences flow on endlessly but lead nowhere."" His successor in the post becomes more and more intrigued by the vanished man's fate, until a series of mysterious clues lead him on a journey both inward and outward, to a world that begins where language ends. Within a matter of weeks he finds himself in the company of powerful dervishes, God-intoxicated nomads whose eyes blaze with love, and ragged beggars with the smile of the Pure One. These men, the followers of an enlightened Shaykh, speak little, but simply to be in their company fills him with ecstasy and knowledge.","If you're into spiritual novels like Siddharta by Herman Hesse, or interested in Sufism and want to read about it in novel form, get this book. It's great, and I wish there were more books like this that I could read!"
Holidays on Ice,['David Sedaris'],['Humor'],"David Sedaris's beloved holiday collection is new again with six more pieces, including a never before published story. Along with such favorites as the diaries of a Macy's elf and the annals of two very competitive families, are Sedaris's tales of tardy trick-or-treaters (""Us and Them""); the difficulties of explaining the Easter Bunny to the French (""Jesus Shaves""); what to do when you've been locked out in a snowstorm (""Let It Snow""); the puzzling Christmas traditions of other nations (""Six to Eight Black Men""); what Halloween at the medical examiner's looks like (""The Monster Mash""); and a barnyard secret Santa scheme gone awry (""Cow and Turkey""). No matter what your favorite holiday, you won't want to miss celebrating it with the author who has been called ""one of the funniest writers alive"" (Economist).","This year there are no shortage of Christmas books on this site or in your local book shop to fill you with all the images of the holiday season: snow crested fields, roaring fireplaces, carolers, holly and ivy- you get the picture. There are newcomers like Grisham's ""Skipping Christmas"" and Mary and Carol Higgins Clark's ""He Sees You While You're Sleeping"" and ""The Mitford Snowmen"". Booksellers pile them right next to classics like Dickens' ""A Christmas Carol,"" ""Twas the Night Before Christmas,"" ""The Polar Express,"" and Dr. Seuess' ""The Grinch that Stole Christmas"". Just like the annual search for the perfect tree, the search for the perfect holiday book is no less daunting.So while browsing for my holiday selection, I was directed to a small paperback volume in David Sedaris' ""Holidays on Ice"". It's been out for a few years, but I missed this one (after reading it, I think I missed it because the Christmas police must have ordered it off the shelves for fear of causing a national laughing epidemic). Forget the antisocial behavior of the Grinch, he's just an out of work elf compared to Sedaris. Nothing, absolutely nothing about Christmas is immune from the sarcasm and cynicism displayed in the collection of short stories that make up this small volume. After reading this book on my train ride to Rockefeller Center to watch the annual lighting of the Christmas tree, I don't think that I'll ever be the same. Imagine that Santa's `Ho, Ho, Ho' greeting is really his egg nog induced shout to a streetwalker; or that Macy's dresses ex-cons and thugs as its Christmas elves; ever receive a Christmas letter from a cousin inside the annual holiday card only to have him recount his indictment for murder and invite your family to his bail hearing; or what about a contest with the neighbors over who can donate more blood to show the spirit of giving. Like I said, I'll never be the same.If you like to laugh and can appreciate the acerbic wit of someone whom must have gotten too much coal in his stocking as a child to come up with this collection of irreverences, then this one's for you."
"Star Wars, Episode III - Revenge of the Sith","['Patricia C. Wrede', 'George Lucas']",['Juvenile Fiction'],"Award-winning author Patricia C. Wrede tells the final chapter of the Star Wars saga, in this incredible novel based on one of the most eagerly awaited movies of all time. The circle will now be complete: the final installment of the Star Wars saga, showing the emergence of Darth Vader, the downfall of the Jedi, and the revenge of the Sith.","When i picked up this novel from a friend, i was expecting a crummy movie adaption with no depth whatsoever. boy was i wrong. this is by far one of the best books ive ever read! it goes beyond the movie and expands on things the movie only hints at! i definately reccomend this book, it is more enjoyable than the movie and mathew stover is an amazing author."
The Stand. The Complete and Uncut Edition,['Stephen King'],['Fiction'],"When a disease wipes out most of humankind, the survivors gather to create a new society and to battle a force of pure evil in human form unleashed upon the world. Reissue.","This is most assuredly not a happy-go-lucky story. When you are talking about a virus that ravages the world, you are not in for too many good times. However - that does not mean you are not in for a good read. In traditional Stephen King style, he really goes to town on characterization. With the size of this book (particularly the expanded edition), you have no trouble understanding the survivors in this story, from all their motives, imaginings, and desires.What may detract from this novel for some people is the inherent religious overtones that exist within it. This was not just a battle of man against nature after a terrible tragedy. This was a battle for the soul of mankind itself. However, if you read between the lines a little bit (or just exercise your own creative reading license) you can interpret this &quot;light and darkness&quot; battle as a polarization of the human condition and how people would react during a globe-spanning disaster. Personally, the first 250 or so pages of this book (when the virus is making its rounds) is perhaps the scariest thing I have ever read as well as the most poignant when the survivors realize that the old world has left them behind and they have to rebuild.Certain concepts underlie the whole story that serve to highlight the allegorical themes of the work in terms of the battle between &quot;good and evil.&quot; Can man rebuild his culture without bringing back the same problems again and again? The answer would seem to be &quot;no.&quot; Is mankind perenially going to do things that will potentially bring about extinction? The answer would seem to be &quot;yes.&quot; And, perhaps most importantly, is it possible for groups of people to make a stand against this apparently ingrained nature? As King says: &quot;The place where you made your stand never mattered. Only that you were there ... and still on your feet.&quot; Read this book and you will enjoy it. However, read between the lines of this book and the inherent sociological comments on our society and you will enjoy it at a deeper level."
Casual Day Has Gone Too Far,['Scott Adams'],['Humor'],"Dilbert and his colleagues face the absurdities of corporate life, including the real reason so many meetings are called, cancelled projects, shrinking cubicles, and general incompetence","In this book, Catbert makes his first appearance as HR director of Dilbert's company. His casual day policy is insane, and so, casual day will always be a strange day. Dilbert knows the feeling of going to work on a casual day, and wondering &quot;Has it gone too far?&quot; Besides the histerical Catbert jokes, there's jokes on company takeovers, futile projects, team building excersises, and much more! So join corporate America's truly relatable office crew in these insane misadventures of white collar workplace life."
Shutter Island,['Dennis Lehane'],['Fiction'],"U.S. Marshal Teddy Daniels has come to Shutter Island, home of Ashecliffe Hospital for the Criminally Insane, to find an escaped murderer named Rachel Solando. As a killer hurricane bears down on the island, the investigation deepens and the questions mount. How has a barefoot woman escaped from a locked room? Who is leaving them clues in the form of cryptic codes? And what really goes on in Ward C? The closer Teddy gets to the truth, the more elusive it becomes. And the more he begins to believe that he may never leave Shutter Island. Because someone is trying to drive him insane...","Everyone loves a good Insane Asylum agreed? Take the criminally insane, add a dash of conspiracy and you are bound to have a fantastic time.I absolutely, without fail, LOVED this book. I loved it so much that I can't even talk about it the way I should because if I do I will spoil it for you.""Shutter Island"" was one of the most masterfully plotted books I have read in years... I was astounded by the depth and creativity that ""Dennis Lehane"" was able to shove into a little over 330 pages, and even more... I was flipping pages faster than my eyes could keep up, only to have to turn back because I realized I had skipped a few words at the bottom of a page.Teddy is a US Federal Marshal sent to Shutter Island to investigate the mysterious disappearance of Rachel Solando. While Teddy and his partner Chuck are baffled as to the disappearance of this woman, who can somehow magically evaporate through walls, they stumble upon a more intriguing case. Is this hospital really what they say it is? Why does everyone answer questions with the exact same phrasing...and why in the world is a sewage treatment plant surrounded by an electric fence? While Teddy and Chuck race for answers they find themselves in the deepest water imaginable...are they crazy too or is it just in their heads?I wish that my bumbling words could express to you how much you should read this book. I wish that I could give away the plot twist that had me picking up the phone to call my husband and say ""No Freaking Way!!! Are you F'ing Kidding Me????"" But again... that would just be cruel.There were uncomfortable moments in the water with creepy crawlers, piles of strategically placed rocks, battered patients whispering sweet nothings, a sad mommy, black shoe polish, water guns, and 1 number solving shrink that has all the answers.Pick this book up, find a quiet place, and start reading... I assure you that even if you think the first couple of chapters are slow you will be thanking me by chapter 5.Happy Reading my fellow Kindle-ites and remember: Don't take pills from strangers!"
Past Imperfect,['Julian Fellowes'],['Fathers'],"SUNDAY TIMES bestselling author of SNOBS and creator and writer of the international phenomenon, DOWNTON ABBEY, returns with a thrilling new novel.","I picked up Past Imperfect by John Matthews and couldn't put it down until I finished. The character description, plot and local knowledge is incredibly detailed. This is one of the best books I have had the pleasure of reading in quiet a long time. No cookie cutter writing here. I do not understand why John Matthews doesn't have a big following in the U.S.A. already. Can't wait to read his other books, even if I have to order them from the U.K.A MUST READ for any serious crime/mystery fan with the wits for more involved stories."
Unfit for Command: Swift Boat Veterans Speak Out Against John Kerry,['BusinessNews Publishing'],['Political Science'],"The must-read summary of John E. O’Neill and Jerome R. Corsi's book: “Unfit for Command: Swift Boat Veterans Speak Out Against John Kerry”. This complete summary of ""Unfit for Command"" by John E. O'Neill and Jerome R. Corsi outlines their reasons that John Kerry is unfit to be America's commander in chief and president. They particularly highlight the 'atrocities' he committed in relation to the Vietnam War and its veterans. Added-value of this summary: • Save time • Understand John Kerry's time as commander in chief • Expand your knowledge of American politics and history To learn more, read ""Unfit for Command"" and discover why many veterans believe that John Kerry is unfit for office.","Well, we're into November now, still no draft. Kerry also said that there was a backend draft. Not true. We all now that people in the military have been coming home.And of course, Kerry also said that Pres. Bush was going to reduce social security benefits for the elderly. They all got the biggest raise since 1991.ONE,TWO,THREEStrikes your out Kerry. So what happened to that big draft Kerry? Whay won't you answer us? The clock is moving.Tick-tockTick-tockTick-tockWe're waiting Sen. Flip/Flop. Let me guess; you're going to say that you actually did say there was going to be a draft and now you are going to say there won't be a draft right?Tick-tockTick-tock.We're waiting Sen. Flip/Flop. If you make statements, you should be able to back them up or at least admit you were wrong. But I guess that is asking for too much.Tick-tockTick-tockTick-tock"
The Catcher in the Rye [Audiobook] [Cd] [Unabridged] (Audio CD),['John Donovan'],['Young Adult Fiction'],"I’ll Get There. It Better Be Worth the Trip. is best known as the first teen novel to address homosexuality. Set in 1969, Donovan’s seminal tale centers on Davy Ross, a lonely thirteen-year-old who moves to Manhattan to live with his estranged mother. Then he meets a boy and experiences something that changes his life.","I read this book in high school, and since then have made it a point to read it atleast once a year since then. So far I've read it 4 times. The relationship between Holden and his sister reminds so much of the relationship of mybrother and I. It's weird that I think in a very similar way to Holden, and he was supposedly a &quot;mad man&quot;. Everyone should read this."
The Business of Innovation: Managing the Corporate Imagination for Maximum Results,"['Roger BEAN', 'Russell RADFORD']",['Business & Economics'],"This is a guide to building innovative, creativity-rich organizations through astute and skillful management. Whatever the end goal, this book provides a systematic process for managing focused, usable innovation - without the micro-managing that can stifle creativity. With examples from McDonald's, Toyota, Palm (Pilot), 3M, Sony, Singapore Airlines and others, this model helps managers and executives: nurture an environment of innovation; support market-focused innovation through effective policies; gather expert feedback to properly evaluate innovations; develop and launch innovations successfully; and project future trends and developments.","Roger Bean and Russell Radford examine the history of innovation for ways that your organization can innovate continually. They ask why companies successfully innovate for a while and then lose steam. Their answer is a new organization-wide system that prioritizes innovation, management and strategy. This fairly academic structure - more like a proposal than a working process - encourages building systemic promotion of continual innovation by creating an environment that values, nurtures and encourages it, cascading from the executive to the managerial to the operational team level. However, toward the end of the book, the authors refer to using a Balanced Scorecard for assessing performance from a total quality perspective. That approach bypasses the inspirational, charismatic form of innovation and cuts right to the process, like an accountant or an engineer's model of innovation. Thus, if you are process-savvy but hesitant about new ideas, we suggest that this might just be the innovation book for you: lots of system, not much flash."
"Of Water and the Spirit: Ritual, Magic and Initiation in the Life of an African Shaman",['Malidoma Patrice Some'],"['Body, Mind & Spirit']","Maliodoma Patrice Some was born in a Dagara Village, however he was soon to be abducted to a Jesuit school, where he remained for the next fifteen years, being harshly indoctrinated into european ways of thought and worship. The story tells of his return to his people, his hard initiation back into those people, which lead to his desire to convey their knowledge to the world. Of Water and the Spirit is the result of that desire; it is a sharing of living African traditions, offered in compassion for those struggling with our contemporary crisis of the spirit.","There are many of us in-between Africans for whom the mindless runaway train of Western living has failed. After shunning our pasts, our land, our blackness and our ancestors, no matter how hard we may have tried to lose ourselves in foreign ideaologies, there's still an emptiness inside. Thank God that Malidoma appeared. When I read this book a few years ago, whatever complexes lingered in me about my African-ness flew out the window. I have grown tired of en vogue directionless movements that exist almost only for the purpose of allowing individuals to feel good - in the guise of spiritual growth - without the necessary psychological catharsis. Thank God I'm an African woman, albeit an angry one. My anger and consternation increases everyday when I see the continuous exploitation and decimation of my people and our continent. But more than that, I am angered by the fact that so many Africans seem oblivious to the status quo and aren't interested in finding out what role we have played in the destruction of our race and home. A people will always be what they have always been. We Africans need to realise once and for all that spiritual awareness will never come from losing ourselves in another's ways. Find out who you are and where you come from. Go back to your source. Because surely, what have we gained from the West that is so much more meaningful than the knowledge of who we really are? May Malidoma keep helping us."
THE THANKSGIVING VISITOR.,['Truman Capote'],['Juvenile Fiction'],"Buddy and his closest friend, Miss Sook, love preparing their old country house for Thanksgiving, but this Thanksgiving there is trouble in the air.","There is often confusion about the publication history of Capote's beloved ""A Christmas Memory.""It was first published in the magazine Mademoiselle in 1956. Since then it has been bundled and re-printed in several collections, including The Selected Writings of Truman Capote.The first stand-alone edition (a 1st Thus) didn't occur until Random House released it in hardback in a slipcase in 1966! (Some confused cataloguers claim that this is a 1956 1st edition; it isn't -- the 1956 copyright appears but the book was released in 1966 w/ LOC number 66-21461.The fact that the publisher published this story in a rather classy binding many years after it first was released is a testament to the growing cult status of Capote in general and the reputation of this piece of prose in particular.Probably the most satisfying aspect of the first stand-alone edition is the slipcase's inclusion of the photo of young Truman with his best friend Sook. And, just as Capote's prose recalls it, her face does have a weathered dignity reminiscent of Abraham Lincoln.Best two closing sentences ever: ""That is why, walking across a school campus on this particular December morning, I keep searching the sky. As if I expected to see, rather like hearts, a lost pair of kites hurrying toward heaven."""
"Black Mass: The Irish Mob, the Fbi, and a Devil's Deal","['Dick Lehr', ""Gerard O'Neill""]",['True Crime'],"Now a major motion picture starring Johnny Depp A New York Times Bestseller A Boston Globe Bestseller An ABA Indie Bestseller James ""Whitey"" Bulger became one of the most ruthless gangsters in US history, and all because of an unholy deal he made with a childhood friend. John Connolly a rising star in the Boston FBI office, offered Bulger protection in return for helping the Feds eliminate Boston's Italian mafia. But no one offered Boston protection from Whitey Bulger, who, in a blizzard of gangland killings, took over the city's drug trade. Whitey's deal with Connolly's FBI spiraled out of control to become the biggest informant scandal in FBI history. Black Mass is a New York Times and Boston Globe bestseller, written by two former reporters who were on the case from the beginning. It is an epic story of violence, double-cross, and corruption at the center of which are the black hearts of two old friends whose lives unfolded in the darkness of permanent midnight.","I know of someone who had the misfortune of working as a contractor for a company in the region of the Merrimack Valley FBI office when this case broke out. The person was harassed under suspicious circumstances and afterthat person left was blackballed on references by many of these coworkers there with strong political feelings during a period of gubernatorial and presidential elections. After this person left, this small group of workers was relocated ostensibly to another a building in another county. This person had all sorts of strange things happen when this case first exploded.One can only wonder what the family members of victims, informants, and fbi agents under suspicion are going through. Peter Limone was just released after 35 years in prison through the efforts of an unnamed informant.. but a question emerges as to why the informant's report only now became known?"
The Culture Clash: A Revolutionary New Way to Understanding the Relationship Between Humans and Domestic Dogs,['Jean Donaldson'],['Pets'],"Describes ways to help rehabilitate aggressive behavior in dogs, using food and other reinforcers.","Jean Donaldson has some interesting things to say, no doubt. But her publisher has hobbled this book by including NO INDEX and a pathetic table of contents.Imagine this scenario: Fido's just knocked your child over. You remember something in the book that might help you correct this situation, but how do you find it? You can't! You're doomed to skimming through several chapters, and you'll likely give up before you find it.This book was published in 1997, and is highly recommended by many dog trainers. Hello, publisher! Surely it's worth hiring an indexer for a few hundred bucks."
Izzy's Fire: Finding Humanity In The Holocaust,['Nancy Wright Beasley'],['History'],"Edna Ipson, Holocaust survivor, now 93 years old, sees her familys story of struggle and survival recorded and published. Brunswick Publishing has just released Izzys Fire: Finding Humanity in the Holocaust by Nancy Wright Beasley, which focuses mainly on the Ipson familys life in hiding in a Lithuanian farmers potato field.The book depicts how 13 members of five Jewish families survived the Holocaust through their own ingenuity and the generosity of a poor Catholic farm family. All 13 Jews ended up living in a 9x12x4 underground hole as World War II raged around them. Some lived underground for about seven months before being liberated by the Russian Army.Dr. Michael Berenbaum, project director of the U.S. Holocaust Memorial Museum (1988-1993) and author of The World Must Know: The History of the Holocaust as Told in the United States Memorial Holocaust Museum, says, Izzys Fire is filled with the passion of one woman determined to do justice to the story of another woman who lived in hiding throughout the war years. The war has soul. One feels the intensity of the struggle to survive. One senses the decency of those who were ready to rescue and the evil that haunted a mother and father and their young child in the dangerous world they lived. Nancy Wright Beasley has told a powerful story with dignified restraint. She has given voice to an underreported side of the Holocaust life in hiding. Adriana Trigiani, author of the best selling Big Stone Gap trilogy, offered early praise for the book. According to Trigiani, Nancy is a passionate, dedicated writer who has written a searing story, sure to capture readers with Izzy's Fire. She proves herself to be a storyteller who uses firsthand accounts and research with equal resolve. Beasley draws from personal interviews, research and numerous memoirs, including extensive memoirs from Israel Izzy Ipson, who helped his family escape from Kovno Ghetto, one of the most notorious killing fields for Jews in Lithuania. The Ipps, as they were known then, relocated to Richmond following their liberation and later changed their name to Ipson. The story has been re-created at the Virginia Holocaust Museum in Richmond, Virginia.Izzys Fire, which encompasses Virginia Standards of Learning at a variety of levels, will be taught as a pilot project in several eighth grade language arts classes in Chesterfield County public schools during the 2004-05 school term.","This incredible book touched my heart like no other. ""Izzy's Fire,"" beautifully written in the first person, chronicles the story of one brave Jewish family and their struggle to survive the horrific event known as the Holocust. Nancy Wright Beasley, a gifted author, tells the amazing TRUE story of the Ipp (Ipson) family using the voice of the young mother. In this memoir of sorts, we learn how Eta and her husband Izzy, are determined to save their young son, Jay. We learn about the incredible risks that they took, the sacrifices they made - and how they were assisted by a family of impoverished, but courageous, Catholic farmers. I was incredibly moved by this story of love and sacrifice."
"Baby Lessons / Too Lucky for Love (Harlequin Duets, No.18)","['Kate Thomas', 'Jennifer Drew']",['Fiction'],"In Drew's ""Baby Lessons, "" one minute Becky is being busted by brawny lawman Nate, the next she is baby-sitting his baby bouncing niece and agreeing to be his pretend fiance. In Thomas' ""Too Lucky for Love, "" a man who wins the lottery and gets a big promotion crosses paths with a free spirit--a walking disaster heading straight for his heart.","Ms. Thomas has done an outstanding job of bringing together two drastically different characters. Marisa and Ty literally jumped off the page from chapter one. The entire book kept me smiling, from laugh-out-loud funny to moments of poignancy and tenderness.Three cheers for an all around fun book that will keep readers entertained from beginning to end."
The great Gatsby (Leading English literature library),['F. Scott Fitzgerald'],['Fiction'],"A must-have new edition of one of the great American novels--and one of America's most popular--featuring a new introduction by Min Jin Lee, the New York Times bestselling author of Pachinko, and a striking new cover that brings the quintessential novel of the Roaring Twenties into the 2020s A Penguin Classics Deluxe Edition Young, handsome, and fabulously rich, Jay Gatsby seems to have everything. But at his mansion east of New York City, in West Egg, Long Island, where the party never seems to end, he's often alone in the glittering Jazz Age crowd, watching and waiting, as speculation swirls around him--that he's a bootlegger, that he was a German spy during the war, that he even killed a man. As writer Nick Carraway is drawn into this decadent orbit, he begins to see beneath the shimmering surface of the enigmatic Gatsby, for whom one thing will always be out of reach: Nick's cousin, the married Daisy Buchanan, whose house is visible from Gatsby's just across the bay. A brilliant evocation of the Roaring Twenties and a satire of a postwar America obsessed with wealth and status, The Great Gatsby is a novel whose power remains undiminished after a century. This edition, based on scholarship dating back to the novel's first publication in 1925, restores Fitzgerald's masterpiece to the original American classic he envisioned, and features an introduction addressing how gender, race, class, and sexuality complicate the pursuit of the American Dream.","I absolutely hated this story. All the characters did was moan about their lives and do stupid things. Daisy was a complete waste of oxygen and the rest of the characters just cried. There was no action, no suspense, and no real plot. The story didn't pick up until the end which is, let me remind you, the end. This book should never have written!..."
Stages of Meditation,"['The Dalai Lama', 'Kamalashila']",['Religion'],"A translation of the ancient classic Stages of Meditation, by Kamalashila, with commentary from everyone's favorite Buddhist teacher, the Dalai Lama. The Dalai Lama explains the principles of meditation in a practice-oriented format especially suited to Westerners. Based upon the middle section of the Bhavanakrama by Kamalashila--a translation of which is included--this is the most extensive commentary given by the Dalai Lama on this concise but important meditation handbook. It is a favorite text of the Dalai Lama, and he often takes the opportunity to give teachings on it to audiences throughout the world. In his words, ""This text can be like a key that opens the door to all other major Buddhist scriptures."" Topics include the nature of mind, how to develop compassion and loving-kindness, calm abiding wisdom, and how to establish a union of calm abiding and special insight.","This book captures the Dalai Lama in his classical role, explaining an ancient Buddhist text to monks in Northern India. The exposition is simply translated from Tibetan, and it shows us the subtlety of an advanced class for committed practitioners. Where our sound-bite world commonly simplifies religion to some ""main point"", the Dalai Lama's careful reflections always maintain a balancing act. The terse root text by Kamalashila is expanded on, the way a seasoned mountain guide explains a map through highly variable terrain. The path to unwavering attention and compassion looks hard, but possible. The teacher evokes a desire to make it."
Modesty Blaise,"[""Peter O'Donnell""]",['Fiction'],"In her first adventure for British Intelligence Modesty Blaise with her loyal lieutenant, Willie Garvin, must foil a multi-million pound diamond heist. They travel from London to the South of France, across the Mediterranean to Cairo before battling, against impossible odds, a private army of professional killers.","This is #2 in the series of Modesty Blaise's adventures-- start with the eponymous #1 for her origins and first mission. Here she and Willie, her anima/animus soulmate, take on as nasty a group of bloodthirsty mercenaries as you'd ever want to meet. It's fun all the way.If you like the Bond books, try these-- you'll like them as well. They have the same tongue-in-cheek sense of absurdity/reality, the same slightly-outrageous bad guys with odd physical qualities, bright action sequences, and a real sense of style-- author O'Donnell can't resist telling us what Modesty's wearing (or not wearing) every few pages. This is solid spy genre writing from the sixties, before it got old. Enjoy!"
The Shy Stegosaurus of Cricket Creek,['Evelyn Sibley Lampman'],['Juvenile Fiction'],"George, a shy stegosaurus, and a pair of twins save the family ranch and catch a bank robber. Grades 5-7.","Last year I bought a used copy of this book for $60, and considered it a bargin!I loved this book as a child and wanted to share it with my eight year old daughter in hopes that she would enjoy it as much as I did at her age. She does, and I'm hoping that the sequel, &quot;The Shy Stegosaurus of Indian Springs&quot; will also be reprinted."
New Junior Cookbook,['Better Homes & Gardens'],['Cooking'],"An all-new edition of the perfect kids' cookbook—now more fun than ever! Written and designed to appeal to kids ages 5 to 12, this all-new edition of the Better Homes and Gardens New Junior CookBook features 65 brand-new recipes that are simple to make and a blast to eat. Each recipe includes a photo of the dish and unique and lively illustrations of characters that tell a story to complement the dish. All the recipes here are easy-to-follow and packed with helpful hints and fun ways for kids to put their own spin on them. With lots of easy-to-understand nutrition information, it's a great way to teach kids about healthy eating while getting them interested in cooking. 65 recipes include hearty breakfasts, lunches, and dinners as well as healthy snacks and treats Fun, engaging, full-color illustrations bring each recipe to life and grab kids' attention Special features cover cooking basics, kitchen safety, menu planning, basic nutrition information, and guidance on reading and understanding food labels Teach your kids how to eat right and help out in the kitchen with the Better Homes and Gardens New Junior CookBook. It's the perfect way to make it rewarding for the whole family.","My brother Dave illustrated this book, so I'm biased there... but I've been waiting for it to come out so that I could get a copy and see his work. Not only are his illustrations amazing but they are fun.We used to have a cookbook similar to this when we were kids. It had the best cookie recipe ever and we used it whenever my Mom wasn't feeling like baking.Looking through the recipes in this one really confirms that the editor was on the right track for kids and parents who wish to share the experience of cooking together in the kitchen. What strikes me as valuable in this regard is that the kids will actually enjoy the food once they are finished and the parents won't find just another book with the same old fare. It's fresh, colorful and the hardback cover makes it very durable... an important factor with little ones.Dave is the original illustrator behind Mozilla, the Netscape mascot green dragon that was popular in the early 90's. I have a feeling we're looking at a possible collector's item once enough years go by. Enjoy!"
The Religion of Jesus the Jew,['Géza Vermès'],['Religion'],This book completes a remarkable trilogy... The basic premise on which the project is founded is that a careful and impartial reconstruction of Jesus' Jewish background is an essential preliminary to any reconstruction of Jesus himself.,"The importance of this book, and others like it, is to make the case that Jesus (like his disciples) was a practicing Jew -- one who may have had his own unique take on the Law, but one who fits well within the Judaism of his time. This is a historical conclusion that is not to be heard in the vast majority of Christian churches, liberal or conservative, which for their own reasons tend to portray the situation as essentially the Christian Jesus against ""the Jews"". How this historical observation should affect one's view of traditional Christian theology, is up to each reader to decide."
"The Norton Anthology of English Literature, Eighth Edition, Volume 2: The Romantic Period Through the Twentieth Century","['Stephen Greenblatt', 'Meyer Howard Abrams']",['Literary Collections'],"Read by millions of students over seven editions, The Norton Anthology of English Literature remains the most trusted undergraduate survey of English literature available and one of the most successful college texts ever published.",The book arrived sooner than the estimated date which was awesome because my summer class had just started and I needed it fast. The condition of the book was as described. Just what I needed!
"Credibility: How Leaders Gain and Lose It, Why People Demand It, Revised Edition","['James M. Kouzes', 'Barry Z. Posner']",['Business & Economics'],"The first true revision of the classic book from the bestselling author of The Leadership Challenge As the world falls deeper into economic downturns and warfare, the question of credibility (how leaders gain and lose it) is more important than ever. Building on their research from The Leadership Challenge, James Kouzes and Barry Posner explore in Credibility why leadership is above all a relationship, with credibility as the cornerstone, and why leaders must ""Say what you mean and mean what you say."" This first full revision of the book since its initial publication in 1993 features new case studies from around the world, fully updated data and research, and a streamlined format. Written by the premier leadership experts working today, Credibility: Reveals the six key disciplines that strengthen a leader's capacity for developing and sustaining credibility. Provides rich examples of real managers in action Includes updates to the applications and research This personal, inspiring, and genuine guide helps you understand the fundamental importance of credibility for building personal and organizational success.","This book is excellent. That is not only my opinion, but the opinion of numerous colleagues who have read the book based on my recommendation. Trust (credibility) is an absolutely critical attribute for an effective leader. This book covers all the bases with regard to gaining, maintaining, and restoring credibility. I highly recommend this book to everyone who is in any position of leadership."
The Rising Dark (Bk. 1),['Rena Barron'],,"In this contemporary fantasy, Maya's search for her missing father puts her at the center of a battle between our world, the Orishas, and the mysterious and sinister Dark world.","The king is missing and his brother, also missing for a time, has escaped from captivity but doesn't know where he was being held captive or why and is suffering from a magic ailment that allows his former captor to continue to torture and question him in his sleep. To make matters worse the crown is being protected or usurped by his cousin and even the cousin doesn't seem entirely sure which is true. The Kingdom of the Seven Realms is falling apart and only time will tell just how much has been lost. The only hope is a joining together of the various peoples of the Seven Realms but quite frankly they hate each other. Prince Dyrdrion (the extremely sick half-human half-elf king's brother and heir), Athinor (the fellstalker of Pendren), Freyadis (the elf and heir apparent to Lorinthion), Caladras (Freyadis' sister), Gamuret (the dwarf) and eventually Bolithar (the Thaeonastan) set out to find the missing king and restore order to the Seven Realms, if they don't kill each other first!!An extremly engaging and well plotted character driven story. A strong mix of angst and humor with a good mystery set in the quest atmosphere of a high fantasy. Once you start reading this story you won't want to stop.Note: This is the first book in a series. The second book, The Ways of Magic, was published in December 2003."
Lord of the flies: A novel,['William Golding'],['Fiction'],"Golding’s iconic 1954 novel, now with a new foreword by Lois Lowry, remains one of the greatest books ever written for young adults and an unforgettable classic for readers of any age. This edition includes a new Suggestions for Further Reading by Jennifer Buehler. At the dawn of the next world war, a plane crashes on an uncharted island, stranding a group of schoolboys. At first, with no adult supervision, their freedom is something to celebrate. This far from civilization they can do anything they want. Anything. But as order collapses, as strange howls echo in the night, as terror begins its reign, the hope of adventure seems as far removed from reality as the hope of being rescued.",This book is amazing in it's content because of the implications. It deals with raw morallity that makes you think and feel along with the characters. This is one of those books that you don't want to end.
"Radar Development to 1945 (Iee Radar, Sonar, Navigation and Avionics Series 2)",['F.A. Kingsley'],['Political Science'],"This book presents a collection of authoritative accounts of the evolution and application of Royal Naval shipborne radars during World War 2 in the fields of weapon control, weapon direction, action information and fighter direction. Accounts are also presented of the successful pioneering activities at the Admiralty Signal Establishment in the fields of counter-measures against various enemy electronic systems in active operations, and also of high-frequency direction-finding, ashore and afloat, which, in conjunction with radar, contributed substantially to winning the Battle of the Atlantic.","As the previous review indicates, no one interested in the history of radar up to 1945 can afford to ignore this book, a great collection of essays which provides eormous detail on radar, ECM and ECCM techniques."
The art of loving,['Erich Fromm'],['Psychology'],"The landmark bestseller that changed the way we think about love: “Every line is packed with common sense, compassion, and realism” (Fortune). The Art of Loving is a rich and detailed guide to love—an achievement reached through maturity, practice, concentration, and courage. In the decades since the book’s release, its words and lessons continue to resonate. Erich Fromm, a celebrated psychoanalyst and social psychologist, clearly and sincerely encourages the development of our capacity for and understanding of love in all of its facets. He discusses the familiar yet misunderstood romantic love, the all-encompassing brotherly love, spiritual love, and many more. A challenge to traditional Western notions of love, The Art of Loving is a modern classic about taking care of ourselves through relationships with others by the New York Times–bestselling author of To Have or To Be? and Escape from Freedom. This ebook features an illustrated biography of Erich Fromm including rare images and never-before-seen documents from the author’s estate.","I read Erich Fromm's book many years ago, when I was in college in the late 60s/early 70s. It subtantially changed the way I viewed the world and to today influences what I believe and do.I just bought a copy of the volume for my daughter who is working her way into adulthood, on the hope that it can help her the way it helped me.I don't think there is any other work I have recommended to others more in my life and I recommend it to you. It is a short, wise book.William J. Trinkle----"
The Lord of the Rings (3 Volume Set),['J. R. R. Tolkien'],"['Baggins, Bilbo (Fictitious character)']","A saga of dwarfs and elves, goblins and trolls in a far-off, long ago land.","JRR Tolkien has managed to set the standard for perfection in storytelling. This is the best story I have ever read. I highly recommend this to all readers. Read it yourself, read it to your children, use any reason to read it, but read it. Even if you have seen the films, you should still read the books. They can't match the skill and art put into the written form. This edition is in the higher price range because it is a leather bound edition. This is for the bigger Tolkien fans. I know it is in my wish list."
Sorcerer's Apprentice,['Tahir Shah'],"['Body, Mind & Spirit']","Follows the author's apprenticeship to one of India's master conjurers and his initiation into the brotherhood of godmen, during which he journeys the subcontinent, meeting a plethora of adhus, sages, sorcerers, hypnotists, and humbugs. 15,000 first printing.","""Sorcerer's Apprentice"" takes its formula from the ""quest"" genre. It's essentially the myth of the hero, and our interest depends on the novelty of the adventures or trials our hero undertakes. Quest stories also seem to depend on the hero's naivet&eacute;, which often borders or crosses the line into all out stupidity. ""Sorcerer's Apprentice,"" is no exception. The problem is the quest doesn't seem all that important, and the outcome is a set-up without the thrill of discovery. We learn a few tricks along the way, get a picture of an India few of us will ever see, but it's hardly worth the trip. ""Sorcerer,"" also seems to be a misnomer implying wonders greater than any revealed. There are better examples of its type, (any of the Carlos Castaneda series,) and you could probably find one set in India. I'd say to skip this one."
Hearts in Atlantis,['Stephen King'],['Fiction'],"King mesmerizes readers with fiction deeply rooted in the sixties, exploring in five interconnected narratives, spanning 1960 to 1999, the haunting legacy of the Vietnam War. ""Engaging . . . King's gift of storytelling is rich"".--""The Los Angles Times Book Review"".","Hearts in Atlantis was an effort for me to complete. I wqnted to put it away many times, but forced myself to stay with it. It did redeem itself somewhat, but I can't say i enjoyed it. King seemed to be reaching for something but was unable to find the right words. I have lived through this era, also, and I found his characters to be unbelievable and boring. I had a hard time trying to remember Pete's name (hearts in atlantis) I'm not really sure what King's message was in the book. It was plodding and overdone. king's writing has usually been entertaining and well paced. This was not the case in this try. His voice so strong that it is a distraction. In his effort to try for a depth in his writing he seems to have lost his way and wallows around in verbosity. I'm sorry I wasted my precious summer reading time on this one."
New Complete Do-It-Yourself Manual,"['Albert Jackson', 'David Day']",['House & Home'],"This international bestseller is the most comprehensive and authoritative DIY manual ever produced. This new edition has been updated with information on all the latest changes in products, techniques and regulations developed since the last edition (published in 2004). Catering to novices, DIY enthusiasts or professionals, this essential book continues to be the most in-depth, up-to-date and user-friendly DIY book on the market, covering everything from decorating and repairs to electricity, plumbing and much more.","This book is and has been, the most practical general reference guide to most of us AMATEURS. It is easy to read, well indexed and the illustrations are practical. Good job Reader's Digest."
The African Queen (Bantam Book),['Cecil Scott Forester'],['Fiction'],"During World War I, a proper English missionary and a garrulous Cockney boatman, sole survivors of a German raid, decide to strike a blow for England.","The first C. S. Forester novels I ever read were the eleven volumes comprising the Hornblower series of nautical adventures in the British navy. Years before encountering those, which, by the way, are superb reading and far better written than the Aubrey/Maturin maritime novels of Patrick O'Brian, perhaps their closest competitors in readers' affections, I saw a movie entitled ""The African Queen."" I was far too young then to know or care about the inspiration behind that 1951 film and was not even acquainted with the novels of C. S. Forester. That film must have made quite an impression, though, for, decades later, I can still hear the throbbing of the steam engine driving the Queen down the Ulanga and Bora River, so, when I chanced to encounter Forester's novel, there was nothing else to do but dive into it.The story line in THE AFRICAN QUEEN rushes along even faster than do the plots of the Hornblower novels. The story, set in Africa at the beginning of World War I, is replete with deathly disease, conquering Nazis, and never-ending derring-do amidst cataracts and rapids plunging down boulder-strewn canyons toward huge Lake Wittelsbach, whose waters are patrolled by the Konigin Luise mounting the Nazi iron cross flag. Oh yes, we mustn't ignore the love element that evolves between the spinsterish, virginal Rose Sayer, steeped in her brother's missionary zeal and stern religiosity, and her companion, Charlie Allnutt, a cockney with a highly questionable past. Primarily, however, this begins and remains an adventure story, and there's just enough love element to spice things up a bit.The novel is not without its flaws. There are undoubtedly critics who take it to task for the ease with which Rose loses her austere countenance (not to mention her virginity), given her strict, traditional upbringing and her circumscribed life. Her assuming almost instant command of the steamboat, her fanatical self-imposed mission, and her sheer strength of mind and unwavering determination appear too atypical for someone of her background. For our other protagonist, Allnutt, his ability to repair or cobble together everything the couple come to need as they careen down the racing Alanga or laboriously pull their boat across the stagnant delta of the Bora is nothing short of phenomenal. The reader's credulousness is sorely tested when Forester has Allnutt create a workable forge on the banks of the river and repair a kinked drive shaft and a broken propeller in the middle of the jungle.Still, this is adventure fiction, and the reader must not be overly critical of characters who find themselves in dire straits with only their imagination and ingenuity (or at least with the imagination of the author who created them) to succor themselves. I dare say that THE AFRICAN QUEEN, written in 1935, has yet to be bested by any more recent adventure stories--equaled perhaps, but not bested. The book is a very fast read and is not easy to lay aside, and I feel that any reader, from adolescent to antiquarian, who enjoys the vicarious mystery, challenge and excitement of a fine adventure story will not find THE AFRICAN QUEEN lacking.And just who is the real African Queen, the steamboat or Rose Sayer?"
Sultan in Oman,['Jan Morris'],['Oman'],A factual account of the author's travels and experiences in Oman.,"In an effort to increase regional knowledge in advance of an assignment in Oman, I bought this book together with several others to augment knowledge gained in an earlier visit to the Sultanate in '03. The book is short and set in 1955, and is essentially the diary of a traveler accompanying the Sultan's traveling party on a historic journey through the country at the end of a brief civil war. While interesting in parts, the trip was done at break-neck pace and therefore true insights on the country are limited. While an interesting snapshot in time, the book nonetheless was something of a disappointment. I expected to get a book which would really paint a solid picture of the country prior to the reign of Sultan Qaboos. In a way this does have elements of that, but it is more aimed at the romantic traveler than it is a student of the country or its history."
An April Shroud,['Reginald Hill'],['Fiction'],"A detective is drawn to a newly widowed woman in this “darkly funny” British murder mystery in the Gold Dagger Award–winning series (Kirkus Reviews). With his partner away on a honeymoon, Yorkshire detective Andrew Dalziel tries to beat the blues by taking a vacation of his own. But after getting caught in a torrential rain and running into a funeral procession, he winds up accompanying a crowd of upper-class mourners to a crumbling country house. Dalziel isn’t known for his elegant manners, but he has bigger problems than not fitting in: The owner of the home has died under unusual circumstances, and soon more bodies are turning up. And while Dalziel finds himself undeniably attracted to the widow, he knows that she, and everyone in the family, is a suspect. “Hill’s high standards of humor and civilized characterization are intact here, and justice and ambiguity are served in satisfactory fashion.” —Publishers Weekly Praise for Reginald Hill “Hill’s polished, sophisticated novels are intelligently written and permeated with his sly and delightful sense of humor . . . Enjoyable as much for their characters as for their complicated, suspenseful mystery plots.” —The Christian Science Monitor",Any early Hill effort which develops so slowly it is better as a sleep aid than a thriller.
You Own the Power: Stories And Exercises To Inspire And Unleash The Force Within,['Rosemary Altea'],['Self-Help'],"The New York Times bestselling author of Proud Spirit and The Eagle and the Rose teaches us how to unleash the spiritual force within us. As spiritual beings having a human experience, each of us comes into this world endowed with breathtaking gifts. We may have the power of intuition...the power to sense the invisible world around us...the power to create healing energy. All that we need is a wise teacher to turn the handle, so we can open the door to what lies within us. Rosemary Altea is that teacher. She has guided thousands of students in their quest for self-empowerment. Now she shows all of us how to unblock and develop our gifts through simple, effective, and proven exercises. We learn how to release stress and find peace, locate our energy and build it up, and tune in to our sixth sense. But this groundbreaking work of self-empowerment is more than a how-to manual: woven into its fabric are miraculous stories of the spirit world, including the author's coversations with those who have departed this sphere. And it contains the wisest lesson of all: before we can communicate with the invisible forces around us, we must first learn to communicate with ourselves.","I discovered this book on my first visit to the United States. It opened my eyes and my soul. I would never have thought that this book would be able to touch my heart and spirit with such a great warmth - so deep and powerful. The concept of &quot;beeing more at home&quot; was a revelation to me and really not so easy to grasp. we are all so close to our own selves that we often lose sight of the most important thing - our lives. This book brought to mind another wonderful book which I read which deals with similar ideas but with a somewhat different approach. The book is called &quot;Working on Yourself Doesn't work&quot; by Ariel and Shya Kane. Being here in the moment and continuously being aware of YOUR OWN life is for me very much the same as &quot;being at home&quot;. Each approach reinforced the other and helped me find a new liveliness. I can heartily recommend both books - an wish all a more fullfilling and joyous life. Anke Wahnschaft - Berlin, Germany."
Finite Element Structural Analysis,['Horst Werkle'],['Science'],"The book introduces the basic concepts of the finite element method in the static and dynamic analysis of beam, plate, shell and solid structures, discussing how the method works, the characteristics of a finite element approximation and how to avoid the pitfalls of finite element modeling. Presenting the finite element theory as simply as possible, the book allows readers to gain the knowledge required when applying powerful FEA software tools. Further, it describes modeling procedures, especially for reinforced concrete structures, as well as structural dynamics methods, with a particular focus on the seismic analysis of buildings, and explores the modeling of dynamic systems. Featuring numerous illustrative examples, the book allows readers to easily grasp the fundamentals of the finite element theory and to apply the finite element method proficiently.","Over the years, it has been my own experience that most books about finite element analysis do not excel in their ability to teach without undo effort on the part of the reader. Perhaps the same can be said for engineering texts in general. In contrast to this regrettable norm, Dr. Yang's book is a pedagogically sound work that is perfectly suited for undergraduate engineering students, or for those interested in self study. Explanations are resoundingly clear and thorough, as are its many example problems.From a purely techical point of view, the book really excels in its coverage of higher-order and special-purpose beam elements. These include nonuniform and curved elements, as well as special elements designed to address buckling and large deflection problems. The author skillfully uses several examples to quantify and compare these different elements with regard to accuracy and efficiency. This information is both interesting and useful. Finally, detailed mass-matrix formulations are provided that enable accurate solutions to free-vibration and other transient problems.Other element types and formulations are also presented in some detail. These include membrane, plate, tetrahedral, hexahedral and axisymmetric solid, and finally several isoparametric variants. The book is then rounded out nicely with four computer programs:1) Static analysis of plane truss and plane frame structures.2) Free-vibration analysis of plane truss and plane frame structures.3) Static analysis using six-degree-of-freedom triangular plane stress and plane strain finite elements.4) Static analysis using sixteen-degree-of-freedom rectangular plate finite elements in bending.Unfortunately, a CDROM was not issued with the book at the time of its publication in the late 1980's. Instead, fortran source code is printed at the end of the book, along with instructions to contact the author for a disk, if necessary. According to Purdue's website, Dr. Yang still teaches as an adjunct professor at its Aerospace Engineering Dept. The following contact number was listed: (765) 494-5117.Despite the book's modest age (copyright 1986), all its material remains completely relevant. For this reason and those given above, I wholeheartedly recommend Dr. Yang's commendable work to those looking for an introductory text - even in the year 2007."
The Other Side and Back: A Psychic's Weekly Guide to Your World and Beyond,"['Sylvia Browne', 'Lindsay Harrison']","['Body, Mind & Spirit']","From the bestselling author of ""Life on the Other Side"" comes the follow up companion--""The Other Side and Back."" Browne continues her advice and guidance into worlds readers have not yet seen.","""The Other Side and Back"" is a read I couldn't put down. I have read most of Sylvia's books and this one was equally uplifting. She possesses the wisdom of the ages, and for me, she usually puts in the last piece of the puzzle, which is exactly what she did in Chapter 7, of this book about Dark Enities. She helped me to finally understand the problem existing between me and my only sibling. Thank you, Sylvia, for your sage advice!Cynthia Briggs, Cookbook AuthorPork Chops and Applesauce: A Collection of Recipes and ReflectionsSweet Apple Temptations"
Little Women,['Louisa May Alcott'],['Fiction'],"Op eigen wieken is het vervolg op Louisa May Alcotts meesterwerk Little Women, in het Nederlands uitgegeven als Onder moeders vleugels. In dat boek volgen we de zussen Alcott, die losjes zijn gebaseerd op de schrijfster zelf en haar drie zussen. In Op eigen wieken zijn de jonge zussen uit het eerste deel opgegroeid. De kwesties waar ze mee worstelen hebben nu een ander karakter dan in hun kindertijd, en elk op hun eigen manier gaan de zussen om met het vinden van werk, een partner en het krijgen van kinderen. Na Op eigen wieken volgen nog twee delen over de levens van de familie Alcott. Het verhaal is vele malen verfilmd en op de planken gebracht. Louisa May Alcott (1832-1888) schreef ook voor volwassenen, maar had vooral veel succes als schrijfster van kinderboeken. Haar bekendste werk is Little Women, een autobiografische roman die nog twee vervolgboeken kreeg, en talloze malen bewerkt is tot toneelstukken en films. Alcott was ook politiek zeer actief en maakte zich onder andere sterk voor vrouwenrechten en afschaffing van de slavernij.",It is what I expected it would be. It is slow reading. So far I am enjoying the read.
GEEK LOVE.,['Katherine Dunn'],['Fiction'],"National Book Award finalist Here is the unforgettable story of the Binewskis, a circus-geek family whose matriarch and patriarch have bred their own exhibit of human oddities (with the help of amphetamine, arsenic, and radioisotopes). Their offspring include Arturo the Aquaboy, who has flippers for limbs and a megalomaniac ambition worthy of Genghis Khan . . . Iphy and Elly, the lissome Siamese twins . . . albino hunchback Oly, and the outwardly normal Chick, whose mysterious gifts make him the family’s most precious—and dangerous—asset. As the Binewskis take their act across the backwaters of the U.S., inspiring fanatical devotion and murderous revulsion; as its members conduct their own Machiavellian version of sibling rivalry, Geek Love throws its sulfurous light on our notions of the freakish and the normal, the beautiful and the ugly, the holy and the obscene. Family values will never be the same.",This book is amazing... I've been trying to find more like it... that's part of the reason I'm writing this review... so Amazon will be able to make better recommendations.
Violets Are Blue (Read by Daniel Whitner & Kevin O'Rourke),['James Patterson'],['Fiction'],"D.C. Detective Alex Cross has seen a lot of crime scenes. But even he is appalled by the gruesome murders of two joggers in San Francisco's Golden Gate Park - killings that look more like the work of savage beasts than humans. Local police are horrified and even the FBI is baffled. Then, as Cross is called in to take on the case, the carnage takes off, leaving a trail of bodies across America and sweeping him to Savannah, Las Vegas, New Orleans, Los Angeles . . as his nemesis, the merciless criminal known as the Mastermind, stalks him, taunts him, and once again, threatens everything he holds dear...","After managing to finish Robin Cook's stupid book, &quot;Shock,&quot; I had hoped to find something much better. Didn't do it with &quot;Violets Are Blue.&quot; I wish there was someone writing about something plausible. Even Cornwell's new book was less than expected.Don't buy a new copy of &quot;Violets Are Blue.&quot; If you must read Patterson, get a used book, or get from someone who paid! Far-fetched, ridiculous, a quick read but violent and descriptive."
Fox in socks,['Dr. Seuss'],['Juvenile Fiction'],"This classic Dr. Seuss Beginner Book features silly tongue twisters that will have readers of all ages giggling with glee. When a fox in socks meets Knox in a box, you know that hilarity will ensue. Add chicks with bricks (and blocks and clocks) and you're sure to get your words twisted and lips locked. With his unmistakable gift for rhyme, Dr. Seuss creates a hysterical and energetic way for beginning readers to dive into the joy of reading. This book comes with the following warning: “This is a book you READ ALOUD to find out just how smart your tongue is. The first time you read it, don't go fast! This Fox is a tricky fox. He'll try to get your tongue in trouble.” Originally created by Dr. Seuss, Beginner Books encourage children to read all by themselves, with simple words and illustrations that give clues to their meaning.","I realized today that the most beautiful aspect of the books Dr. Seuss wrote is all about reading them ALOUD. They are not meant to be silent. On the same note, they are also meant to be shared among the young and adult. I find myself at a responsibility now to share and talk about them. Plus, with every Dr. Seuss story, I am realizing, there must also be a special story to share. Here is my first. Come and check out more of this review here.[...]"
Iokaste The Novel Of The Mother-wife Of Oedipus,"['Victoria Grossack', 'Alice Underwood']",['Fiction'],"For millennia the story of Oedipus - who, despite all efforts to avoid his fate, killed his father and married his mother - has captivated imaginations. Even more compelling are the experiences of his wife and mother, Iokaste. In Iokaste, she finally tells her story. As the book opens, Iokaste's brother Kreon tells his sister she must die. The sacrilege of her unnatural marriage is revealed; the queen of Thebes can either take her own life or be torn to pieces by an angry mob. She has until dawn to choose the means of her death. Horrified, Iokaste's daughter asks: How much of the truth did you know? And when did you know it? Iokaste answers these questions. Through the disappointment of her first marriage and the loss of her firstborn child, Iokaste learns the sacrifices demanded of a queen. When her husband dies, Iokaste and her brother contend with the dangerous Sphinx and contrive a plan to protect their city. Then the prince of Korinth claims the heart of the queen, and Iokaste finds herself involved in a relationship richer and more complex and than she ever imagined possible - but this very love threatens the destruction of all she holds dear.","Our small book group discussed ""Jocasta"" as a wild card in our list of choices. It turned out to be the most interesting and enjoyable book we have read in several years, eliciting enthusiastic reaction and provocative exchanges.Grossack and Underwood show extraordinary skill as storytellers. Despite the characters, main events, and the ending of this much told myth being known to the reader, the tension is maintained to the last page. Greece of over three thousand years ago comes alive, with characters fully developed and scenes described in such realistic color and detail that one feels personally involved in this mythological drama. ""Jocasta"" is quite a page-turner and a splendid read."
Grave Talker,['Linette Widen'],['Fiction'],"When seventeen year old Jim Foster leaves his Ozark home during the spring of 1890, he heads west to begin a new life at a cattle station. What he doesn't realize is how ill-prepared he is for the challenges he will face during the journey. From the hills of Missouri to a farm in Kansas, he finds love with his childhood sweetheart along with the kindness of a family on the Plains. But a tragic turn of events tests his faith in God and drives him away to the gold mines of Cripple Creek where devious characters threaten his life. As the twentieth century begins to unfold, follow Jim Foster as a twist of fate takes him to the silver mines of Idaho. The author originally meant to write this novel as a memoir of her ancestors, but found there was not enough accurate information to tell a factual story. Hence, this is a piece of fiction imbued with the true legends of those contentious relatives who were, to the very end, strong, unique individuals who survived despite the daunting odds they faced. Watch for the coming sequel, THE SILVER WOMB, about the Foster family in Wallace, Idaho.","This is a wonderful story and hard to put down once you start. It touches on life and death, love and loss, while also taking place in an adventurous and historical context. Simply, a great read!"
The Food Processor Bible,['Norene Gilletz'],['Cooking'],"Collects recipes which utilize a food processor, including ones for breakfast, lunch, dinner, and traditional Jewish dishes.","I don't cook without my food processor and now, I don't cook without The Food Processor Bible! This book is a must for food processor owners. Noreen Gilletz has taken the mystery out of using this versatile machine with comprehensive instructions on how to process every food imaginable plus delicious recipes that teach you the techniques as you cook. Whether you are a novice or expert cook, The Food Processor Bible is filled with such a wide variety of fast and easy &quot;from scratch&quot; recipes that you will be inspired to cook with your food processor every day."
Zen and the Art of Motorcycle Maintenance : An Inquiry into Values,['Robert M. Pirsig'],['Philosophy'],"THE CLASSIC BOOK THAT HAS INSPIRED MILLIONS A penetrating examination of how we live and how to live better Few books transform a generation and then establish themselves as touchstones for the generations that follow. Zen and the Art of Motorcycle Maintenance is one such book. This modern epic of a man’s search for meaning became an instant bestseller on publication in 1974, acclaimed as one of the most exciting books in the history of American letters. It continues to inspire millions. A narration of a summer motorcycle trip undertaken by a father and his son, Zen and the Art of Motorcycle Maintenance becomes a personal and philosophical odyssey into fundamental questions on how to live. The narrator's relationship with his son leads to a powerful self-reckoning; the craft of motorcycle maintenance leads to an austerely beautiful process for reconciling science, religion, and humanism. Resonant with the confusions of existence, this classic is a touching and transcendent book of life. This new edition contains an interview with Pirsig and letters and documents detailing how this extraordinary book came to be.","Man was this a waste of time. I had to read this book for class. What was my teacher thinking! Torture... that is what he was thinking.Talk about clarity....how bout none at all! This book was entirely too long , and it almost caused me to fail my class. Due to the fact that it was soooo boring i couldnt get past the first few pages!!! For those of you who like off and on books I recomend this to you .. Good Luck!!!!"
The Anger Advantage: The Surprising Benefits of Anger and How It Can Change a Woman's Life,"['Deborah L. Cox', 'Karin H. Bruckner', 'Sally D. Stabb']",['Self-Help'],"Explains how the seemingly negative emotion of anger can have a positive and beneficial role in transforming a woman's life, describing the negative mental, physical, and emotional impact of diverting anger and showing how the expression of anger can spark life-altering change.","Common sense backed by sound research. Easy to read, egaging, and to the point. Great tips on healthy communications."
Hop on Pop (I Can Read It All by Myself Beginner Books (Prebound)),['Seuss'],['Juvenile Fiction'],Join Dr. Seuss's Thing One and Thing Two as they give thanks for the simple pleasures of the season--from the leaves they rake to the pies they bake!,"As one of the first books I ever read, it is great to see that this book is as timeless as when I was young. My three kids (who all call me Pop)-as well as two others who are staying with us-have all enjoyed this wonderful book. They all have been read this book many times. Each has struggled through reading it to me when they learned to read.Dr. Seuss' creativity shines in the playful book. It is very help in teaching rhyming and is a great candidate for a first reader-as there are very few words while the story still engages the child. This book created a family tradition as the kids have hopped on ""Pop"" on many times!"
"On the origin of species by means of natural selection, or The preservation of favoured races in the struggle for life",['Charles Darwin'],['Electronic books'],"It took Charles Darwin more than twenty years to publish this book, in part because he realized that it would ignite a firestorm of controversy. The Origin of Species first appeared in 1859, and it remains a continuing source of conflict to this day. Even among those who reject its ideas, however, the work's impact is undeniable. In science, philosophy, and theology, this is a book that changed the world. In addition to its status as the focus of a dramatic turning point in scientific thought, On the Origin of Species stands as a remarkably readable study. Carefully reasoned and well-documented in its arguments, the work offers coherent views of natural selection, adaptation, the struggle for existence, survival of the fittest, and other concepts that form the foundation of modern evolutionary theory.--Amazon.com.","From the time one enters elementary school, we have heard about Darwin's famous concepts. We've all heard of his famous journey on the H.M.S. Beagle to the Galapagos Islands on which he studied numerous species of plant and animal life. We all know that his observations there lead him to the deduction of evolution. However, how many of us have actually read his original work? Due to an illness, Darwin published On the Origin of Species before he believed it was finished. However, he had spent the better part of 20 years gathering and organizing his information. At the time, evolution was a radical idea, as many scientists believed that species were independently created and incapable of change. In the interest of brevity, Darwin summarized his findings and filed them neatly into titled sections within chapters of specific observations. There observations led him to conclude that present day plants and animals were not stagnant representations of their ancestors, but rather products of a process called natural selection.A famous poster in many grade school science classrooms depicts a series of sketches of an ape slowly standing upright until it finally resembles a present day human. If you recall this Darwinian concept that humans evolved from a single common ancestor, it may surprise you to learn that Darwin believed that some domesticated plants and animals have multiple species as ancestors. He observed that the countless variations among domestic species, such as dogs, were far too vast to be caused by the evolution of a single shared ancestor. By selectively breeding plants and animals, humans are practicing a sort of unnatural selection. Darwin tested this hypothesis of artificial modification as a means to evolution by observing the breeding of two different types of carrier pigeons. This man-made alteration created a fertile hybrid bird. However, Darwin's bird's fertility suggested to him that his idea of multiple origins was correct as the new bird could now produce similar offspring. This way of creating new species is more common in domesticated species rather than wild species as wild species are less likely to breed across specie boundaries. Furthermore, fertile hybrids face much difficulty in reproducing healthy offspring. In order to create more of their new distinct species, the rare fertile ones would need to breed with other hybrids, likely their siblings, which could cause biological detriments. Darwin noted that this theory was only applicable for the offspring of two similar species, such as two types of birds, as there had been no case in which a fertile offspring was produced by two immensely distinct species.Gradual changes also occur in wild plants and animals. In what would become his legacy, Darwin looked at the evolution of undomesticated plants and animals while in the Galapagos. According to Darwin's famous theory of natural selection, only the finest individuals of a given species survive. To demonstrate this, he observed that plants and animals with different features live in different elements. Individuals with well-suited traits are more likely to survive. These individuals were therefore more likely to breed and pass on their traits. Offspring with these beneficial traits continued to pass the traits on. Today, we refer to this idea as ""survival of the fittest."" Additionally, many animals adapt to climate over time. For domestic animals, it may be caused by multiple bloodlines from wild ancient animals that were fit for different climates. For wild animals, the transition from a parent species artic climate to a present day tropical one most likely took many generations of evolution to complete.Constant adaptation as a progression to biological development was not a commonly held idea amongst Darwin's peers. While they had correctly identified that animals in certain areas, such as near the shoreline, had different features than their counter-parts that lived in different conditions, they failed to recognize adaptation because the believed that animals were static representations of their ancestors. Darwin, however, was skeptical of this idea and decided to put it to the test. From the same observations, Darwin performed some of the aforementioned experiments. In a logical deduction, Darwin concluded that it was only over the course of time that these individuals living in a specific environment adapted to the conditions and began to change form.Darwin compared his theory of evolution to the geological processes that have shaped our planet since the dawn of time. No one can see these small changes happening just as one can see the erosion a small stream causes. Only over many years does a small stream carve out a grand canyon. This is how the evolution of species works. Small modifications accumulate until new species are formed. This concept allowed Darwin to explain phenomenon such as the flightless bird. Over many generations, the ostrich began to rely on its powerful legs for protection so much so that it no longer needed to use its wings as an escape mechanism. Today, after many generations of disuse, the ostrich's wings are essentially useless.Overall, Charles Darwin's On the Origin of Species is a groundbreaking and brilliant book, especially if you take into account the fact that it was first published over 150 years ago. It's well organized and full of evidence from which Darwin's conclusion seems logical. The research in this On the Origin of Species caused the plant and animal development paradigm to shift. In addition, Darwin's work set a foundation on which many present day evolutionary scientists' work is based. If you are looking for a fascinating account of the observations that lead to Charles Darwin's conclusion of evolution, it would be wise to read Darwin's book, On the Origin of Species.Works CitedDarwin, Charles. On the Origin of Species. 1859."
Fahrenheit 451 (Cascades S.),['Ray Bradbury'],,"A not-too-distant future where happiness is allocated on a TV screen, where individuals and scholars are outcasts and where books are burned by a special task force of firemen. Montag, trained by the state to be a destroyer, throws away his can of kerosene and begins to read a book.",I'm in the process of re-reading 451. Montag's desparation to discover a fire within himself is such a timeless conflict. How many of us find ourselves mired in the everyday routine of a career - to come home and spend time with our &quot;families&quot; on the tv. In the end we're racing to escape with Montag. The most important aspect of this book is what you DO after you put it down and face life again. Cheers to Mr. Bradbury for giving us something to think about long after we're done reading his metaphoric prose.
The Hobbit,['J. R. R. Tolkien'],['Juvenile Fiction'],"Celebrating 75 years of one of the world's most treasured classics with an all new trade paperback edition. Repackaged with new cover art. 500,000 first printing.","I'll be honest. It's pretty much impossible for me to really review J.R.R. Tolkien's The Hobbit. Tolkien's 1937 prelude to The Lord of the Rings is my favorite book, ever, and has been ever since I first read it upon my father's recommendation when I was twelve. Since then, I've re-read it more times than I can count. However, with this read, I've done something new - I listened to the fantastic audiobook rendition read by Rob Inglis. So, I'll be focusing on that.Many readers, especially fantasy fans, are already familiar with The Hobbit, and even those who don't fit those categories are likely to know the basic premise with the recent first film in Peter Jackson's three part adaptation of the novel. So, I'll only briefly discuss the novel itself.The hobbit of the title is Bilbo Baggins, a well-to-do and - on the surface - boring hobbit of the Shire. To Bilbo's surprise, the wizard Gandalf recruits Bilbo to join exiled dwarf king Thorin Oakenshield and his company of twelve dwarves in reclaiming their home and treasure at the Lonely Mountain from Smaug, the terrible dragon who conquered the Mountain many years ago. Of course, even getting to the Mountain is no small task, and Bilbo, Gandalf, Thorin, and company have many exciting adventures.In Recorded Books 1991 production, narrator Rob Inglis delivers a masterful reading of The Hobbit. It's a rather challenging book, when one reflects that it contains dwarves (thirteen of them!), elves, men, goblins, trolls, spiders, wargs, Gollum, and a dragon, all with major speaking roles. Inglis does a fantastic job of giving each character a unique voice while also making them recognizable as one of their kind. No small task, that, but on top of it, Tolkien includes a great deal of singing and poetry in The Hobbit, and Inglis even sings like dwarves, elves, or goblins.This production was recorded a decade before Jackson's Lord of the Rings films and two decades before The Hobbit films, so Inglis never imitates the well-known actors when creating his voices but uses his own excellent interpretations of the characters. Inglis also recorded The Lord of the Rings for Recorded Books. I'm sure that will be excellent as well, and it's next on my listening list.This unabridged recorded of The Hobbit runs approximately 11 hours, and is a full telling the book as written, and not one of the various dramatizations produced over the years. As such a fan of the original book, I'm happy to have found this unabridged and well-narrated but not dramatized edition.I highly recommend The Hobbit as a novel to anyone, and am currently reading it to my children. Fans of The Hobbit or audiobooks will be very pleased with Rob Inglis' performance of the novel. The Hobbit is a classic well worthy of the name."
Windows Programming Programmer's Notebook,"['Mario Giannini', 'James Edward Keogh']",['Computers'],"Covers basic and advanced controls, Internet and database development Features reusable custom C++ classes to handle real-world tasks Up-to-date coverage of Windows 2000 and Windows CE capabilities Show-and-tell presentation for quick learning See the code and put it to work--fast, easy, and hands on. This quick, visual tutorial uses annotated ""snapshots"" of real code on every other page to teach you programming theory while providing specific solutions you can use in your own projects. Development solutions cover every current Windows platform, including Windows 95, 98, 2000, NT, or CE. Practical, comprehensive coverage includes: Event-driven programming with the AppWizard and MFC application framework Menus, dialog boxes, and Windows Printing and GDI functions Database programs using MFC classes Internet programs with CGI, sockets, SMTP, ISAPI filters, and ActiveX Reusable custom C++ classes for common programming tasks No matter what flavor of Windows you use, ""Windows Programming Programmer's Notebook"" will put you ""in the picture"" and get you up and programming right away.",I teach Windows programming at a well known technical institution and was looking for a book that presents Windows programming in a way students can easily understand. This book fits the bill. It's organization enables an instructor to pick and choose topics without losing the continue of topics. Students find the Programmer's Notebook style of callouts pointing to and explaining each line of code easier to learn from than a typical wordy text. I highly recommend this book to students and instructors alike.
Freight Train/Tren de carga (Spanish Edition),,['Juvenile Fiction'],Choo choo! A train is passing by! Can you count the cars? Can you name the colors? Where is the train going? There's only one way to find out—all aboard the freight train! A bilingual edition of the classic Caldecott Honor Book for the youngest child. hr ¡Chu-chu! ¡Pasa el tren! ¿Puedes contar los vagones? ¿Puedes nombrar los colores? ¿A dónde va este tren? ¡Sólo hay una manera de saber todo sobre el tren de carga! Edición bilingüe de este clásico Libro de Honor Caldecott para los niños más pequeños.,"Review by Sherry North, Author, Because You Are My BabyBold artwork and simple text combine to offer an outstanding introduction to trains for young children. There are only a few words on each page, making it a quick read-aloud that will hold the attention of even very young toddlers. The text describes the different types of cars in a freight train, then follows the train through tunnels, past cities, in daylight and darkness. Satisfying and highly recommended."
THE CAPTIVE.,['Czesław Miłosz'],['Communism'],The best known prose work by the winner of the 1980 Nobel Prize for Literature examines the moral and intellectual conflicts faced by men and women living under totalitarianism of the left or right. Copyright © Libri GmbH. All rights reserved.,"Is Proust better in the original French? Perhaps. My lack of language skills prevents me from embarking on an experiment.At any rate, it may not matter. The English translation is one of the most powerful, beautiful, astounding works of literature of the last century. Because every novel is, in a sense, a memory made concrete (that the memory is of fictional events is no matter), memory itself is a wonderful subject for fiction--in a sense, when an author takes memory (or time, because in life they are inevitably interwoven, indistinguishable perhaps) for his theme, as Proust does, he embraces all of experienced reality as his subject matter. Through memory, Proust manages to convey the actual texture of experience, and the truth of the insights makes the constant recursive analysis of motive, perception, and the act of remembering anything but tedious.On another level, Nabokov's insight that the great writers are fantasists, creators of worlds, and master illusionists is on display here--forget, for a moment, how accurately and profoundly Proust captures what it is like to be alive. His creations, perhaps transfigured from his real life, are glorious and &quot;better than life.&quot; The Baron, Odette, Swann, Bergotte, Elstir, Bloch, &quot;Rachel when from the Lord&quot;, Albertine, the woman at the WC, and the whole population of this other reality are an improvement on, if not reality, at least out dim perception of it. Is there in life such an &quot;invert&quot; as the Baron, or has there been such a Baron?And, slow-paced as they are, the events also are wonders and marvels--the Arabian Nights are a recurring subject of the narrator's wondering mind, for good reason--the stories here are as nested and impossible as those of the Thousand Nights and a Night. Paris in the early parts of the last century is as strange and eternal as the City of Brass or Baghdad of old--and some of the musings of the narrator in Venice suggest even stranger cities, the territory just east of Borges.To enter the pages of these (this) seven (one) novels (novel) is to enter an enchanted realm, and to return ensorcelled forever, carrying the suspicion that the world around us may also be magical and true and impossible as well."
Time to Murder and Create (Matthew Scudder),['Lawrence Block'],['Fiction'],"Small-time stoolie, Jake "" The Spinner"" Jablon, made a lot of new enemies when he switched careers, from informer to blackmailer. And the more ""clients"", he figured, the more money -- and more people eager to see him dead. So no one is surprised when the pigeon is found floating in the East River with his skull bashed in.And what's worse, no one cares -- except Matthew Scudder. The ex-cop-turned-private-eye is no conscientious avenging angel. But he's willing to risk his own life and limb to confront Spinner's most murderously aggressive marks. A job's a job after all -- and Scudder's been paid to find a killer -- by the victim...in advance.","&quot;Time to Murder and Create&quot; is the second novel in the Matthew Scudder series. Like many of the earlier Scudder tales, it is relatively short and not a greatly complex story. The plotline is clever; an extortionist gets a premonition of his own murder and hires Scudder in advance to investigate if anything happens to him. The story is well told, and this still being Scudder's drinking period, it is full of plenty of despair and loneliness. One major flaw exists however. One of the people the extortionist is blackmailing is politically connected figure who has sex with underage boys. Scudder's lack of outrage at the man's activity leads to a less than approriate conclusion of the story. If this had been Andrew Vachss' Burke, the pedophile would have gotten his just desserts. Overall, this is a fairly conventional mystery by Block standards. But it does have its moments."
The Thinking Manager's Toolbox: Effective Processes for Problem Solving and Decision Making,['William J. Altier'],['Business & Economics'],"In this indispensable book, a widely experienced business consultant provides a complete set of analytical tools essential to successful trouble-shooting, effective planning, and making better decisions faster, more confidently, and more often. How can you help your company solve a problem in just a few days that's been plaguing managers for three months? How can you bring a room of executives to a consensus on a critical decision that the CEO and his committee have been wrestling with for years? Of course, this is easier said than done. Indeed, not a week goes by without a major business media story about a company that has fallen on hard times and an executive that has resigned for ""personal reasons."" The root of the failure is usually ineffective decision-making processes, and ultimately, bad decisions. In The Thinking Manager's Toolbox, veteran consultant and renowned business thinker William J. Altier cogently presents the underpinnings of successful thinking processes and their applications, drawing on practical, real-world experiences. The first section explores the fundamentals of thinking, change, and the critical role that sound thinking processes play in effective problem solving. The second section, your basic toolbox, develops five, in-depth fundamental thinking processes. And a third section, the advanced toolbox, develops more specialized applications for creative problem solving. Here then is a valuable primer for anyone, whether a middle manager or a CEO, seeking to solve problems and make better decisions more efficiently. The Thinking Manager's Toolbox is an invaluable resource for those seeking to develop the fundamental thinking processes necessary to perform with excellence.","This book will change the way you think. If you work for a company, knowing the contents of this book will make you virtually indispensable as a problem solver at meetings. If you run a company, knowing what this book teaches spells the difference between making it big and barely getting by. If you want to land more consulting assignments in areas where you are not the expert, this book can help you expand your practice by teaching you how to use the client's expertise in helping them solve their own problems. That's the good news.The bad news is that this book is not a quick read. This is a book you have to study and think about. It is a painstaking &quot;how to&quot; reference guide. Well written. Thorough. And it works. I used it successfully with clients, and the results were impressive. And the clients were pleased. The author should consider writing a field book to support this book's use as an aid for consultants interested in expanding their practice into &quot;participative process&quot; consulting.This book belongs in the library of every manager, executive and consultant. Unlike the &quot;pop&quot; management books of today where a quick read tells you everything, The Thinking Manager's Toolbox is one book you will refer to again and again."
Specimen days ;: & Collect,['Michael Cunningham'],['Fiction'],"In each section of Michael Cunningham's bold new novel, his first since The Hours, we encounter the same group of characters: a young boy, an older man, and a young woman. ""In the Machine"" is a ghost story that takes place at the height of the industrial revolution, as human beings confront the alienating realities of the new machine age. ""The Children's Crusade,"" set in the early twenty-first century, plays with the conventions of the noir thriller as it tracks the pursuit of a terrorist band that is detonating bombs, seemingly at random, around the city. The third part, ""Like Beauty,"" evokes a New York 150 years into the future, when the city is all but overwhelmed by refugees from the first inhabited planet to be contacted by the people of Earth. Presiding over each episode of this interrelated whole is the prophetic figure of the poet Walt Whitman, who promised his future readers, ""It avails not, neither time or place . . . I am with you, and know how it is."" Specimen Days is a genre-bending, haunting, and transformative ode to life in our greatest city and a meditation on the direction and meaning of America's destiny. It is a work of surpassing power and beauty by one of the most original and daring writers at work today.","Holding a very special place among Whitman's writing, &amp; very unlike anything by Thoreau, Specimen Days is as close as we get to Walt with his masks removed. There is something of a suburbanite in Whitman's appreciation of nature; essentially, he simply went, looked around &amp; wrote down what he saw &amp; what he did. Force of nature that he was, what he mostly saw was, of course, himself. Nature is benign. The Civil War entries are famous. The real war, which Whitman said would never get in the books, makes an appearance in the sad hospitals he visited.Specimen Days is an inspiring message to us. Whitman knew we would be here.Bob Rixon"
The Incredible Journey,['Sheila Burnford'],['Juvenile Fiction'],"A classic Canadian story of the bravery and ingenuity of three animals who find their way home. First published in 1961, The Incredible Journey tells the story of three pets: a young Labrador retriever, an old bull terrier, and a Siamese cat. While their owners are away in England, they are being cared for by a family friend at his home in the country. But a miscommunication occurs between the friend and his housekeeper when he goes on a hunting trip, and the animals are left alone for a several hours, with a gnawing instinct that something has gone wrong. They soon set off on a journey to find home, which instinct tells them is to the west. They travel 400 kilometres across the Northern Ontario wilderness, facing many obstacles along the way: swift-flowing rivers and the rugged landscape; wild animals and unsympathetic humans; starvation, injuries and sheer exhaustion. Separately they would not have survived, but together this disparate group prevails, and they find their way home to the family they love.",This book is about three animals traveling west to try and find there real owners.I enjoyed this book alot because I like adventure books.I would recamend you read this book.
"Here Kitty, Kitty!",['Jardine Libaire'],['Fiction'],"New York at night is an urban playground where glamour and danger are just flip sides of the same thrilling coin. The tough, beautiful player at the heart of Jardine Libaire's acclaimed first novel is Lee, the consummate party girl. Lee has the right designer clothes, the right job managing a stylish restaurant, and the right lover, who finances all her bad habits. As the lights go down at closing time, the energy of the city is a call Lee cannot resist, even when her Cinderella-like existence begins to unravel.","while i throughly ejoyed the entire series, this was my favorite. shelly keeps me laughimg out loud and looking forward to her next book."
Last Train to Paradise: Henry Flagler and the Spectacular Rise and Fall of the Railroad That Crossed an Ocean,['Les Standiford'],['History'],"Describes the remarkable and challenging efforts of ambitious entrepreneur Henry Flagler to construct a railway that would connect Key West to the mainland, following the design and engineering of the project, the thousands of workers who brought Flagler's vision to life, and the 1935 hurricane that destroyed the railway. Reprint. 75,000 first printing.","I am a history major and history teacher. Love to read histories. LAST TRAIN TO PARADISE:HENRY FLAGLER ANS THE FALL OF THE RAILROAD THAT CROSSED THE OCEAN is a marvelous little book and an easy informative read. Professor Standiford give plenty of information yet doesn't bog you down in history-speak. Folks interested in histories, Key West Miami or Florida should make this excellent book a must. HIGHLY RECOMMENDED"
Your Book Of Shadows: How to Write Your Own Magickal Spells,"['Patricia Telesco', 'Angie Marshall']","['Body, Mind & Spirit']","Tells how to create and maintain a personal book of spells, divination methods, and notes on magic",An invaluable tool to help with one's own grimoir- I've written several pages already with the help of this wonderful book ;)
Wuthering Heights (Signet classics),['Emily Brontë'],['Audiobooks'],The passionate love of Catherine Earnshaw and Heathcliff mirrors the powerful moods of the Yorkshire Moors,"I really wanted a hard back copy of this book, and it got here quick and it is in great shape i love the book such a great story, def recommend reading this book!"
Snow Country (UNESCO Series of Contemporary Works: Japanese Series),['川端康成'],['English'],The power of love and illusion shapes the lives of a young geisha and a rich Tokyo dilettante.,"Kawabata's Snow Country is a small masterpiece, a love story that is as subtle as it is intense. It takes place in a remote hot springs in western Japan and centers around a romance between the morose Shimamura and the world-weary Komako. This takes place over a few visits during several months, and as the novel reaches its conclusion both characters are filled with deep feelings for the other as dense as the all-covering snow that continually falls and seems to lock them in further confusion and torment. Kawabata sets a perfect pitch here, with the right amount of imagery and action, all while maintaining a delicate balance of emotion and restraint. Nuanced scenes follow one after the other, each one raising the stakes and further deepening the connection between these people who you get to care about because of how sparingly they are portrayed. The subjective ending feels just right, and is a fitting final note to such a haunting story. This is a book to take in slowly, ideally in a late winter's night."
Mere Christianity,['C. S. Lewis'],['Religion'],"In the classic Mere Christianity, C.S. Lewis, the most important writer of the 20th century, explores the common ground upon which all of those of Christian faith stand together. Bringing together Lewis’ legendary broadcast talks during World War Two from his three previous books The Case for Christianity, Christian Behavior, and Beyond Personality, Mere Christianity provides an unequaled opportunity for believers and nonbelievers alike to hear this powerful apologetic for the Christian faith.","I finally read this all the way through and I'm so glad I did! Lewis explains this so very clearly, his passion is evident, and he makes you think. He uses a lot of helpful analogies and understands their limitations, thus not getting carried away with them. Some of the more memorable ones for me were comparing Christian morality to upkeep of a fleet of ships (making sure that they are all able to stay afloat, that they don't crash into one another, and that they are headed for the right destination) and comparing theology to a map of the Atlantic (demonstrating that while it is ""less real"" than actual experiences with God or ""less real"" than the Atlantic itself, it's based on thousands of people's actual experiences and serves as a guide). If nautical metaphors don't interest you, then worry not; he uses lots of others.Mere Christianity is divided into four books: Right and Wrong as a Clue to the Meaning of the Universe; What Christians Believe; Christian Behavior; and Beyond Personality: or First Steps in the Doctrine of the Trinity. It was adapted from a series of BBC radio broadcasts he gave during World War Two and we see evidence of this throughout the book, as he contrasts Christian morality with ""Nazi morality"" and reminisces about his experiences in the First World War as a backdrop for a brief discussion on the ethics of warfare.In Right and Wrong as a Clue to the Meaning of the Universe he speaks of the ""Natural Law"" (that is, the ""Law of Human Nature"".) To sum up (although some of the nuances will be lost in this quick summary), he says that all of us have a conscience and that it acts differently from our impulses and even safeguards against our own ""herd instinct."" He says that this Natural Law is therefore from outside ourselves and is in fact from God. At this point, however, he warns that we are still far from establishing the idea of the Christian God.What Christians Believe provides us with Lewis's famous Trilemma, some observations and explanations about the Incarnation and the Atonement, and some contrasts between the Christian view and other ideas about God and the origins of the universe and ethics.Christian Behavior expounds upon... well, Christian behavior. I won't spend much time on this one, not because it's not an important part of the book, but because you just have to read it for yourself.Beyond Personality discusses the Father's eternal begetting of the Son, contrasts that idea with the fact that the Father created (as opposed to begetting) us, and speaks of a Christian's rebirth and sanctification.All in all a very worthwhile book. Should be good for Christian and non-Christian alike. Hopefully reading this will lead one to repentance and faith and reading other worthwhile works. Foremost among the ""worthwhile"" works is of course the Bible. If you find yourself puzzled about the Atonement after reading Lewis's brief treatment of it, I would highly recommend John Piper'sFifty Reasons Why Jesus Came to Dieas a companion book."
To kill a mockingbird,['Harper Lee'],['Fiction'],"Voted America's Best-Loved Novel in PBS's The Great American Read Harper Lee's Pulitzer Prize-winning masterwork of honor and injustice in the deep South—and the heroism of one man in the face of blind and violent hatred One of the most cherished stories of all time, To Kill a Mockingbird has been translated into more than forty languages, sold more than forty million copies worldwide, served as the basis for an enormously popular motion picture, and was voted one of the best novels of the twentieth century by librarians across the country. A gripping, heart-wrenching, and wholly remarkable tale of coming-of-age in a South poisoned by virulent prejudice, it views a world of great beauty and savage inequities through the eyes of a young girl, as her father—a crusading local lawyer—risks everything to defend a black man unjustly accused of a terrible crime.","Scout's dad is an attorney and has a reputation for winning his cases even the hard ones. She knows that he had taken on the particularly hard case of Tom a black man accused of raping a white women. Scout is confused, she has heard people muttering behind her fathers back and they don't sound supportive of him like they always have before, she wonders why.This is an excellent book about racism with a basic underlying message of ""Don't judge a book by its cover"". This book should not be read to elementary school kids I think because it does deal with some prickly issues. If you think your kids are mature enough to handle it then knock yourself out, like I said it does preach a valuable life lesson."
"The Screwtape letters,",['C. S. Lewis'],['Religion'],"In this humorous and perceptive exchange between two devils, C. S. Lewis delves into moral questions about good vs. evil, temptation, repentance, and grace. Through this wonderful tale, the reader emerges with a better understanding of what it means to live a faithful life.",I loved this book! It can difficult at times to read but the struggle is worth it. Check out The Great Divorce also by C.S. Lewis.
Static Contraction Training,"['Peter Sisco', 'John R. Little']",['Sports & Recreation'],"Introduces a new approach to bodybuilding that uses a series of brief weight training exercises, and offers advice on nutrition and workout schedules","This book is fairy dubious. To document the gains made by trainees, it lists average increases, but no mean values or standard deviation for these results! That makes it meaningless for readers who have even a cursory knowledge of statistics and research methodology.The cover and photos in the book are standard for a bodybuilding work-minimal relevance to the contents, but that's the responsibility of the publisher, not the author.The authors ignore neural efficiency in muscle recruitment and the function of proprioceptivity in athletic skills. Of course, if all the reader wants is to have musculature for the sake of appearance, the book may be of value.There are a number of pieces of equipment on the market that allow one to exercise per a Static Contraction protocol. One is the power rack, originally designed for isometric and short range of motion work. Another would be a Health Lift machine, which was manufactured in the 1870's and available in a modern incarnation from Piedmont Design Associates."
"Walt Disney World with Kids, 2001 (Special-Interest Titles)",['Cynthia Tunstall'],['Travel'],"All-new information is given on attractions, hotels, and restaurants in Orlando, the number one tourist destination in the world. Revised with updated maps, this guide gives advice and information for a wide range of visitors, from honeymooners to grandparents and children.","We were looking for a book with information about the Disney Crusie Line with children. We are taking our daughters (9 and 13) on the Disney Wonder in February 2001, and we were looking for some insight that our travel agent couldn't give us. This book explained everything from check in at our Disney Resort to boarding the ship....it also explained all the activities available for our children and the dining schedules. I definately recommend this book to anyone who is looking for the same information that we were looking for!! (or any information on Disney with kids!!!)"
"Kaiulani: The People's Princess, Hawaii, 1889",['Ellen Emerson White'],['Juvenile Fiction'],"After being forcibly annexed by the U.S., the Hawaiian people turn to the young Princess Kaiulani in the hopes that their toppled monarchy can be restored.","Although I have only read 2 Royal Diaries books(this one and Cleopatra)It is the best book that I've read. The Royal Diaries sounds like a good book series to start reading! Princess Victoria Kaiulani Cleghorn The People's Princess of Hawaii writes about her life from a period of time where she struggles with migraines and she has to leave her family and go to England to become a better princess. After the story it has what happened after. the horse-back riding, the tropical stormand the death of 23 year old Princess Victoria Kaiulani Cleghorn The People's Princess of Hawaii. The book also has a great glossary of Hawaiian words used in the book."
We the Living,['Ayn Rand'],['Fiction'],"We the Living depicts the struggle of the individual against the state, and the impact of the Russian Revolution on three human beings who demand the right to live their own lives and pursue their own happiness. This classic novel is not a story of politics, but of the men and women who fight for existence within a totalitarian state.","This is an important read because it provides a story that goes untold in our society becuase so many of the intelligentsia are sympathetic to communism.The tragedy of the the communist revolutions and the 100 million murdered in them is a story largely untold. The movie ""The Killing Fields"" does deal with the communist genocide in Cambodia, but generally the subject is unloved by western intellectuals. For that reason this book is a must for anyone who wants to get a glimpse of the most glossed over story in history...the tragedy of the communist revolutions."
Ella Minnow Pea: A Novel in Letters,['Mark Dunn'],['Fiction'],"An epistolary novel set on a fictional island off the South Carolina coastline, 'Ella Minnow Pea' brings readers to the hometown of Nevin Nollop, inventor of the pangram 'The Quick Brown Fox Jumps Over the Lazy Dog'. Deified for his achievement in life, Nevin has been honored in death with a monument featuring his famous phrase. One day, however, the letter 'Z' falls from the monument, and some of the islanders interpret the missing tile as a message from beyond the grave. The letter 'Z' is banned from use. On an island where the residents pride them-selves on their love of language, this is seen as a tragedy. They are still reeling from the shock when another tile falls. And then another... In his charming debut, first published in 2001, Mark Dunn took readers on a journey through the eyes of Ella Minnow Pea, a young woman forced to create another clever turn of phrase in order to save the islanders’ beloved language.","I LOVED this book. I wasn't sure what to expect when I picked it up, and then I just couldn't put it down. I was reading passages to my husband and although he hates it when I do that, I couldn't resist. When I finished it, I went to the Amazon web page and ordered a copy for my son and my sister-in-law. I then put the book on my shelves that I have reserved for the books to read again. As a matter of fact, I have the paperback edition, I think I am going to need the hardback!This book should be put on reading lists at high schools and colleges, it is that good. The discussions it could start, the ideas and thoughts it could open to so many people...enough, just take my word for it, this is a MUST read book.By the way, I found that I needed a dictionary for the book and towards the end, I found it was much easier to read the letters out loud (not to my husband, just for me).Reading the letters out loud helped me understand them, so keep that in mind. What a fun, important book!"
A Great Deliverence,['Elizabeth George'],['Fiction'],"To this day, the low, thin wail of an infant can be heard in Keldale's lush green valleys. Three hundred years ago, as legend goes, the frightened Yorkshire villagers smothered a crying babe in Keldale Abbey, where they'd hidden to escape the ravages of Cromwell's raiders. Now into Keldale's pastoral web of old houses and older secrets comes Scotland Yard Inspector Thomas Lynley, the eighth earl of Asherton. Along with the redoubtable Detective Sergeant Barbara Havers, Lynley has been sent to solve a savage murder that has stunned the peaceful countryside. For fat, unlovely Roberta Teys has been found in her best dress, an axe in her lap, seated in the old stone barn beside her father's headless corpse. Her first and last words were ""I did it. And I'm not sorry."" Yet as Lynley and Havers wind their way through Keldale's dark labyrinth of secret scandals and appalling crimes, they uncover a shattering series of revelations that will reverberate through this tranquil English valley—and in their own lives as well.","""Who knows what darkness lies in the hearts of men? Only the Shadow knows."" That opening from the old radio show came to mind as I reread this book about the almost unspeakable evils that people do to one another.First published in 1988, A Great Deliverance is the first book in the distinguished series featuring Inspector Thomas Lynley and Detective Sergeant Barbara Havers, the English detective duo who have delighted so many readers since then. I first read this book many years ago and was impressed at the time by the careful character development. Little did I know that that character development would make the subsequent series such a remarkable delight. Rereading the book now, I must say that I don't remember a first book in a detective series that did nearly so much to establish the backgrounds, thought processes, influences and loves of the lead characters. I'm much more impressed than the first time.As the story opens, Father Hart is on a pilgrimage to Scotland Yard to help heal a rift among those who have been investigating the beheading of a local farmer. While most detectives would feel that finding the farmer's daughter, Roberta Teys, next to the body as she confesses that she's guilty would be enough evidence, Father Hart believes that Roberta is innocent. Thus, Scotland Yard enters the case. Havers is dispatched to haul Lynley back from a wedding he's attending, and the reader is soon enmeshed in ""what might have been"" thoughts concerning the lives of both Lynley and Havers.Lynley is the golden boy, the eighth earl of Asherton, who doesn't even need to work . . . but who sees work as his obligation. Havers is a loose cannon of emotions, instincts and prejudice . . . but who's brilliantly and doggedly determined to find the answers to any crime. How they develop comfort with one another is quite intriguing in the book.The mystery itself is pretty straightforward, so don't look for that aspect of the book to delight you with its charm. If you judge mysteries by how hard the mystery is to solve, this one will be a 2 or 3 star effort to you.But if you love rich, complex characters with nuanced reactions in tricky situations, this book will delight you.Literature fans will appreciate the references that are included in sorting out the mystery.Those who require absolute accuracy in all aspects of what's English will detect false notes here and there. Still, the overall result is quite impressive coming from an American. And most American readers won't be able to tell the difference anyway.If the mystery had been better designed, this could have been one of the great mystery stories of all time. Do read on. There are many other fine books in this series. The rich character development in this book will add much delight to your reading in the subsequent ones."
Ceramics - Ways of Creation,['Richard Zakin'],['Art'],"Examines the work of thirty-six contemporary ceramic artists, providing insights into the techniques they use, and the sources of their inspiration; and includes color photographs of selected works.","The pictures were great and the dialog from the artists was informative, however I was hoping for more technical information."
"Mad Minute: Mastering Number Facts, Grades1-8","['Kim Cernek', 'Creative Teaching Press']",['Education'],"Helps to build basic arithmetic skills, increase speed, and improve problem-solving skills with one hundred ready-to-reproduce pages that are composed of ten problems ranging in difficulty.","I never received this product, so I can't really comment on the product. I can comment that I have been ripped off by the folks who were supposed to send it to me."
Brave new world; (Harper's modern classics),['Aldous Huxley'],['Fiction'],"The astonishing novel Brave New World, originally published in 1932, presents Aldous Huxley's legendary vision of a world of tomorrow utterly transformed. In Huxley's darkly satiric yet chillingly prescient imagining of a ""utopian"" future, humans are genetically designed and pharmaceutically anesthetized to passively serve a ruling order. A powerful work of speculative fiction that has enthralled and terrified readers for generations, it remains remarkably relevant to this day as both a warning to be heeded and as a thought-provoking yet satisfying entertainment. This deluxe edition also includes the nonfiction work ""Brave New World Revisited,"" ""a thought-jabbing, terrifying book"" (Chicago Tribune), first published in 1958. It is a fascinating essay in which Huxley compares the modern-day world with his prophetic fantasy envisioned in Brave New World. He scrutinizes threats to humanity such as overpopulation, propaganda, and chemical persuasion, and explains why we have found it virtually impossible to avoid them. With a Foreword by Christopher Hitchens","Brave New World, the title taken from the famous Shakespearian play, The Tempest, succeeds on a grand scale what so many other similar books have failed to do. 1984 was not as believable; Fahrenheit 451 was not as bold or daring. Brave New World stands on its own plateau as the greatest, most imaginative and believable book ever written about mind control and the future.It begins with a detailed and often confusing description of the world Huxley has created in the future. People are divided into a caste system. Identities are eroded away. Life is made simple and easy. People are free of pressure and pain, and left to themselves to indulge in pleasure. Sex and drugs run rampant, but they are ""controlled."" Everyone belongs to everyone else. Emotions exist to a limit, love does not develop. Stability and happiness are the substitutes for freedom and individuality. Children are conditioned young to think and behave in the way society would want them to, according to the caste they were born into. There is little crime, all seems perfect.....right?The second part of the novel takes us to a world called the ""Reservation."" This world exists outside of the civilized world. This is our world as we know it. John, a ""savage"" from the outside world is brought into the ""Brave New World"" by two people taking a vacation. One of them is Bernard. Bernard is an outcast and teeters on the edge of rebellion, but lacks the courage to take a strong stand. He is on vacation with Lenina. She is a typical beautiful woman from the ""civilized"" world. She is sexually active, like all the people in the ""civilized"" world, and feels a strong attraction to this new outsider.Bernard and Lenina take John back to their civilized world where John is given the dubious title of ""savage"" and invokes curiosity and fame from the people living there. The rest of the novel is an attempt for John to adapt to the new philosophy and ideas of this new world. He never does. He reverts back to his individual self and plummets tragically towards despair and pain. He cannot cope with the ""happiness and stability"" of this new world of the future. He longs for the ""freedom and pain"" he had in his old world (which is a direct parallel to our world, and the ""new world"" is a parallel to the world Huxley envisioned for the future)The single most brilliant aspect of Brave New World is how deeply it grasps us in its philosophy and vision. Finally a book you can think on, think with, and think long after you are done reading it. There are two contrasting views presented here. It is difficult to decide which view we support. Is it the safe, happy, ""new world"" views of no individuality, but safety and pleasure galore? Or do we sympathize more with the ""old world"" views of freedom, pain, and individuality. Before reading this book, I would have definitely leaned towards freedom and individuality, of course, but Huxley does one hell of a job describing the benefits of the other side as well.The real choice, as Huxley intended, was for the reading to choose somewhere in the middle of the road. There are positives and negatives to each societal view presented here. The real truth is for us to decide. The story is not preached at us, but rather is told is such a marvel of a way, it actually opens doors to for our mind to expand into the depths of our own selves and how we really view the world. This is stuff we don't think about enough, but we should.Another wonderful element Huxley uses is that of his main character, John. He is not an outright hero by rebelling against this ""new society."" He is an anti-hero, if you will. He struggles with his own self doubt and inclination towards violent behavior. It is all he knows, it is how he was raised. In the end, he is overtaken with temptation, and abandons the morals he had previously fought so hard to protect. Huxley exposes that we all have weakness and that no one is really a true hero. John is one of the most complex characters in the history of fiction. All the characters are beautiful and unique, and quite ironically, those who you would think to be the most ugly end up being the most likeable, and vice versa.I loved this book. It doesn't settle for easy answers or easy solutions. Huxley bravely attacks his material and does not let up the entire novel. He has created a world like no other, a world that might not possibly be so unrealistic in the future if we don't watch ourselves. This is a radiant and dazzling novel. An intelligent and heartbreaking journey. It is a Brave New World indeed.Grade: A"
The Watsons Go to Birmingham: 1963,['Christopher Paul Curtis'],['Juvenile Fiction'],"The ordinary interactions and everyday routines of the Watsons, an African American family living in Flint, Michigan, are drastically changed after they go to visit Grandma in Alabama in the summer of 1963.",I thought the book waz great. the book to me was my type i wish i could read another book like that.What i like about the book was the chapter about when Byron gets in trouble about playing when matches and when he gets a conk.
The Best American Short Stories 2003,"['Walter Mosley', 'Katrina Kenison']",['Fiction'],Presents a collection of stories selected from magazines in the United States and Canada,"I've been a fan of Best American for years. This one is particularly great--I love Walter Mosley's choices. Mona Simpson's &quot;Coins&quot; is sharply characterized through a unique and memorable voice. Louise Erdrich's &quot;Shamengwa,&quot; full of haunting music, has a quiet, beautiful ending. And Ryan Harty's &quot;Why the Sky Turns Red When the Sun Goes Down,&quot; a heartbreaking story about a man faced with a choice between his wife and his very human (but technologically imperfect) android son, is like nothing I've ever read before--so terrific I had to go out and buy Harty's collection, &quot;Bring Me Your Saddest Arizona,&quot; which was a knockout too. (Noticed that Tin House made the strongest showing here, with three stories selected. Guess what cool magazine I'll be subscribing to this year?) What a pleasure to read so much outstanding fiction. Very glad to see the short story thriving."
National Geographic: June 1998,['Beth Gruber'],['Juvenile Nonfiction'],"Introduces the geography, wildlife, climate, history, people, culture, government, and economy of Mexico.","""Russia's Iron Road"" reports on the author's trip over the Trans-Siberian Railroad, stretching 5,770 miles from Moscow to Vladiavostock on the Sea of Japan. An uninterrupted trip takes 6.5 days. Construction began by decree of the Tsar in 1891, and required 12 years. First-class cars have two passengers/cabin (sleeping quarters), vs. 4 in second-class, and 54 in an open third-class car.Russian rail ridership dropped over 50% from 1991-1997 because of higher ticket prices (formerly heavily subsidized), less disposable income, and foreigners' fear of crime. Still, Russian trains carry half of all Russian passenger traffic (less than 1.5% in the U.S.), and over 70% of its freight (vs. a third in the U.S.). There is no transcontinental highway.Russia's railroads are still run by the state - nearly 1.5 million employees, 64 colleges and universities, 400 hospitals, and employee apartments. The thirteen-car train the author began his trip on had 13 conductors.Much of the article was taken up with individual Russians' tales of economic misfortune after the Russian federation broke apart. Many are unemployed, incomes have fallen, and some of those still employed have not been paid for months.""Golden Harvest of the Raji"" reports on nomadic honey-hunters in the forests of Nepal. Ground-level assistants maintain smoky fires beneath tall silk-cotton trees holding as many as 100+ nests with 60,000 bees in each one. Landowners take half the harvest. Despite protective clothing and masks, a day's work nets tree-climbing harvesters numerous stings."
Twenty Thousand Leagues Under the Sea,['Jules Verne'],,"The year 1866 was signalised by a remarkable incident, a mysterious and puzzling phenomenon, which doubtless no one has yet forgotten. Not to mention rumours which agitated the maritime population and excited the public mind, even in the interior of continents, seafaring men were particularly excited. Merchants, common sailors, captains of vessels, skippers, both of Europe and America, naval officers of all countries, and the Governments of several States on the two continents, were deeply interested in the matter. For some time past vessels had been met by ""an enormous thing,"" a long object, spindle-shaped, occasionally phosphorescent, and infinitely larger and more rapid in its movements than a whale. The facts relating to this apparition (entered in various log-books) agreed in most respects as to the shape of the object or creature in question, the untiring rapidity of its movements, its surprising power of locomotion, and the peculiar life with which it seemed endowed. If it was a whale, it surpassed in size all those hitherto classified in science. Taking into consideration the mean of observations made at divers times—rejecting the timid estimate of those who assigned to this object a length of two hundred feet, equally with the exaggerated opinions which set it down as a mile in width and three in length—we might fairly conclude that this mysterious being surpassed greatly all dimensions admitted by the learned ones of the day, if it existed at all. And that it DID exist was an undeniable fact; and, with that tendency which disposes the human mind in favour of the marvellous, we can understand the excitement produced in the entire world by this supernatural apparition. As to classing it in the list of fables, the idea was out of the question. On the 20th of July, 1866, the steamer Governor Higginson, of the Calcutta and Burnach Steam Navigation Company, had met this moving mass five miles off the east coast of Australia. Captain Baker thought at first that he was in the presence of an unknown sandbank; he even prepared to determine its exact position when two columns of water, projected by the mysterious object, shot with a hissing noise a hundred and fifty feet up into the air. Now, unless the sandbank had been submitted to the intermittent eruption of a geyser, the Governor Higginson had to do neither more nor less than with an aquatic mammal, unknown till then, which threw up from its blow-holes columns of water mixed with air and vapour. Similar facts were observed on the 23rd of July in the same year, in the Pacific Ocean, by the Columbus, of the West India and Pacific Steam Navigation Company. But this extraordinary creature could transport itself from one place to another with surprising velocity; as, in an interval of three days, the Governor Higginson and the Columbus had observed it at two different points of the chart, separated by a distance of more than seven hundred nautical leagues.","Okay, maybe I shouldn't be so mean to a &quot;classic&quot;, but I found this book quite insufferable. I suppose it's unfair to judge it my modern standards, but I will anyway. I found the policy of our heroes attempting to kill any animal they possibly could more than a little disturbing: when the book mentioned dolphins and sea otters the thought that flashed through my head was &quot;talking stag&quot;. Not only that, but the book's bloody boring! It consists of many vague, unfocused, and quite unconnected episodes that never evoked any interest whatsoever. I would not have finished this book if I hadn't been reading it for a class. Geesh...Study question: Ned and Conseil: lovers?"
Clan of the Cave Bear (Earth's Children),['Jean M. Auel'],['Fiction'],"Ayla, an injured and orphaned child adopted by a primitive tribe, carries within her the seed and hope of humankind in this epic of survival and destiny set at the dawn of prehistory. Reissue.","This book was very well done. It keep me interested every minute. It was set during early man. It was a chronicle of a young child that lost her family during an earthquake. She was a homosapin taken in by cavemen. It was filled with interesting facts related to communication, man vs woman, customs, tool making, and cavemen vs noncavemen. I could not stop listening. I was so into it I bought the follow up book. This was not a book I would have purchased. A friend recommended it. I am so glad I listened to her."
"Women Living with Multiple Sclerosis: Conversations on Living, Laughing and Coping",['Judith Lynn Nichols'],['Family & Relationships'],"This is a unique guide for women dealing with the difficulties of multiple sclerosis. After she was diagnosed with Multiple Sclerosis in 1976, author Judith Lynn Nichols realized that people suffering from chronic illness fare better when they share experiences with people fighting the same disease. While researching MS on the Internet, she connected with a group of women fighting to live with MS. The group quickly became each woman's support network, and, in the daily emails compiled in this book, they offered each other wisdom and humor about everything this disorder affects: diagnosis, employment, spirituality, family reactions, sexuality, pain control, depression, and more.","This book is well-written, but I can't really relate to it. I guess I'm lucky. I 've had MS since 1984 and don't have any cognitive problems.But womyn who have a lot of cognitive issues would probably find this book helpful.To all my sisters and brothers with MS, I send you love, healing and Bright Blessings!..."
Gift from the Sea,,['Biography & Autobiography'],"A woman's reflections on life, its stages, and its states, comparing them with the natural treasures of life in the sea","I discovered this book last year after hearing friend after friend rave about it. After reading a library copy, I had to own it for myself.Even though the book was written decades ago, it is absolutely timeless in a woman's life. I gleaned so much from this small but powerful volume!"
Smokescreen UK Edition,"['Jorn Lier Horst', 'Thomas Enger']",['Mothers'],"Oslo, New Year's Eve. The annual firework celebration is rocked by an explosion, and the city is put on terrorist alert. Police officer Alexander Blix and blogger Emma Ramm are on the scene, and when a severely injured survivor is pulled from the icy harbour, she is identified as the mother of two-year-old Patricia Smeplass, who was kidnapped on her way home from kindergarten ten years earlier ... and never found. Blix and Ramm join forces to investigate the unsolved case, as public interest heightens, the terror threat is raised, and it becomes clear that Patricia's disappearance is not all that it seems...",Robert Sabbag has written a funny / exciting story. The author does a great job of putting you back into the early days of the drug trade. It is one of the better books I have read recently. This guy did a lot but his world wasn't quite as ruthless as the top level Pablo Escobar types.
Pride and Prejudice,['Jane Austen'],['Fiction'],"In early nineteenth-century England, a spirited young woman copes with the suit of a snobbish gentleman, as well as the romantic entanglements of her four sisters.","I'm reviewing the Penguin Classics edition rather than the content of the novel itself (which is wonderful). The cover is beautifully decorated, nicely textured, and sturdy, the introduction and notes are interesting but not obtrusive, the paper is high quality, the print is very readable (the font is not too small like some other editions of classic literature), and the colored ribbon adds a touch of refinement as well as utility. I've bought the other Austen novels in this Penguin series. They're among the most handsome books on my library shelf. Highly recommended."
Bergdorf Blondes : A Novel,['Plum Sykes'],['Fiction'],"Meet moi, 'a champagne bubble of a girl about town working at being a princess by day and by night on the prowl for that elusive, must-have accessory every girl simply demands: an impossibly rich fiancé'. It shouldn't be too tricky. After all, her BFF is Julie Bergdorf, department store heiress, queen of Park Avenue and owner of hair universally acknowledged as the Perfect Shade of Blonde. Life is a whirl of ball gowns and blow-dries (which inevitably take waaay too long, because hairdressers always need to talk through their addictions). But, strictly entre nous, it can actually be très draining to mix parties, peach bellinis and private jets ('PJs' to those fluent in globetrotting) while maintaining a standout collection of Chloé jeans and a job. How does she manage it? Plum Sykes lifts the lid on Manhattan's elite in this devilishly witty, deliciously addictive tale of the search for love – and the ultimate Manolos.","A quick, fun read that is perfect for relaxing at the end of the night. Not thought provoking at all, but good in a mindless kind of way."
Julie,['Julie Garwood'],['Fiction'],"Orphaned and besieged, Princess Alesandra is certain that a hasty marriage to an Englishman is the only thing that can protect her, and soon she catches the eye of Colin, the younger brother of her guardian. Original.","I have moved overseas and decided to purchase the book on audio to save on weight in my shipment. I was laid up sick and decided to pull out the ""book"" to listen to it. I have read other books of the author in previous years but this was my first of her's to listen to. I was captivated and couldn't put it down. Fourteen hours of words that painted such a picture for this visual learner that I am. I highly recommend this book. Especially a great read for anyone that has experienced pain by other Christians in church. It's a powerful book. And for the romantic side in all of us it leaves one wondering all the way until the last few pages (not predictable).A book written about a time so long ago and yet so relevant for today. A fantastic read."
The butterfly revolution,['William Butler'],['Fiction'],Evil runs rampant when a young revolutionary turns the High Pines Summer Camp for Boys into her personal totalitarian domain,"I loved this book. There are many reasons why it is so great. One reason is that it wasn't predictable. Things would happen that I never would have seen coming, and I liked that because most books never surprise me. The story twists and turns all over the place going from quiet to violent, innocent to guilty. Even though the story is always changing and has new things happening all the time it is easy to follow the plot and not get lost in minor details. The story is told by a boy named Winston Weyn, and the book is his dairy. Seeing the story from his point of view is very interesting and gives insight into his mind as well as just hearing the story. I really liked this story and I think that anyone with a little free time or looking for a book for school should read this book."
Way of the Peaceful Warrior: A Book That Changes Lives,['Dan Millman'],"['Body, Mind & Spirit']","WAY OF THE PEACEFUL WARRIOR has become one of the most beloved spiritual sagas of our time. Shared among friends and families, this million-copy word-of-mouth bestseller has inspired men and women of all ages in twenty languages worldwide. Despite his success, college student and world-champion athlete Dan Millman is haunted by a feeling that something is missing from his life. Awakened one night by dark dreams, he wanders into an all-night gas station, meets an old man named Socrates, and his world is changed forever. Guided by this eccentric old warrior, drawn to an elusive young woman named Joy, Dan begins a spiritual odyssey into realms of light and shadow, romance and mystery, toward a final confrontation that will deliver or destroy him. This classic tale, told with heart and humor, speaks to the peaceful warrior in each of us. Countless readers have been moved to laughter and tears - even moments of illumination - as they rediscover life's larger meaning and purpose. Journey with Dan on the peaceful warrior's path to unreasonable happiness. Find out for yourself why this book changes lives.",Slow start but gets good around chapter 2. I highly recommend this book to all ages but especially to young people.
Penguin Readers Level 6: Misery (Penguin Longman Reader Level 6),"['Stephen King', 'Robin Waterfield']",['Readers'],"Contemporary / British English A story by Stephen King -- the master of horror. Paul Sheldon is Annie Wilkes's favourite writer. She loves all his books about Misery Chastain. When Annie finds Paul after a car accident, she takes him home to look after him. The Annie discovers that Paul wants to kill Misery and to write different kinds of book. She is determined to stop him, and Paul becomes her prisoner.","King really did his craft proud when he put this book together. This book frightened me for weeks, and I loved it! This book is rather traditional for Stephen King compared to some of his more out there books and series, but this is horror writing at its best. If you like horror stories, you will love this book."
Foreign Babes in Beijing: Behind the Scenes of a New China,['Rachel DeWoskin'],['Travel'],"“For a real insider’s look at life in modern China, readers should turn to Rachel DeWoskin.”—Sophie Beach, The Economist Determined to broaden her cultural horizons and live a “fiery” life, twenty-one-year-old Rachel DeWoskin hops on a plane to Beijing to work for an American PR firm based in the busy capital. Before she knows it, she is not just exploring Chinese culture but also creating it as the sexy, aggressive, fearless Jiexi, the starring femme fatale in a wildly successful Chinese soap opera. Experiencing the cultural clashes in real life while performing a fictional version onscreen, DeWoskin forms a group of friends with whom she witnesses the vast changes sweeping through China as the country pursues the new maxim, “to get rich is glorious.” In only a few years, China’s capital is transformed. With “considerable cultural and linguistic resources” (The New Yorker), DeWoskin captures Beijing at this pivotal juncture in her “intelligent, funny memoir” (People), and “readers will feel lucky to have sharp-eyed, yet sisterly, DeWoskin sitting in the driver’s seat”(Elle).","I really had to laugh reading the other lengthy online ""reviews"" about this book. I have doubts the other reviewers even read the whole book (it sounds like they read the dust jackets).I have a feeling this book was published only becuase there are so few ""armchair"" travel books or modern memoirs of China that it's lack of quality is overcome by the fact there is no competition.Ms. De Woskin writes this self-indulgent book with a ""gee-whiz"" look how lucky-I-am self promotion that comes out clearly in the text. The entire book is disingenous- as if we are all to belive that cunning and shrewdness are not involved in landing a starring role in a tv series and her quick ascent in a foreign corporations corporate ladder. And her idiotic lacing of factoids on Chinese history reads like an seventh graders poor essay ""On China"".What is utterly galling is her revelation that due to so-called ""prior travel arrangements"" she could not stay in China for the funeral of one of her best friends whom she was with on the night of his death and then exploits his story for her book-suggesting he had ""shady"" business dealings and sordidly tattle-telling his sex life.Give me a break, Rachel, lots of people have lived abroad, if you were shrewd enough to achieve everthything else you certainly could have managed a phone call to the airlines for something so important. But no better to exploit the story than actually have to be a real human being.Your parents should be ashamed and your readers along with them.Incredibly enough the author tells us her childhood was spent visiting China. How ridiculous is this claim when every one of her experiences with the Chinese quotodienne (sp?) is simply a rehash comparison of ""it's not like this in America"". One would think at least one prior trip to the country would have elevated the discourse.This book is a WASTE Of time and money from a ridiculous, immoral human being. It would have been more aptly titled ""How I did a Chinese guy and the crickets taste like chicken : a memoir from an overly self-involved, overeducated jerk.Do not buy this book if you want travel info get National Georgrapgic travel book on China and read up Pearl S. Buck."
Crockery Cookery,['Mable Hoffman'],['Cooking'],"Mable Hoffman loves to cook. A professional home economist, she cooks to develop recipes, to promote food products and to prepare those tasty, eye-appealing dishes you've seen in ads and food-preparation articles. She's also a food stylist and editorial consultant for Better Homes & Gardens. Slow cooking is different and requires special recipes. Mable developed every recipe specially for slow-cooking pots. Every one has been tested and re-tested to bring you sure success with each meal you prepare. You'll see how your slow-cooking pot invites culinary creativity. Just use these recipes as a foundation and add a little pinch of your own ingenuity to the pot. You'll find slow cooking makes good eating!","I have just started to use a crock pot and this book, Mable Hoffman's Crockery Cookery, has given me some great ideas."
Foundation and Empire,['D. G. Leahy'],['Religion'],"This book presents the ontological and logical foundation of a new form of thinking, the beginning of an absolute phenomenology. It does so in the context of the history of thought in Europe and America. It explores the ramifications of a categorically new logic. Thinkers dealt with include Plato, Galileo, Hegel, Kierkegaard, Marx, Nietzsche, Husserl, Heidegger, Peirce, James, Dewey, Derrida, McDermott, and Altizer.",I enjoyed the Foundation. The book is divided into 5 parts. The most interesting of the 5 is the 3rd one. The end is not what i expected. The 5 parts overall are not particularly conected in my opinion. But the book was good.
The Hobbit,['J. R. R. Tolkien'],['Juvenile Fiction'],"Celebrating 75 years of one of the world's most treasured classics with an all new trade paperback edition. Repackaged with new cover art. 500,000 first printing.","The 2nd half of the Hobbit is interesting. This is when the gang goes out and makes there way up the mountain towards Smog (the dragon). The book becomes an adventure and becomes quite interesting when Bilbo Baggins began using the powers that the ring possessed. Prior to the adventure, the book is boring and dull. The exposition is just confusing with all the new names and ideas. Since the story is fictatious, the setting also becomes an obstacle."
Vox,['Christina Dalcher'],['Fiction'],"‘Hét boek van dit moment.’ Marie Claire ‘Een angstaanjagend verhaal in de stijl van The Handmaid’s Tale.’ Elle Je mag honderd woorden per dag spreken. Eén woord meer en je krijgt een stroomstoot van duizend volt. Welkom in het nieuwe Amerika. Dr. Jean McClellan brengt haar tijd in stilte door. Ze heeft een teller om haar pols die elk woord bijhoudt dat ze spreekt. Ieder woord boven de honderd zorgt voor een krachtige stroomstoot. En dat is niet de enige maatregel die de nieuwe regering heeft opgelegd. Sinds er een extreem conservatieve partij aan de macht is gekomen, zijn miljoenen vrouwen hun baan kwijtgeraakt. Hun bankrekeningen zijn bevroren, hun paspoorten ingetrokken. Meisjes leren niet langer lezen en schrijven. Wie zich niet aan de regels houdt, wordt weggevoerd naar een heropvoedingskamp en komt nooit meer terug. Dan staan er ineens twee mannen op de stoep. Voordat Jean het zwijgen werd opgelegd, was ze een begenadigd wetenschapper en nu is haar kennis hard nodig. De mannen doen Jean een aanbod dat ze niet kan weigeren: ze mag weer ongelimiteerd praten. Maar tegen welke prijs? De pers over VOX ‘Liet me sprakeloos achter.’ Daily Mail ‘Doodeng.’ RED ‘Dit wordt het boek waar iedereen het over heeft.’ Cosmopolitan ‘Past perfect in het #MeToo-tijdperk.’ Vanity Fair","Naturally, I found this book delicious. That is not to say erotic--in the usual sense. And for me, personally, so long bereft of my, how shall we say, membrane virile, I did _not_ find the book terribly stimulating. This is all beside the point and, to be frank, I would rather not mention the series of ill-fated operations that left me so awfully frigid. But even for the sexually intact this book, I would fain say, belongs rather on the shelf than athwart anything in the way of an extremity. Which is not to say the book is boring per se. It's not. In fact, I'd even recommend it. Certainly, though, the transvestite community--to which I belong--will continue to ardently oppose such shining examples of conventional or, worse, &quot;literary&quot; prurience. That said, I give the book a half-hearted, semi-limp thumbs-up!"
Pride and Prejudice,['Jane Austen'],['Fiction'],"In early nineteenth-century England, a spirited young woman copes with the suit of a snobbish gentleman, as well as the romantic entanglements of her four sisters.","An English classic which needs no introduction or explanation! Lovely to have it on Kindle to reread anytime, anyplace, anywhere!"
The Diabetic Gourmet Cookbook: More Than 200 Healthy Recipes from Homestyle Favorites to Restaurant Classics,['Editors of The Diabetic Gourmet magazine'],['Health & Fitness'],"Scrumptious, healthy, crowd-pleasing recipes for people with diabetes and their loved ones The editors of Diabetic Gourmet Magazine understand that although people with diabetes must carefully monitor their eating habits, they still crave their favorite sweets and savory dishes. Now, with this all-new collection of healthy recipes that are perfect for everyday meals as well as for entertaining, you can enjoy making tasty dishes for yourself, your friends, and your family that are as good for you as they are delicious. The Diabetic Gourmet Cookbook features more than 200 original gourmet recipes complete with detailed nutritional information and diabetic exchanges for easy meal planning. By featuring healthy versions of traditional favorites-from pot roast to macaroni and cheese to banana cream pie-this mouthwatering collection shows how you can safely and effectively eat well if you have diabetes or special dietary needs and still enjoy wonderful food. You'll find easy-to-prepare recipes for appetizers, soups, salads, breads, desserts, sauces, and more along with a host of healthy cooking techniques-which makes The Diabetic Gourmet Cookbook essential for every health-conscious cook's kitchen. Pecan Winter Waffles * Huevos Rancheros * Blueberry Blintzes Topped with Lime Crema * Cranberry Apple Muffins * Baked Onion Rings * Brazilian Smoked Black Bean Soup * French Onion Soup * Refreshing Spring Tabbouleh * Spicy Thai Chicken * Crisp Cornmeal-Coated Catfish * Greek Gyros with Tzatziki Sauce * Chicken Francese * Creamy Coleslaw * Ginger-Lime Sugar Snap Peas * Cranberry-Orange Biscotti * Key Lime Cheesecake Squares * Georgia Peach Pie * Baklava * And many more tasty recipes!","When I learned I was diabetic type 2, I cried when I thought I couldn't eat anything that tasted good. This book changed that. When I cook for my family or guests, nobody can tell their meals are diabetic. I love the variety this book has."
Getting Hurt,['Andrew Davies'],['Fiction'],"In his own words, Charlie Cross is a bloke in love. A hard-drinking, chain-smoking lawyer, he is well-off, divorced and heading for trouble. When he meets Viola in an after-hours drinking club, he knows instinctively that they could do each other harm. What follows is one man's record of a love affair, an erotic, savagely funny and heartfelt tale of destructive sexual passion.",One of the most exceptionally hard hitting books ever written.From page one until the last gut-wrenching chapter Andrew Davies places you inside the neurotic Charlie Cross.He is a Solicitor and on the outside an extremely successful chap who begins to crumble after his encounter with the enigmatic but beautiful Viola.His own attempts at the negotiation of a relationship breakdown are painfully real and the author leaves you with a bitter sweet taste of total devotion followed by utter devastation.The book is a must for those who believe they can control their own destinies faced with the realisation that &quot;the office is closed&quot;. This book deals with intimacy and raw passion that inexorably leads to a stunning climax that is both fulfilling and exhausting. Highly recommended!
Antigone,['Sophocles'],['Drama'],"To make this quintessential Greek drama more accessible to the modern reader, this Prestwick House Literary Touchstone Edition? includes a glossary of difficult terms, a list of vocabulary words, and convenient sidebar notes. By providing these, it is our intention that readers will more fully enjoy the beauty, wisdom, and intent of the play.The curse placed on Oedipus lingers and haunts a younger generation in this new and brilliant translation of Sophocles? classic drama. The daughter of Oedipus and Jocasta, Antigone is an unconventional heroine who pits her beliefs against the King of Thebes in a bloody test of wills that leaves few unharmed. Emotions fly as she challenges the king for the right to bury her own brother. Determined but doomed, Antigone shows her inner strength throughout the play. Antigone raises issues of law and morality that are just as relevant today as they were more than two thousand years ago. Whether this is your first reading or your twentieth, Antigone will move you as few pieces of literature can.","Researching translations is never an easy task, and in this case, where you'll have to search on Amazon for the title and the translator to find what you want, it's particularly difficult.Here's what I've found by comparing several editions:1. David Grene translation: Seems to be accurate, yet not unwieldy as such. My pick. Language is used precisely, but not to the point where it's barely in English.2. Fitts/Fitzgerald translation: Excellent as well, though a little less smooth than the Grene one. Certainly not a bad pick.3. Fagles translation: Beautiful. Not accurate. If you are looking for the smoothest English version, there's no doubt that this is it. That said, because he is looser with the translation, some ideas might be lost. For instance, in Antigone, in the beginning, Antigone discusses how law compels her to bury her brother despite Creon's edict. In Fagles, the ""law"" concept is lost in ""military honors"" when discussing the burial of Eteocles. This whole notion of obeying positive law or natural law is very important, but you wouldn't know it from Fagles. In Grene, for example, it is translated to ""lawful rites.""4. Gibbons and Segal: Looks great, but right now the book has only Antigone (and not the rest of the trilogy) and costs almost 3x as much. I'll pass. But, from a cursory review, I'm impressed with their work.5. MacDonald: This edition received some good write-ups, but I wasn't able to do a direct passage-to-passage comparison.6. Woodruff: NO, NO, NO. Just NO. It's so colloquial it makes me gag. Very accessible, but the modernization of the language is just so extreme as to make it almost laughable. You don't get any sense of the power of language in the play. You just get the story. If you want this to be an easy read, then get Fagles, not this.7. Kitto: Looks good, though not particularly compelling over either Grene or Fitzgerald (or Gibbons if I wanted to pay so much more).8. Roche: Practically unreadable the English is so convoluted. Might be the most literal translation, but what's the point unless you are learning Greek and want such a direct translation.9. Taylor: Way too wordy. Might be more literal, but again, why?Hope this all helps. Translations can make or break the accessibility of literature. Pick wisely."
Miss Rumphius (Turtleback School & Library Binding Edition) (Picture Puffin Books (Pb)),['Barbara Cooney'],['Juvenile Fiction'],Matthais grows from a little boy to a grandfather on a small island off the coast of New England.,My 4 year old and I read this book together often. We both like it a lot. My daughter likes the characters and the pictures. I like that it teaches important values and features a strong female main character.
"Wedding Cakes You Can Make: Designing, Baking, and Decorating the Perfect Wedding Cake","['Dede Wilson, CCP']",['Cooking'],"Make the cake? Yes, you can. If you love to bake and are willing to plan ahead, you can make a spectacular wedding cake--and you don't have to be a pastry chef to do it! Let prominent wedding cake expert Dede Wilson guide you through every layer of the process--from choosing among flavors and styles to baking, assembling, and decorating your way to a beautiful and delicious cake. This accessible cookbook not only gets you ready for the big event, it helps you lend a truly personal touch to the celebration. ""If you want to make your own wedding cake, Dede Wilson is the perfect guide. She helps you bake with confidence every step of the way to a delicious personalized result."" --Donna Ferrari, BRIDE'S magazine","This is a fantastic step-by-step instruction book. I had no idea how much planning really went into creating a wedding cake but this book lays everything out for you in a pretty easy-to-follow format. I've only made one cake so far (a sample cake, like she recommends) and the frosting was spectacular but the cake itself didn't really taste like much of anything. I'm thinking that I'll borrow a lot of the techniques mentioned in this book and apply them to a recipe from another cookbook. A must for a novice baker!"
Brave New World,['Aldous Huxley'],['Fiction'],"Brave New World predicts - with eerie clarity - a terrifying vision of the future. Read the dystopian classic that inspired the Sky TV series. EVERYONE BELONGS TO EVERYONE ELSE Welcome to New London. Everybody is happy here. Our perfect society achieved peace and stability through the prohibition of monogamy, privacy, money, family and history itself. Now everyone belongs. You can be happy too. All you need to do is take your Soma pills. Discover the brave new world of Aldous Huxley's classic novel, written in 1932, which prophesied a society which expects maximum pleasure and accepts complete surveillance - no matter what the cost. 'A masterpiece of speculation... As vibrant, fresh, and somehow shocking as it was when I first read it' Margaret Atwood, bestselling author of The Handmaid's Tale 'A grave warning... Provoking, stimulating, shocking and dazzling' Observer **One of the BBC's 100 Novels That Shaped Our World**","This book was very poorly written, it's basically the ramblings of a Christian fanatic who is upset that society has become less religious. He wrote this book by picking everything he disliked about society and then he sent it to the extreme end of things and called it a prediction for the future. For example, because sex was no longer frowned upon as much as it used to be he decided that in the future adults and children would be encouraged to have sex with everyone. This satire was just so poorly conceived, it's ridiculous. The most annoying part of this book for me was that the only religious book he mentions them banning was the Bible. He didn't bring up another religious text once. It's clear that the only religious book he cares about people banning is his own, and thats just plain low. It's not like I'm just annoyed that he didn't include my religious text, I'm an atheist so I don't have one. I just think that he shouldn't be so obviously hypocritical in his novel. I'm sure it has to do with the times he lived in as well as him but that still annoyed me. Anyways, don't waste your time with this man and his nonsense. Read something better."
Hello Ms. President,"['CREATESPACE', 'Devin Jeanel']",['Fiction'],A corporate intrigue about a woman executive who enters the world of corporate espionage to battle an invisible political enemy.,"Once again Devin Jeanel has captured the true essence of great writing. His narrative style combined with characters that draw you into their world is amazing! I read the book in one sitting completely unable to put it down until I knew how Melissa's plight ended. Thank you, Devin, for another great book! :)"
STOLEN LIVES,['Malika Oufkir'],['Biography & Autobiography'],"The daughter of a former aide to the king of Morocco, who was executed after a failed assassination attempt on the ruler, describes how she, her five siblings, and her mother were imprisoned in a desert penal colony for twenty years.","This book is the true story of a woman and her family being sent to jail for 20 years, in subhuman conditions. I was absolutely immersed in this book and, once I finished it, I wanted more! I started hunting through the internet for more news from the past and updates about this family. My heart is still tender for little Abdellatif, who entered prison at age three and never knew anything else and is now scarred emotionally for life (as are all the rest as well, in their different ways). This is a very moving story about survival, about familily ties, and especially about the courageous nature of the human spirit. I definitely reccommend this book, though beware: some parts may be tough to read for sensitive readers! What I found most amazing is that all of this ocurred in my own lifetime."
The Stranger Beside Me,['Ann Rule'],['True Crime'],"From the perspective of the former policewoman, crime writer, and unknowing personal friend, tells the story of Ted Bundy, a brilliant law student executed for killing three women, who confessed to killing thirty-five others.","What is unusual about this book is that it was written by someone who was a fried of Bundy before he was suspected of committing any crimes and that the author is also an excellent writer. This gives us a unique combination of a compelling story written by someone who knows a great deal about Bundy personally.I disagree with the recent reviewers who think Ann Rule is too pro-Bundy. First of all she says she would not have stopped the execution at the end. Her views obviously evolved over the years. Secondly he was her friend. Just like his family, people can be of two minds and she said it was nearly impossible to overlay the person she knew with the monster he was. She calls him a monster and obviously does not excuse his behavior. She wrote a 600 page book describing the horror.Like the overwhelming number of reviewers her I think this is an excellent and compelling book. Very highly recommended."
The No. 1 Ladies' Detective Agency,['Alexander McCall Smith'],['Botswana'],"Wayward daughters. Missing Husbands. Philandering partners. Curious conmen. If you've got a problem, and no one else can help you, then pay a visit to Precious Ramotswe, Botswana's only - and finest - female private detective. Her methods may not be conventional, and her manner not exactly Miss Marple, but she's got warmth, wit and canny intuition on her side, not to mention Mr J. L. B. Matekoni, the charming proprietor of Tlokweng Road Speedy Motors. And Precious is going to need them all as she sets out on the trail of a missing child, a case that tumbles our heroine into a hotbed of strange situations and more than a little danger . . . Delightfully different, THE NO.1 LADIES' DETECTIVE AGENCY offers a captivating glimpse of an unusual world.","The audiobook started out pretty slowly and I nearly stopped listening about 45 minutes into it. Suddenly, the story ""clicked"" for me and I gladly listened to the whole 8 hours and 15 minutes.Narrated wonderfully by Lisette Lecat, a native South African who injects a touch of authenticity with her lovely accent and voice rhythms, this book is much more than a series of detective stories. It is also the story of Botswana and its culture and the complex interactions between traditional and modern, male and female, rich and poor, and white, black and Indian.A lovely book and a real joy to listen to. Sometimes laugh out loud funny, sometimes deeply moving.Well done."
The Secret Garden (Worlds Classics),['Frances Hodgson Burnett'],,"Frances Eliza Hodgson Burnett was a British-born American novelist and playwright. She is best known for the three children's novels Little Lord Fauntleroy, A Little Princess, and The Secret Garden. Frances Eliza Hodgson was born in Cheetham, Manchester, England. A house with a hundred rooms is a house full of secrets. That's what orphaned Mary Lennox finds out when she comes to live in her uncle's mansion on the Yorkshire moors. At night, she hears the sound of crying down a long corridor. Outside, she meets Dickon, a magical boy who can charm and talk to animals. Then, one day, Mary discovers the most mysterious wonder of all--a secret garden, walled and locked, which has been forgotten for years and years. Is everything in the garden dead, or can Mary bring this special place back to life?",Did you ever have a secret? A little girl in the book The Secret Garden had a secret. The little girl in the story is sad because her mother and father have died. She finds out about a secret garden that had been locked for ten years. Colin is a character in The Secret Garden. Colin is interesting. He had hurt one leg and had to be in a wheelchair. One day while in the secret garden he fell out of his wheelchair. He was surprised that he was able to get up and walk.The Secret Garden is a good book to read. It is a mystery and you read about people helping people.
Lonesome Dove,['Larry McMurtry'],['Fiction'],"The timeless, bestselling four-part epic that began with the Pulitzer Prize-winning Lonesome Dove takes readers into the lives of Augustus McCrae and Woodrow Call, two tough-as-nails Texas Rangers in the heyday of the Old West. Dead Man’s Walk As young Texas Rangers, Augustus McCrae and Woodrow Call--""Gus"" and ""Call"" for short--have much to learn about survival in a land fraught with perils: not only the blazing heat and raging tornadoes, roiling rivers and merciless Indians, but also the deadly whims of soldiers. On their first expeditions--led by incompetent officers and accompanied by the robust, dauntless whore known as the Great Western--they will face death at the hands of the cunning Comanche war chief Buffalo Hump and the silent Apache Gomez. They will be astonished by the Mexican army. And Gus will meet the love of his life. Comanche Moon Texas Rangers August McCrae and Woodrow Call, now in their middle years, are still figuring out how to deal with the ever-increasing tensions of adult life--Gus with his great love, Clara Forsythe, and Call with Maggie Tilton, the young whore who loves him--when they sign up to pursue the Comanche horse thief Kicking Wolf into Mexico. On this mission their captain, Inish Scull, is captured by the brutally cruel Mexican bandit Ahumado, and Gus and Call must come to the rescue, with the aid of new friends including Joshua Deets, Jake Spoon, and Pea Eye Parker, as well as the renowned Kickapoo tracker, Famous Shoes. Lonesome Dove Gus and Call, now retired from the Texas Rangers and settled in the border town of Lonesome Dove running the Hat Creek Cattle Company, are visited by their old friend Jake Spoon, who convinces Gus and Call to gather a herd of cattle and drive them north to Montana in order to start a cattle ranch in untouched territory. Gus is further motivated by a desire to see the love of his life, Clara Allen (nee Forsythe), who now lives with her children and comatose horse-trader husband in Ogallala, Nebraska. On the way to Montana they travel through wild country full of thieves, murderers, and a lifetime's worth of unforgettable adventure. Streets of Laredo Woodrow Call is back in Texas, a Ranger once again and a general gun-for-hire, but increasingly a relic as the westward sprawl of the railroads rapidly settles the once lawless frontier. Hired by a railroad tycoon to hunt down a dangerous bandit named Joey Garza, Call sets out once again with a hapless Yankee named Ned Brookshire who works for the railroad company that hired Call. Call's old friend Pea Eye Parker--who initially refused to join the expedition because of his family--sets off with the Kickapoo tracker Famous Shoes to try to catch up with Call, until he runs into troubles of his own. The long pursuit of Garza leads them all across the last wild stretches of the West into a hellhole known as Crow Town and, finally, into the vast, relentless plains of the Texas frontier.",I read this wonderful novel every 2-3 years. it is the best Pulitizer Prize winning novels in decades. Unforgettable characters and story. I bought the Kindle edition so I can always have it with me.
How to Prepare for the Advanced Placement Examination: Chemistry (Barron's How to Prepare for the Ap Chemistry Advanced Placement Examination),['Neil D. Jespersen'],['Study Aids'],"Updated to reflect the most recent tests, this manual presents two diagnostic tests and three full-length practice tests, all with questions answered and explained. A chemistry review covers the structure of matter, chemical bonding, states of matter, physical chemistry, chemical reactions, and all other topics tested on the Advanced Placement test.","Barron's AP Chemistry was a great review book for the AP Chemistry test. It basically covers everything you will need to know for the test, although I would not recommend using it alone for preparation. If it is used in conjunction with an AP Chemistry class, it will be sufficient to earn you a good grade on the test. If you are in an IB, Honors, or Regular Chemistry class, other review books may be necessary. I received a &quot;5&quot; on my AP Chemistry test after greatly studying Barron's AP Chemistry and an AP Chemistry text book, as well as partially studying Cliff's AP Chemistry Preparation Guide."
Sidetracked in the Wilderness,['Michael Wells'],['Christian life'],Life transforming principles and promises of the Bible that lead a person from defeat back to faith and victorious living.,"My cousin told me about Michael Wells, and so I googled him. While exploring his different sites I found a library of Mp3 downloads; recordings of various presentations from retreats and seminars that he taught. After downloading and listening to these I searched for anything of his in print that I might find. I am very pleased with Sidetracked in the Wilderness, although it is merely an encapsulated version of what I learned from the downloads. God has used Michael Wells' form of teaching to change my life. He was a willing vessel, but God still gets the glory."
Death on the Nile,['Agatha Christie'],['Fiction'],"SOON TO BE A MAJOR MOTION PICTURE RELEASING OCTOBER 9, 2020 --DIRECTED BY AND STARRING KENNETH BRANAGH Following the success of Murder on the Orient Express, Kenneth Branagh returns to direct and star in this adaptation of the classic Hercule Poirot mystery for the big screen, also starring Gal Gadot. Beloved detective Hercule Poirot embarks on a journey to Egypt in one of Agatha Christie's most famous mysteries, Death on the Nile. The tranquility of a cruise along the Nile was shattered by the discovery that Linnet Ridgeway had been shot through the head. She was young, stylish, and beautiful. A girl who had everything . . . until she lost her life. Hercule Poirot recalled an earlier outburst by a fellow passenger: ""I'd like to put my dear little pistol against her head and just press the trigger."" Yet in this exotic setting nothing is ever quite what it seems.",Not really a big hercule Poirot fan. I bought the book because it had been made into a movie. Seeing the movie first really made the different when reading it. I saw and heard all the characters from the movie.
Forever Odd: A Novel,['Dean Koontz'],['Fiction'],"NEW YORK TIMES BESTSELLER I see dead people. But then, by God, I do something about it. Odd Thomas never asked for his special ability. He’s just an ordinary guy trying to live a quiet life in the small desert town of Pico Mundo. Yet he feels an obligation to do right by his otherworldly confidants, and that’s why he’s won hearts on both sides of the divide between life and death. But when a childhood friend disappears, Odd discovers something worse than a dead body and embarks on a heart-stopping battle of will and wits with an enemy of exceptional cunning. In the hours to come there can be no innocent bystanders, and every sacrifice can tip the balance between despair and hope. You’re invited on an unforgettable journey through a world of terror and transcendence to wonders beyond imagining. And you can have no better guide than Odd Thomas.","The product that was purchased was just as described, perfect condition. Very impressed and at that, it was my first purchase through amazon. very happy."
The Hadassah Covenant: A Queen's Legacy,"['Tommy Tenney', 'Mark Andrew Olsen']",['Compact discs'],"The modern-day Hadassah, introduced to readers in the previous novel, is the wife of Israel's Prime Minister, with all its reflected power but also its isolation. The inner pain she feels as her beloved land and people are terrorized by political strife and bombings is made even more personal as her own father comes under attack. And then she learns of information that could have tragic repercussions on Jews living in Iraq, where Queen Esther had laid her own life on the line to save her people. The successor to Xerxes has no love for the Jews, and when he discovers the Star of David medallion on Leah (the young queen's candidate Esther wrote to in Hadassah), he is outraged. Leah is delegated to the ""rejected"" category, virtually a prisoner for life in the king's palace, with no hope and no future. Will Queen Esther and Mordecai be able to rescue Leah from the ""ash heap"" of Persian royal tradition? And even if they can, will Leah ever be able to truly love someone after all she has been through?","I enjoyed this book - a real pageturner! Remember, this is historical fiction - NOT the Bible! Tenney did a great job though with the actual historical content."
Harry Potter & the Prisoner of Azkaban,['Lisa S. Brenner'],['Literary Criticism'],"Through classroom activities, wizard rock concerts, and organizations like the Harry Potter Alliance, Harry Potter fans are using creativity to positively impact the world. This collection of essays and interviews examines how playful fandom--from fanfiction to Muggle quidditch, cosplay, role-playing games, and even Harry Potter burlesque--not only reimagines the canon but also challenges consumerism, questions notions of identity, and fosters participatory culture. The contributors explore issues applicable to fan studies and performance studies at large, such as the role of performance, the nature of community, and questions of representation and ownership in the digital age. Presented in three parts, the essays discuss discrepancies between sanctioned versions of Harry Potter and fan creations, the reenactment and reinterpretation of the original narrative in fan performance, and collaborative and participatory performances that break down the boundaries between actors and audiences.","I didnt think it was possible, but the third Harry Potter ( the prisoner of azkaban)was even better than the first two! In this book the plot is more complex and the characters are more developed. This book is almost impossible to put down, (especially when you reach the end.) I cant wait for the fourth book to come out!"
"Heartbreak Bronco (Phantom Stallion, No. 13)",['Terri Farley'],['Juvenile Fiction'],"The wildly popular series continues with more adventures of Samantha and her mustang, the Phantom Stallion! Girls love horses! The appeal of horse stories spans generations. Set in the modern–day Wild West, Phantom Stallion has cowboys, horse rustlers, mustangs–exciting new territory you can't find in other series. Continuation of a popular series. Dedicated fan base.",My granddaughter is 11 and currently loves this series of books. This was a Christmas gift and I don't think she has read it yet.
A Culture of Teaching: Early Modern Humanism in Theory and Practice,['Rebecca W. Bushnell'],['Literary Criticism'],"In pedagogical manuals strongly reminiscent of gardening guides, the scholar was seen as both a pliant vine and a force of nature.",it is a good book about 16th and 17th century teaching. It is easy to read and follow especially with the examples.
Windows 2000 Network Infrastructure Administration Study Guide Exam 70-216 (With CD-ROM),['Paul E. Robichaux'],['Computers'],"Here's the book you need to prepare for Exam 70-216, Implementing and Administering a Microsoft Windows 2000 Network Infrastructure. This study guide provides: In-depth coverage of every exam objective--all the information you need Practical information on managing a Windows 2000 network infrastructure Hundreds of challenging review questions, in the book and on the CD Leading-edge exam preparation software, including a testing engine, electronic flashcards, and simulation software Authoritative coverage of all exam objectives, including: DNS in a Windows 2000 network infrastructure DHCP in a Windows 2000 network infrastructure Remote access in a Windows 2000 network infrastructure Network protocols in a Windows 2000 network infrastructure WINS in a Windows 2000 network infrastructure IP routing in a Windows 2000 network infrastructure Certificate Services Note: CD-ROM/DVD and other supplementary materials are not included as part of eBook file.","I liked the previous 2 books in the Sybex MCSE series (and passed the exams with them). But this one by Paul Robichaux is just rubbish! Note that the first 3 chapters do not cover ANY Microsoft exam objectives - while it could have been an admirable intention to cover the foundations before the &quot;how-to's&quot;, here it was very poorly done. The author gets carried away with lenthy analogies (sports cars, sedans, etc..., to the point of naming several makes and models of different types of CARS - are we still learning about networking computers???) When it comes to configuring the finer details, the discussion often ends with &quot;(do such and such)... unless circumstances dictate otherwise&quot;. What are the circumstances that may rise? Believe me, it was not clear at all in the context (and these situation-based decisions are what we really need to know to pass the exam). In short, I find this book confusing and seldom to-the-point."
"Ulysses,",['James Joyce'],['Fiction'],This account of several lower class citizens of Dublin describes their activities and tells what some of them were thinking one day in 1904,"This is one of those books that ""smart"" people like to ""read."" Well if being smart means liking this, count me out! I don't know if it's modern, post-modern or what: but I know this much, I'd rather just curl up with ""Bridges of Madison County"" for a good cry! I don't understand why such a 'great' author can't seem to come up with a straightfoward plot that makes sense. I'd like to have seen Leopold patch things up with Molly, am I right? I mean, let's get down to brass tacks: don't we all hate those intellectuals who consider this one of the century's 'finest works of literary craft'? I mean these are the people who put ""Citizen Kane"" in the top ten...and totally ignored ""Life as a House""! (No offense, but Orson Welles is no Kevin Kline!) Unless Oprah puts it on her book list, I won't be picking this one up again, that's for sure."
Broke Heart Blues - A Novel,['Joyce Carol Oates'],['Fiction'],"John Reddy Heart, a handsome young heartthrob, becomes the obsession of a small town in New York State during a sensational trial after a man is murdered in his mother's house. Reprint.","First of all, let me say that I have loved everything I've everread by Joyce Carol Oates -- until now. John Reddy Hart... If I everhear that name again I think I'm going to... take a nap, which is whattrying to read this snoozer will make you want to do. I found myselflooking ahead time and time again to see how many more pages thechapter would last. &quot;I'll finish this chapter before I put itdown,&quot; I'd promise myself. Seldom did I keep that promise,though. Save your money and read a cereal box instead. It's a lotmore engaging than this loaf of a book. How in the world did theyfind 3 pages of positive quotes from reviewers to include in theopening pages? I wish I still had the [money] I plunked down for thiswaste of paper."
The Sales & Marketing Excellence Challenge: Changing How the Game Is Played,['Jonathan Whistman'],['Business & Economics'],"""The Sales Boss: The Real Secret to Hiring, Training and Managing a Sales Team, is a comprehensive guide on how to create a winning sales team. In any business, nothing happens until somebody sells something. Nobody pays their mortgages, no kids get sent to college, and no retirements get funded until the salesperson is able to close business and get revenue coming in the door. In a company with a sales manager, the hiring, training and success of the sales people lay directly at the feet of the manager. The importance and significance of this role can well be illustrated by a recent study that shows that 95% of the CEOs in mid-size companies have at some point in their career filled the role of Sales Manager prior to being promoted to run the company. Clearly, this job matters. The hopes and dreams of the entire company depend on the job being done masterfully. The Sales Boss refers to a sales leader operating at peak performance and overseeing a team of people that outperforms the competition. Inside the cover of this book, the reader will begin a journey that will help them take a deep look into the psychology behind getting a team operating at the highest levels. A step-by- step guide to hiring, training, and managing the team follows this introduction and will leave the reader not only with an understanding of what needs to be done but with direct examples of how they can do it""--","I keep dipping into this book - it's a brilliant, eclectic collection of the thoughts and ideas of a bunch of sales and marketing people who are at the cutting edge of selling today - doing it now,wrestling with the problems of selling in a downturn. The format's unusual - direct reporting of what these people think is important - in no particular topic order. The authors don't claim to present &quot;universal truth&quot; but everyone should find some good ideas thatthey can use and if you are looking for a an answer to a specific problem you can browse the index for a synopsis of each contribution. The authors want us to come away with a dozen ideas to explore in our business. Jim Dickie's and Barry Trailer's own contributions are packed with insight; these two pieces alone are worth the price of the book."
Night to Remember,['Walter Lord'],['History'],"An absorbing, minute-by-minute account of the demise of the ""unsinkable"" Titanic, the massive luxury liner that housed a French ""sidewalk cafe"" and a grand staircase, among other extravagances, but failed to provide enough lifeboats for the 2,207 passengers on board. Reissue.","Words can't describe the marvelous and amazingly detailed efforts by author Walter Lord. It has the eye veiw of all of the famous passengers and crew of the Titanic eveything form what they were seeing, thinking, feeling, and hearing."
"""Then Junior Said to Jeff. . ."": The Best NASCAR Stories Ever Told (Best Sports Stories Ever Told)","['Jim McLaurin', 'David Poole', 'Tom Gillispie']",['Sports & Recreation'],"This collection of behind-the-scenes happenings from the history of the beloved stock car series shares stories of the great and the infamous, revealing privy insights into the drivers that fans thought they knew everything about. The book grants a glimpse into Buck Baker's tomato juice incident, how his son Buddy Baker landed face first in the mud on an ambulance stretcher, Dale Earnhardt's 1997 Daytona 500 rolling crash and how he famously went from ambulance to car to complete the race, Tony Stewart's realization that racing was the ideal career choice, and how Jeff Gordon ""misplaced"" his commemorative Richard Petty money clip. Race fans with allegiance to any era of NASCAR, past or present, will feel drawn into the inner circle of the drivers after sharing in these inside stories that are worth the telling.","If you like NASCAR stories, facts, trivia, stats, then this is the book for you. The author puts it together well. And if you like this, you will also likeNASCAR: An Interactive Guide to the World of Sports (Sports by the Numbers)Buy them both as a gift and you won't go wrong."
Microthrills: True Stories from a Life of Small Highs,['Wendy Spero'],['Biography & Autobiography'],"Raised in Manhattan by her overprotective sex-therapist mother (who wore “nine inches of shoulder pads”), Wendy Spero has always sought excitement in microthrills, the small, strange highs that give her life meaning—from finding a strip tease video of her grandmother to selling knives door-to-door. As a little girl, Spero passed the time sniffing fruit-scented markers and breaking up arguments between her imaginary friends. As an adult, in her first office job, she formed an unusual relationship with her boss that involved as much marijuana-smoking as it did mentoring. Called “a profoundly funny human being” by Time Out New York, Spero is now a comedian living in L.A., grappling with such grown-up issues as trying to kick her addiction to eating candy in bed and learning how to drive.","HOLY CRAP! I love this book. I can't get over it. The language, the images, the world that we are let in to....I love every word. It makes me want to go to dinner with Paul Lerner."
1984,['George Orwell'],['Fiction'],"Nieuwspraak, Big Brother, het vocabulaire uit 1984 is in onze taal opgenomen en een eigen leven gaan leiden. De roman van George Orwell uit 1949 over de strijd van Winston Smith, ambtenaar op het ministerie van Waarheid, tegen de alles doordringende Partij, en zijn gedoemde liefde voor Julia heeft niets van zijn literarie zeggingskracht verloren. In Orwells steeds weer herdrukte anti-utopie verkeert de wereld in de wurggreep van een systeem dat is gegrondvest op de verbreiding van angst, haat en wreedheid, en dat iedere vorm van persoonlijke vrijheid en indiviualiteit uitsluit. 1984 is onverminderd geldig als benauwend nauwkeurig blauwdruk van elk dictatoriaal regime.","To those 37 people who rated this book with a One star, and to those 22 people who rated this book with two stars:Im the kindest and simplist words I can muster up, I am dreadfully sorry you did not approve of the book. Truely I am sorry.Orwellian's 1984 is simply a masterpiece that, while being frequently challanged for its content and it's ungraphic, unerotic sex scene, everyone should read. It tells of the protagonist, Winston, within his daily life in Oceania (the future London, England).Winston, is not unlike most people living in Oceania, he has a large television screen in his room which constantly spouts information spoon fed (and presumably processed) by the Ministry of Truth, which not only presents information, but creates the future, and changes the past to fit the glorification of their leader: Big Brother. The enormous screen is two-way, as much as you can see the man and/or woman in the broadcasting room, they can see Winston (or any other man or woman) in his daily life.Winston, is not unlike most Oceanians. He speaks English. But not the English of Shakespeare or Woolf, or of today's standards. His form of English has been chopped down to remove all possible loopholes, or Doublespeak. For instance, one may think of something as good, or ungood. Fast, or unfast. Big, or Unbig.Never: bad, slow, or small.Winston is not unlike most Oceanians, he has a job at the Ministry of Truth, (or Minitruth, just to remove loopholes once again), where he rewrites history. He receives information, such as the leader of England... I mean Oceania... being Winston Churchill... I mean Big Brother... and his sole succesful victory over the leader of the other two country-states.However, (to speed things up a bit) Winston falls in love. Love, is a forbidden thing in Oceania; people mate solely for bringing in more children. (These children are then whisked away for a sort of Secret Police/Gestapo-eske training so Big Brother can have another pair of eyes within each household. Oceania's next big attempt: to make the sexual impulse regulated)Winston and his lover soon meet for their sexual escepades away from the cameras, that are everywhere, and soon contact a small antique-shop owner who lives in the slums of Oceania for a room.The two rent the room, and unfortunately, the falling action of the story takes place there, where Winston and his lover are captured by the Thoughtpolice (The grown-up Gestapo) and are sent for brainwashing.To those who say the future would never become like this...In a local newspaper, the sewage pipeline owners were tossing around an idea of placing cameras in the septic pipes to see who, ""Was pouring grease down their toilets.""Another Orwellian Innovation, while seemingly less ""potent"" is that of the Red Light Cameras. You do the logic.Big Brother is also invading Wal*Mart with his RF-ID chips that are used to ""Track Inventory.""What happens if the Cashier coincidently ""forgets"" to take the chip off?Legislature has been considered that mandates a national ID card which can track where any citizen of the U.S. is at any time.Two other words: Patriot Act.However, I must say two, final things: First, I may sound like a shrill pessimist, however with the right mind, orchestrating the right, belligerant, and malignant agenda, a national catostrophy can fuel Orwellian invasions of privacy simply and unconditionally (see the reason above this paragraph.)And lastly, I take another reviewer, Mr. WiseToolz in which he reviews,""This book just didn't grab my attention. I simply couldn't ""connect"" with the characters (Winston, Julia, Syme, O'Brien and Big Brother). To me, they were all just a bunch of names and not ""real"" people. ""Take away enough freedoms and instill enough mundanity, and people become, ""just a bunch of names..."".In closing, the book is an excellent piece of work that should be read with an open mind."
The Book of Salt: A Novel,['Monique Truong'],['Fiction'],"A novel of Paris in the 1930s from the eyes of the Vietnamese cook employed by Gertrude Stein and Alice B. Toklas, by the author of The Sweetest Fruits. Viewing his famous mesdames and their entourage from the kitchen of their rue de Fleurus home, Binh observes their domestic entanglements while seeking his own place in the world. In a mesmerizing tale of yearning and betrayal, Monique Truong explores Paris from the salons of its artists to the dark nightlife of its outsiders and exiles. She takes us back to Binh's youthful servitude in Saigon under colonial rule, to his life as a galley hand at sea, to his brief, fateful encounters in Paris with Paul Robeson and the young Ho Chi Minh. Winner of the New York Public Library Young Lions Fiction Award A Best Book of the Year: New York Times, Village Voice, Seattle Times, Miami Herald, San Jose Mercury News, and others “An irresistible, scrupulously engineered confection that weaves together history, art, and human nature…a veritable feast.”—Los Angeles Times “A debut novel of pungent sensuousness and intricate, inspired imagination…a marvelous tale.”—Elle “Addictive…Deliciously written…Both eloquent and original.”—Entertainment Weekly “A mesmerizing narrative voice, an insider's view of a fabled literary household and the slow revelation of heartbreaking secrets contribute to the visceral impact of this first novel.”—Publishers Weekly, starred review","This first-time author is highly acclaimed for this book, and her prose is artful at times. The Vietnam-France connection is promising, too. However, the plot is meandering at best and tiresome the rest of the time. Several times I thought ""now the story will get going and I will learn something interesting about the time"" -- only to be disapointed as the novel devolves into a naracissistic rambling by the main character. Too bad."
Mermaid Park,['Beth Mayall'],['Young Adult Fiction'],"Sixteen-year-old Amy rush doesn’t expect much from her summer at the Jersey shore, until she stumbles on Mermaid park, an old tourist spot where girls dress in fabulous costumes and put on underwater shows. working at the park changes Amy’s life in more ways than she could have imagined. she finds romance, a newfound self-confidence, and discovers breathtaking revelations about long-buried family secrets.","At first I was concerned about the geographical inconsistencies stated by another reviewer. Wildwood's bridge is actually a four-lane affair instead of two? The veracity of every book on my shelf was called into question. Can anything be real? Does this mean there's no Narnia? No Swiss Family Robinson? No -- gulp -- Winnie the Pooh?Then I realized it's just a novel - this kind of gaffe would be notable in a AAA guide, but in a fiction story? Please.""Mermaid Park"" is a fast and pleasant read, full of fun characters and delightful twists. The lead character, Amy, is an excellent model for girls her age, struggling with romance, family issues, and her sense of self - and learning along the way that she's not perfect. Her time with the mermaids goes from fantasy to reality and back again, providing a fun journey for the reader while it propels the story forward. Girls in their tween to teen years will enjoy Amy's story and learn some valuable lessons. Readers of all ages will have a fun time visiting Mermaid Park."
Dead Souls,['Nikolai Gogol'],['Fiction'],"Chichikov, an amusing and often confused schemer, buys deceased serfs' names from landholders' poll tax lists hoping to mortgage them for profit","""Just finished reading this novel at 2:00 A.M. Must admit this is the first of the Rebus series I've read. Am starting a second. The characters are nicely developed and tend to be people one can care about. The multi-level plots are expertly woven together. The vocabulary is at a level that does not insult one's intelligence, and the themes are timeless and intuitive. In this particular novel, the Penn State episode can be more understood. 'People knew and did nothing!' Can't believe how fiction can find so many parallels... I can not highly enough recommend reading this book at this time or, I guess, any time!"""
"Child Development , Eleventh Edition",['John W. Santrock'],['Child development'],No further information has been provided for this title.,The owner did not reply to any of my e-mails. We needed the book within 4 days since my daughter was starting class the following day. The author did not reply even when I said I am willing to pay extra for express shipping also. I never got book in time. I got it after 2 weeks. I returned the book to owner and still no response for my money back. I am very disappointed and will probably never shop for books at amazon. Thanks.
Forever Odd: A Novel,['Dean Koontz'],['Fiction'],"NEW YORK TIMES BESTSELLER I see dead people. But then, by God, I do something about it. Odd Thomas never asked for his special ability. He’s just an ordinary guy trying to live a quiet life in the small desert town of Pico Mundo. Yet he feels an obligation to do right by his otherworldly confidants, and that’s why he’s won hearts on both sides of the divide between life and death. But when a childhood friend disappears, Odd discovers something worse than a dead body and embarks on a heart-stopping battle of will and wits with an enemy of exceptional cunning. In the hours to come there can be no innocent bystanders, and every sacrifice can tip the balance between despair and hope. You’re invited on an unforgettable journey through a world of terror and transcendence to wonders beyond imagining. And you can have no better guide than Odd Thomas.","In this sequel to Odd Thomas, Koontz lost some of the Odd Thomas Charm but made up for it with ACTION. This is more of a chase novel than the first installment. Odd chases the bad guys(tag your it), then they start chasing him. While not as good as the first book, due to lack of creepiness and internal struggles, the book is no where near a disapointment. Odd Thomas continues to be one of Koontz's best characters and hopefully we will be able to read a 3rd installment."
Following Jesus: More about Young Children and Worship,['Sonja M. Stewart'],['Religion'],"In this sequel to her bestselling ""Young Children and Worship"", Stewart focuses on Jesus' life and teachings and introduces children to the meaning of worship through biblical stories and parables. Illustrations.","If you are using Godly Play materials, this book is a MUST. Great stories for 4-6 graders. Very clear directions. If this is your first chance to use Godly Play materials, try this before you need to spend a lot of money for the pieces. There are patterns at the back of the book so that you can make them from oaktag or cut them out of wool.It was also cheaper than ordering from Godly Play itself."
Holy Spirit,"['John Bevere', 'Addison Bevere']",['Religion'],"The Holy Spirit is often portrayed as something ""weird."" But the Bible makes it clear that the Spirit is not something. He is someone-a Person who has promised to never leave your side. John Bevere invites you into a personal discovery of the most ignored and misunderstood Person in the Church: the Holy Spirit.","I have read other books written by this great man of God, and have never been disappointed.With few exceptions,I am inclined to purchase very few books written bytoday's group of living minister authors.People like Rev. Pink, got most of what they had written while on their knees in intensive prayer and study.I dont' think you would be disappointed reading anything written by Rev. Pink."
The Importance of Being Earnest and Other Plays (Turtleback School & Library Binding Edition) (Penguin Classics),"[""Nelson O'Ceallaigh Ritschel""]",['Performing Arts'],"This book explores Bernard Shaw’s journalism from the mid-1880s through the Great War—a period in which Shaw contributed some of the most powerful and socially relevant journalism the western world has experienced. In approaching Shaw’s journalism, the promoter and abuser of the New Journalism, W. T. Stead, is contrasted to Shaw, as Shaw countered the sensational news copy Stead and his disciples generated. To understand Shaw’s brand of New Journalism, his responses to the popular press’ portrayals of high profile historical crises are examined, while other examples prompting Shaw’s journalism over the period are cited for depth: the 1888 Whitechapel murders, the 1890-91 O’Shea divorce scandal that fell Charles Stewart Parnell, peace crusades within militarism, the catastrophic Titanic sinking, and the Great War. Through Shaw’s journalism that undermined the popular press’ shock efforts that prevented rational thought, Shaw endeavored to promote clear thinking through the immediacy of his critical journalism. Arguably, Shaw saved the free press.","Mother once told me &#34;Strawberry shortcake is such a wonderful dessert...&#34; but when I tried it - it was just strawberries and whipped cream on angle food cake.I felt the same way about Earnest. I'd always heard it was a really wonderful play, but halfway through I still had no idea who was whom and what was going on or what they were going on about. Perhaps I'll try it again, later - but I doubt it."
The Importance of Being Earnest and Other Plays,['Oscar Wilde'],['Drama'],"Offers newly edited texts of five of the British playwright's works, including the great farcial comedy ""The Importance of Being Earnest.""","My first experience with Wilde. Sharp and funny, it is excellent. I think Raymond is in the room, do you?"
Run Baby Run,"['Nicky Cruz', 'Jamie Buckingham']",['Conversion'],"This is the thrilling story of Nicky Cruz's desperate battle against drugs, alcoholism, and a violent environment, as he searched for a better way of life on the streets of New York City.","I read this book when I was a teenager (I'm almost fify now). Since I haven't reread it, I can't remember many of the details of the book. However, I do remember this book greatly impacted me in three ways. One, it showed why young people join a gang. Two, it showed how brutal gang life is. Three, it showed how Jesus can transform anyone, even a hardened gang member, if he or she will only ask Him to come into their heart. I believe everyone will benefit from reading Nicky's story."
Hannibal,['Thomas Harris'],['Fiction'],"#1 NEW YORK TIMES BESTSELLER • “Is it as good as Red Dragon and Silence of the Lambs? No . . . this one is better.”—Stephen King, The New York Times Book Review You remember Hannibal Lecter: gentleman, genius, cannibal. Seven years have passed since Dr. Lecter escaped from custody. And for seven years he’s been at large, free to savor the scents, the essences, of an unguarded world. But intruders have entered Dr. Lecter’s world, piercing his new identity, sensing the evil that surrounds him. For the multimillionaire Hannibal left maimed, for a corrupt Italian policeman, and for FBI agent Clarice Starling, who once stood before Lecter and who has never been the same, the final hunt for Hannibal Lecter has begun. All of them, in their separate ways, want to find Dr. Lecter. And all three will get their wish. But only one will live long enough to savor the reward. . . . Praise for Hannibal “Interested in getting the hell scared out of you? Buy this book on a Friday . . . lock all doors and windows. And by Monday , you might just be able to sleep without a night-light.”—Newsday “Strap yourself in for one heck of a ride. . . . It’ll scare your socks off.”—Denver Post “A stunner . . . writing in language as bright and precise as a surgeon’s scalpel, Harris has created a world as mysterious as Hannibal’s memory palace and as disturbing as a Goya painting. This is one book you don’t want to read alone at night.”—The Atlanta Journal-Constitution “Relentless . . . endlessly terrifying . . . 486 fast-paced pages, in which every respite is but a prelude to further furious action . . . Hannibal begins with a murderous paroxysm that leaves the reader breathless. . . . Hannibal speaks to the imagination, to the feelings, to the passions, to exalted senses and to debased ones. Harris’s voice will be heard for a while.”—Los Angeles Times “A pleasurable sense of dread.”—The Wall Street Journal “Enormously satisfying . . . a smashing good time, turning the pages for thrills, chills, horror and finally, a bracing, deliciously wicked slap in the face . . . perhaps the very best the thriller/horror genre is capable of producing.”—San Diego Union-Tribune","This book clearly has several purposes, not the least of which is to generate a movie sequel to Silence of the Lambs, which will give us another chance to see Sir Anthony Hopkins as Hannibal Lecter. The author struggles to maintain Lecter's monstosity while making him sympathetic enough to almost be the hero of the book. The author implies that witnessing brutality as a child pushed sensitive and intelligent Hannibal over the edge into psychopath, and yet delights in describing the brutality of the sympathetic monster against those who draw his well deserved attention. Once we enter the mind of Lecter, the mask of invincibility crumbles, although he still performs superhuman feats when required. Ultimately, the conclusion does not ring true with the reduction of Starling from independent heroine to trophy. I enjoyed reading the book, completing it in four days, and the grisly descriptions will haunt my dreams, but I hope they change the end for the movie (as with The Firm by Grisham)."
Everybody Eats Well in Belgium Cookbook,"['Ruth Van Waerebeek', 'Maria Polushkin Robbins']",['Cooking'],"Provides recipes for first courses, soups, fish and shellfish, poultry and game, meat, vegetables, potatoes, waffles and pancakes, and desserts","I acquired my love of cooking and fine food while living in Belgium, and this book has every single receipe I enjoyed while in Liege. It has easy to follow receipes, and ingredient equivalents for hard to find foods. This book is a *must* for anyone who enjoys &quot;la gastronomie belge!&quot;"
Celtic Animals Coloring Book (Dover Coloring Books),['Mallory Pearce'],['Juvenile Nonfiction'],"Add your own hues to 43 colorable vignettes depicting stylized birds, fish, serpents, mythological creatures, and other fabulous fauna. For artists, craftspeople, and coloring book enthusiasts of every age.","This was a great introduction to Celtic art, plus a fun coloring book for the dragon-obsessed 6-year old. Oh, and his name is Griffin, and there are griffins in here, so how cool is that?!It's intriguing to figure out how to color all the interweaving pieces of the &#34;knots&#34;."
Birds Without Wings,['Louis de Bernieres'],['Fiction'],"Birds Without Wings traces the fortunes of one small community in southwest Turkey (Anatolia) in the early part of the last century—a quirky community in which Christian and Muslim lives and traditions have co-existed peacefully over the centuries and where friendship, even love, has transcended religious differences. But with the disintegration of the Ottoman Empire and the onset of the Great War, the sweep of history has a cataclysmic effect on this peaceful place: The great love of Philothei, a Christian girl of legendary beauty, and Ibrahim, a Muslim shepherd who courts her from near infancy, culminates in tragedy and madness; Two inseparable childhood friends who grow up playing in the hills above the town suddenly find themselves on opposite sides of the bloody struggle; and Rustem Bey, a wealthy landlord, who has an enchanting mistress who is not what she seems. Far away from these small lives, a man of destiny who will come to be known as Mustafa Kemal Atatürk is emerging to create a country from the ruins of an empire. Victory at Gallipoli fails to save the Ottomans from ultimate defeat and, as a new conflict arises, Muslims and Christians struggle to survive, let alone understand, their part in the great tragedy that will reshape the whole region forever.","This novel of epic proportions is set in a small village in the Ottoman empire, on the brink of civil war. For generations, the peoples of the village have intermingled and intermarried. Even their religions have somewhat blended, with Muslims praying to the Christian saints, and Christians upholding some of the Muslims beliefs. It's a peaceful and quaint town that time has forgotten.Soon great changes come to the region, in the way of war and destruction. The village and it's occupants realize that life, unfortunately, often changes even when you don't want it to.I thought this book was extremely well written, and that the story very moving and sad. It's one of those books that really make you ponder just how unfair and random life can be."
Black Skin White Masks,['Frantz Fanon'],['Psychology'],"An updated translation of the author's seminal work on black identity and race theory offers insight into its influence on civil rights, anti-colonial, and black consciousness movements throughout the world. Original.","I read this for a class as an undergrad and while I do not agree with all of Fanon's conclusions, i do think this work is definitely worth reading at least to aid discussion of black intellectual thought."
Hannibal (Hannibal Lecter),['Thomas Harris'],['Fiction'],"You remember Hannibal Lecter: gentleman, genius, cannibal. Seven years have passed since Dr. Lecter escaped from custody. And for seven years he's been at large, free to savor the scents, the essences, of an unguarded world. But intruders have entered Dr. Lecter's world, piercing his new identity, sensing the evil that surrounds him. For the multimillionaire Hannibal left maimed, for a corrupt Italian policeman, and for FBI agent Clarice Starling, who once stood before Lecter and who has never been the same, the final hunt for Hannibal Lecter has begun. All of them, in their separate ways, want to find Dr. Lecter. And all three will get their wish. But only one will live long enough to savor the reward.... From the Paperback edition.","It has been three years since this book burst onto the market place and was given the hysteric fanfare and critical acclaim from the likes of the 'Guardian' and the 'New York Times Book Review'. At that moment in history it appeared this book could do no wrong - a perfect thriller and a triumph for the literary establishment. After finally reading it last night, I'd have to say that the general response from these distinghed critics was way over the top. The novel is good, but not that good. Harris was true to his successful formula and as a result, managed to sell a lot of books. Contrary to popular opinion, however, ~Hannibal~ pales in comparison to its predecessors. And it fails on many counts.The success of the 'Hannibal' trilogy is an intriguing one. Dr. Hannibal Lecter is without question, the story's appeal. Here is the manifestation of a monster with god-like qualities: the archangel Lucifer in the guise of a psychiatrist. Lecter is the fallen angel in human form - the spoilt prodigy child forced to live amongst human beings who he sees as nothing more than chimpanzees. Exiled from paradise, he's hell-bent on making trouble, ensuring the great cosmic experiment will fail. Most of us have 'sympathy for the devil' because we're all essentially in the same boat. There are moments in our lives that we too feel exiled from heaven, and can relate to the devil's resentment. Hannibal is a mythological figure in modern form; he's Milton's Satan with a medical degree. The novel is a distilled version of a missing chapter in 'Paradise Lost' in the guise of a paperback thriller.The novel moves along well up to the point where we are told why Dr. Lecter does what he does...the reason for his cannibalism and his hatred for the world. This particular causal explanation struck me as much too easy: something a first year psychology undergraduate would dream-up...and it was disappointing. The 'true' evil in the novel is the antagonist, Mason Verger - a maimed pedeophile with a penchant for drinking the tears of abused children. This is a disturbing idea. Harris has a disturbing imagination; but the Verger character isn't smart enough to manifest something a subtle as this insanity - he would have come up with something a lot more sinister and sophisticated for exacting revenge on the good doctor. The Verger character didn't pan out; he simply was too melodramatic to the point of absurdity.To Harris's credit, the ending was a surprising one. The Starling character, in the previous book, was a person that most of us could relate to...a virtuous individual fighting the good fight. Harris turns this around, however, and the reason(s) given for Starling's fall from grace is weak. That said, the last fifty pages describing the therapy exchange between Lecter and our tainted maiden is chilling.The myth of Hannibal Lecter is an old one. But Harris gives us nothing new, and pessimistically presents us with a future of no hope. Even the Starling's of the world will fall from grace, and there's nothing we can do about it. In this round, at least, evil takes the upper hand."
Pride and Prejudice,['Jane Austen'],['Fiction'],"In early nineteenth-century England, a spirited young woman copes with the suit of a snobbish gentleman, as well as the romantic entanglements of her four sisters.","Okay, I'll admit that at 14 y o and interested in modern biographies and war stories, Pride & Prejudice bored me stupid.Re-reading it now (from a sense of obligation) I actually can see the humour in it, the easy development of characters and their relationships and interactions.I can now identify characters to loathe (the girls' mother) and which I can like.But I guess it will never be more than a tedious &#34;okay&#34;, I guess."
MLA Handbook for Writers of Research Papers,['Joseph Gibaldi'],['Language Arts & Disciplines'],"Provides information on stylistic aspects of research papers, theses, and dissertations, including sections on writing fundamentals, MLA documentation style, and copyright law",I was very satisfied with the mla handbooks. The shipping and handling was superb. Thanks a million.
The Hollow Men (Dr. Who Series),['Rob McCarthy'],['Fiction'],"Police surgeon Harry Kent is determined to help those the world would rather brush aside, in a smart and electrifying new crime series that evokes the often-hidden medical world of the London Metropolitan Police. Dr. Harry Kent likes to keep himself busy—juggling hospital duties with his work as a police surgeon for the London Metropolitan Police—anything to ward off the memories of his time as an army medic. Usually the police work means minor injuries and mental health assessments. But teenager Solomon Idris’s case is different. Idris has taken eight people hostage in a fast-food restaurant, and is demanding to see a lawyer and a BBC reporter. Harry is sent in to treat the clearly-ill teenager . . . before the siege goes horribly wrong. When Solomon’s life is put in danger again at a critical care ward, it becomes clear he knows something people will kill to protect. Determined to uncover the secret that drove the boy to such desperate action, Harry soon realizes that someone in the medical world, someone he may even know, has broken the doctors’ commandment to “do no harm” many times over . . .","I enjoyed this book -- it is very well written, has an interesting and well thought out plot and engaging characters. It is a bit more dark than the average Dr. Who novel, but I highly recommend it. The authors do a good job of matching the characteristics or The Dr. and his companion Ace."
To Love and Be Loved,['Sam Keen'],['Psychology'],"The best-selling author of Fire in the Belly describes the skill and talent needed to create and sustain a loving relationship and focuses on sixteen elements--including attention, compassion, and desire--that make up love. Reprint.","If you're looking for a kind book to refresh your spirits, then this is it. The tone of the book is warmth, patience, and gentle guidance. The first part of the book covers the art of being a great lover. Part II, which I found most useful, identifies the elements of love. These are best explored one chapter at a time, with plenty of time to reflect on his writings."
"Flyte (Septimus Heap, Book 2)",['Angie Sage'],['Juvenile Fiction'],"The Magykal bestselling series relaunched with a fabulous new jacket design across the series. Enter the world of Septimus Heap, Wizard Apprentice. Magyk is his destiny.","This book left me breathless. Simon has teamed up with DomDaniel and kidnapped Jenna, leaving Nicko, Septimus, and his green stone no choice but to follow.Throughout the book, Septimus Heap's green stone has many things happen to it, and eventually, it hatches into a dragon.Also, there is a dark stranger stalking Jenna. She doesn't know who he is, but he knows who SHE is...It was amazing, a great sequal to Magyk! Read it, love it!"
Beneath a Blood Red Moon,['Shannon Drake'],['Fiction'],"Romance is one of the highest circulating genres in libraries today, but many popular titles are published in paperback. Five Star publishes a line of quality Romances by bestselling authors in our durable library-bound hardcover -- guaranteed to stand up to the demands placed on a high-circulation library book -- at prices that make sense for your collection. Because hardcovers haven't been available, many libraries don't even have a Romance Section. Five Star Romances will give this huge readership their place on the shelves, and take librarians out of the business of repairing and replacing paperbacks. Maggie Montgomery, the owner of an elegant New Orleans boutique, gasped when she learned about the mysterious beheading of a local street person and the trail of blood that led from the corpse to her building. Her shock turned to turmoil when she met Sean Canady, the police officer who arrived to question her ... and inspired a dangerous desire. Something powerful -- and beyond reason -- had brought Maggie and Sean together. Something that spoke of an interwoven past, and a passionate torment that began generations before under a blood red moon.",I didn't like this book------too much horror and gore and not much romance.
Little Women,['Louisa May Alcott'],['Fiction'],"Op eigen wieken is het vervolg op Louisa May Alcotts meesterwerk Little Women, in het Nederlands uitgegeven als Onder moeders vleugels. In dat boek volgen we de zussen Alcott, die losjes zijn gebaseerd op de schrijfster zelf en haar drie zussen. In Op eigen wieken zijn de jonge zussen uit het eerste deel opgegroeid. De kwesties waar ze mee worstelen hebben nu een ander karakter dan in hun kindertijd, en elk op hun eigen manier gaan de zussen om met het vinden van werk, een partner en het krijgen van kinderen. Na Op eigen wieken volgen nog twee delen over de levens van de familie Alcott. Het verhaal is vele malen verfilmd en op de planken gebracht. Louisa May Alcott (1832-1888) schreef ook voor volwassenen, maar had vooral veel succes als schrijfster van kinderboeken. Haar bekendste werk is Little Women, een autobiografische roman die nog twee vervolgboeken kreeg, en talloze malen bewerkt is tot toneelstukken en films. Alcott was ook politiek zeer actief en maakte zich onder andere sterk voor vrouwenrechten en afschaffing van de slavernij.","I read it last summer. I like it. My favorite character is Jo, the tomboy. She dosen't like any thing about being a girl. They all miss their father. Jo miss's him. She think it's so dreadful to be poor."
Widow's Walk (A Spenser Novel),['Robert B. Parker'],['Fiction'],"One of Boston’s elite has been murdered. The accused is his new wife. She’s blonde, beautiful, and young. The jury’s going to hate her. With next-to-no alibi, and multi-million reasons to kill her husband, she needs the best defense money can buy. His name is Spenser, and he’d give anything to believe her.",This book was much better than Death in Paradise. Although I wasn't really sure who the killer was. I did throughly enjoy the book. I felt that Susan kind of drag the storyline with her contining self-pity a little bit. But all and all it was very good.
A Fine Balance,['Rohinton Mistry'],['Fiction'],"With a compassionate realism and narrative sweep that recall the work of Charles Dickens, this magnificent novel captures all the cruelty and corruption, dignity and heroism, of India. The time is 1975. The place is an unnamed city by the sea. The government has just declared a State of Emergency, in whose upheavals four strangers--a spirited widow, a young student uprooted from his idyllic hill station, and two tailors who have fled the caste violence of their native village--will be thrust together, forced to share one cramped apartment and an uncertain future. As the characters move from distrust to friendship and from friendship to love, A Fine Balance creates an enduring panorama of the human spirit in an inhuman state.","This book will demand you full emotional attenton. Not recomended for the getaway vacation crowd or the light-hearted, this books holds you by the guts and does not let go. True, the plot is a bit too neatly organized , but the breadth, depth, color and reliability of the characters is totally overwhelming. All the characters sway back and forth accross the thin line between hope and dispair - the main theme of the book. The decay and unmanagable chaos of India and the ruthlessness of the caste system form the background to the characters constant struggle with their faith. Although I found the descriptions of the brutality of the Emergency period and the helplessness of Om, Ishvar, Manneck and Dina quiet depressing, I found hope in the compassion displayed by the supporting roles, especially Shankar and Beggarmaster. The ability to maintain compassion in the midst of misery is the pearl in heap of darkness surrounding this book - a true reward to the devoted reader."
Great Gatsby (Everyman),['F. Scott Fitzgerald'],['American Dream'],"Fitzgerald's masterpiece--the quintessential Jazz Age novel--now in a hardcover Everyman's Library Contemporary Classics edition For generations of enthralled readers, F. Scott Fitzgerald's mysterious millionaire, Jay Gatsby, has come to embody all the glamour and decadence of the Roaring Twenties. Gatsby emerges as if from nowhere, evading questions about his past and throwing dazzling parties sparkling with champagne and jazz at his luxurious Long Island mansion. Nick Carraway, a young man who has moved in next door, is fascinated by his oddly detached neighbor, and by his discovery that Gatsby is motivated by a single-minded quest to regain his long-lost love, Daisy Buchanan. Nick finds something both appalling and appealing about the intensity of Gatsby's ambition to reinvent himself. But Daisy and her wealthy husband are cynical and careless people, and as Gatsby's dream collides with reality, Nick is witness to the violence and tragedy that result. The Great Gatsby's remarkable staying power, nearly a century after its publication, is owed both to the lyrical freshness of its storytelling and to the way that it illuminates the hollow core of the glittering American dream. Everyman's Library pursues the highest production standards, printing on acid-free cream-colored paper, with full-cloth cases with two-color foil stamping, decorative endpapers, silk ribbon markers, European-style half-round spines, and a full-color illustrated jacket.","THIS PARTICULAR EDITION OF THE FITZGERALD CLASSIC IS SUBLIME. TO REVISIT THE STORY OF JAY GATSBY AFTER THIRTY PLUS YEARS WAS QUITE THRILLING. F. SCOTTS' VERBIAGE IS SO LYRICAL , SO POETIC , I READ SEVERAL PAGES OVER AND OVER. TO MOST OF US THIS IS A VERY FAMILIAR STORY AS IT WAS REQUIRED READING IN SCHOOL. HOWEVER I WAS TAKEN ABACK AT THE FRESHNESS AND NEWNESS OF THE WRITING...IF YOU HAVE NOT READ GATSBY IN AWHILE , OR IF NEVER, YOU ARE MISSING AN ENORMOUS, TANTALIZING READ."
The Hobbit,['J. R. R. Tolkien'],['Juvenile Fiction'],"Celebrating 75 years of one of the world's most treasured classics with an all new trade paperback edition. Repackaged with new cover art. 500,000 first printing.",I am currently rereading this book for maybe the sixth or seventh time. If you don't like this book you haven't an imagination nor a soul.
In the Hand of the Goddess,['Tamora Pierce'],['Juvenile Fiction'],"Pursuing her desire to be a knight, Alanna learns many things in her role as squire to Prince Jonathan, but fears Duke Roger, an ambitious sorcerer with whom she knows she will one day have to deal.","The characters in this book are sincere, deep and very funny to read about. Alanna is coragous and daring, but soft and pokable at the same time.But, despite the really good characters and their personalities, I didn't like this book. The main character seemed bossy, rude and too eager. If you fought in a army, you woundn't jump at the occasion to fight!But, most of all, there were some...uh...romance in this novel that scared me a little. Well, a lot. The girl dates and makes out with a lot of people in htis book, and more than I have fingers to count.A good adventure if your desperrate. But, only if all the copies of Harry Potter are gone, I don't recommend this book."
"My chess career,",['Jose Raul Capablanca'],['Biography & Autobiography'],"The seminal work of the Cuban genius who repeated the exploits of Morphy, suddenly bursting onto the European scene and annihilating the great masters who had hitherto dominated the international arena. This book captures the magic of Capablanca's early victory at San Sebastian 1911 and his second place - bowing only to Lasker - at St Petersburg 1914. All in all, 35 games are annotated by Capablanca in person with remarkable objectivity - bestowing praise and hurling criticism as and when required.",The work sets forth classic chess plays including openings andimportant manipulations with virtually every piece on the Board.This book is a &quot;must read&quot; for a serious chess player. The powerof the Queen is demonstrated in closing the game in combinationwith the King piece. A serious chess player would try to replicate a number of the classic plays depicted in order togain more experience with the game. The book is writtenfor a fairly sophisticated chess player/enthusiast. It is worththe price for serious students of the game.
Casting the First Stone,['Kimberla Lawson Roby'],['Fiction'],"Readers and critics alike can’t resist New York Times bestselling author Kimberla Lawson Roby’s beloved Reverend Curtis Black series. Now the classic novel that introduced the trials and triumphs of a church family and their congregation is available in a beautiful new edition—and includes a letter from the author. Tanya Black has everything a woman could want: a fulfilling career, a beautiful daughter, an elegant home, and a handsome, charismatic husband who is pastor of a prominent Baptist church. And yet, none of it can hide the growing turbulence in her marriage. Her husband, Reverend Curtis Black, once a loving, devoted, and passionate partner, has grown remote, and Tanya is thrown into doubt about what she once cherished. When she uncovers disturbing truths, confirming scandalous rumors about Curtis, she questions all that she’s ever believed in. But it is when Tanya is dealt the worst kind of betrayal a woman can face that her life is changed forever. Plunged into a bittersweet journey of discovery, she finds herself learning painful new lessons about love, loyalty—and sensual temptation—and is forced to make some very hard decisions for her daughter, herself, and her future.",I felt that Kimberly Roby (author) did an outstaning job. This book was too real. I found myself not being able to put the book down. It covered just about everything that happens in the real world.
Lourdes: Body and Spirit in the Secular Age,['Ruth Harris'],['Religion'],"Lourdes was at the very centre of nineteenth century debates on religion, science and medicine. Both the Church and secularists championed the 'miracle' town as crucial in shaping how society should think about the mind, body and spirit. Since the ‘visions’ of Bernadette Soubirous in 1858 transformed the quiet Pyrenean town into an international tourist and pilgrimage destination, it has been a site for controversy. In her well-crafted and carefully researched book, Harris deftly places Lourdes and its attendant spiritual movement firmly at the centre of French history and shows its significance in the country’s development.","This is a well-researched, well-written study of Lourdes, its origin and its impact. It's excellent history, on the whole. But the interpretation of Lourdes leaves much to be desired. Harris does not believe in the miracles she describes--she is Jewish--and fails, ultimately, to take a position on Lourdes that is anything other than vague and unsatisfactory. Moreover, the narrative is marred by feminism (a couple of lines on page 331 evoked laughter) and an undue emphasis on the anti-Semitism inherent in 19th century France. Harris is every bit the politically correct historian of her time. Alas.Oh yes, we also get a nice dose of anti-Catholicism in the Epilogue. It seems that the Church liked Nazis. Alas. And the critics rave."
The One-straw revolution: An introduction to natural farming,['Masanobu Fukuoka'],['Nature'],"Call it “Zen and the Art of Farming” or a “Little Green Book,” Masanobu Fukuoka’s manifesto about farming, eating, and the limits of human knowledge presents a radical challenge to the global systems we rely on for our food. At the same time, it is a spiritual memoir of a man whose innovative system of cultivating the earth reflects a deep faith in the wholeness and balance of the natural world. As Wendell Berry writes in his preface, the book “is valuable to us because it is at once practical and philosophical. It is an inspiring, necessary book about agriculture because it is not just about agriculture.” Trained as a scientist, Fukuoka rejected both modern agribusiness and centuries of agricultural practice, deciding instead that the best forms of cultivation mirror nature’s own laws. Over the next three decades he perfected his so-called “do-nothing” technique: commonsense, sustainable practices that all but eliminate the use of pesticides, fertilizer, tillage, and perhaps most significantly, wasteful effort. Whether you’re a guerrilla gardener or a kitchen gardener, dedicated to slow food or simply looking to live a healthier life, you will find something here—you may even be moved to start a revolution of your own.","There are thousands of Self-realized people , but only a handful of those have experienced that. This Japanese farmer/scientist is one among the rare who understood the truth that unless one put the ""Truth"" (Self-realization) into practise in daily life, one cannot experience it. He used farming to validate his realization and shares great truth to us through this book. The truth he shares about natrual food is amazing and is in tune with the truth given by other cultures. This book is highly recommended for someone who seeks Truth in every moment of life."
Cien Anos De Soledad,['Gabriel García Márquez'],['Fiction'],"Con estas palabras empieza una novela ya legendaria en los anales de la literatura universal, una de las aventuras literarias más fascinantes del siglo xx. Millones de ejemplares de Cien años de soledad leídos en todas las lenguas y el Premio Nobel de Literatura coronando una obra que se había abierto paso a ""boca a boca"" --como gusta decir el escritor-- son la más palpable demostración de que la aventura fabulosa de la familia Buendía-Iguarán, con sus milagros, fantasías, obsesiones, tragedias, incestos, adulterios, rebeldías, descubrimientos y condenas, representaba al mismo tiempo el mito y la historia, la tragedia y el amor del mundo entero.","I have read Cien Anos before and loved it. However, this edition provided me with information that I completely missed from my first reading. There are way too many details in the story and the footnotes pointed out all of them. Some, I agree, are less important, but most of them help the reader understand the complex and fascinating matrix of lives of this fantastic book."
Treasure Island; (Easy reading books: upper-grade interest),['R. L. Stevenson'],['Juvenile Fiction'],Jim Hawkins finds a map which shows buried treasure! Can Jim stop Long John Silver from finding the treasure on Treasure Island?,"Why I waited until now to read this great book I don't know. I've been reading a lot of classics lately and I'm glad I decided to read this one. I read the Kindle version and loved it. This is one that my homeschooled son is going to read this year and I'm looking forward to discussing it with him. It has adventure, suspense, surprise twists and turns - everything you expect in a great book. One of the reviewers mentioned that some of the negative reviews for this book might be because a student was forced to read it for school. He said that if a student is forced to read something then they will probably hate it. I disagree. My son has read a lot of books for school and loved most of them. If you create a love for books when a child is young then he will grow up with an appreciation of great books. This is one of those great books. I will agree with one thing that the reviewer said however. Don't force your child to read it....READ IT WITH HIM! Read it to him. Read it as a family. I think they will agree that it is worth five stars as well."
THE CATCHER IN THE RYE,['J.D. Salinger'],['Fiction'],"Anyone who has read J. D. Salinger's New Yorker stories - particularly A Perfect Day for Bananafish, Uncle Wiggily in Connecticut, The Laughing Man, and For Esme - With Love and Squalor, will not be surprised by the fact that his first novel is full of children. The hero-narrator of The Catcher in the Rye is an ancient child of sixteen, a native New Yorker named Holden Caulfield. Through circumstances that tend to preclude adult, secondhand description, he leaves his prep school in Pennsylvania and goes underground in New York City for three days. The boy himself is at once too simple and too complex for us to make any final comment about him or his story. Perhaps the safest thing we can say about Holden is that he was born in the world not just strongly attracted to beauty but, almost, hopelessly impaled on it. There are many voices in this novel: children's voices, adult voices, underground voices-but Holden's voice is the most eloquent of all. Transcending his own vernacular, yet remaining marvelously faithful to it, he issues a perfectly articulated cry of mixed pain and pleasure. However, like most lovers and clowns and poets of the higher orders, he keeps most of the pain to, and for, himself. The pleasure he gives away, or sets aside, with all his heart. It is there for the reader who can handle it to keep.","Although everyone seems to think it's a must read book, I tend to differ. I read this book at age 18 because I was sure I was missing out on something great, but it turned out that I wasn't missing much. Holden Caulfield, the main character, is cynical, selfish, and an all around jerk if you ask me. Also, J.D. Salinger's writing technique didn't impress me. He was very repeditive, and instead of getting his point across, it only succeeded in running his point into the ground. I was very let down by this novel."
We All Fall Down,['Rose Szabo'],['Young Adult Fiction'],"The first book in a dark fantasy YA duology by Rose Szabo, the author of What Big Teeth, about the power and danger of stories and the untold costs of keeping magic alive, perfect for fans of Rory Power and Marie Rutkoski. In River City, where magic used to thrive and is now fading, the witches who once ruled the city along with their powerful King have become all but obsolete. The city's crumbling government is now controlled primarily by the new university and teaching hospital, which has grown to take over half of the city. Moving between the decaying Old City and the ruthless New, four young queer people struggle with the daily hazards of life—work, school, dodging ruthless cops and unscrupulous scientists—not realizing that they have been selected to play in an age-old drama that revives the flow of magic through their world. When a mysterious death rocks their fragile peace, the four are brought into each other's orbits as they uncover a deeper magical conspiracy. Devastating, gorgeous, and utterly unique, We All Fall Down examines the complex network of pain created by power differentials, even between people who love each other—and how it is possible to be queer and turn out just fine.","If I could give this 0 stars, I would. I bought this book,tried to read it and was so repulsed that I tore it up and threw it away. I felt like I needed a spiritual bath. I had never destroyed a book before and have not done since. I own hundreds of books of all different genres. I would never recommend anyone reading this. I was disappointed since there were so many positive reviews. Buyer beware. I am not a fan of the ""Left Behind"" series and was hoping for a decently written end times novel."
The Adventures of Sherlock Holmes,['Arthur Conan Doyle'],['Fiction'],"Presents twelve of Holmes and Watson's best-known cases, including ""The Speckled Band,"" ""The Red-Headed League,"" The Five Orange Pips,"" ""The Copper Beeches,"" and ""A Scandal in Bohemia.""",I love this book. It is really exciting and it's free!!!! I would really advise getting this book. A great deal.
Crime and Punishment,"['Fyodor Dostoyevsky', 'Constance Garnett']",['Fiction'],"In a timeless story of justice, morality, and redemption, an impoverished Russian student murders a miserly landlady, a crime that has severe repercussions on his life and his family as he battles his conscience.","I have read this book and I think its very good and a must read for everybody. It has everything, philosophy, character development, a rich language, and a very interesting story.The writer explores the psychology of a criminal mind, his feeling, the way he thinks and how later he repents about the crime.Raskolnikov a very poor law student away from school for financial reasons decides to commit a crime. Dostoyevsky does a very good job in developing his caracter. In the beggining Raskolnikov thinks that in the world are two kind of people. The ordinary people and the extraordinary. The latest are the kind of people that have the &quot;right&quot; to commit crimes in order to walk forward, grow in ther career or do something that is very good for the society, like Napoleon etc. The ordinary people dont have the right to commit crimes they are under the law. He thinks that commiting this crime will serve to the society, but later on as the story goes we see Raskolnikov change. This by several factors, his love for Sonia, his mother and Sister.We see some other characters in the novels that aren't criminals like Luzhin but we dont have any sympathy for them.In the end Raskolnikov change his mind, He starts to understand that he was not &quot;Napoleon&quot; or extraordinary and in order to be releaved and start a new life he needs to be &quot;Punished&quot;.Very good book I would suggest everybody to read it."
To Kill A Mockingbird,['Harper Lee'],['Fiction'],"Voted America's Best-Loved Novel in PBS's The Great American Read Harper Lee's Pulitzer Prize-winning masterwork of honor and injustice in the deep South—and the heroism of one man in the face of blind and violent hatred One of the most cherished stories of all time, To Kill a Mockingbird has been translated into more than forty languages, sold more than forty million copies worldwide, served as the basis for an enormously popular motion picture, and was voted one of the best novels of the twentieth century by librarians across the country. A gripping, heart-wrenching, and wholly remarkable tale of coming-of-age in a South poisoned by virulent prejudice, it views a world of great beauty and savage inequities through the eyes of a young girl, as her father—a crusading local lawyer—risks everything to defend a black man unjustly accused of a terrible crime.","I loved this book, both for it's appeal as a tale of what it was like to be a child and for its portrayal of how ordinary people can be sucked into the abyss of racism."
A Short History of Ethics: A History of Moral Philosophy from the Homeric Age to the Twentieth Century,['Alasdair MacIntyre'],['Philosophy'],A Short History of Ethics has over the past thirty years become a key philosophical contribution to studies on morality and ethics. Alasdair MacIntyre writes a new preface for this second edition which looks at the book 'thirty years on' and considers its impact. A Short History of Ethics guides the reader through the history of moral philosophy from the Greeks to contemporary times. MacIntyre emphasises the importance of a historical context to moral concepts and ideas showing the relevance of philosophical queries on moral concepts and the importance of a historical account of ethics. A Short History of Ethics is an important contribution written by one of the most important living philosophers. Ideal for all philosophy students interested in ethics and morality.,"The book arrived in a VERY timely fashion!! The book was in okay condition (not spectacular), but good enough for me and worth the savings."
The Blizzard of '78,"['Michael Tougias', 'Mike Tougias']",['History'],"New England was knocked to its knees on February 6th and 7th, 1978, by the incredible snow and wind referred to locally as the worst storm of the century, and this history combines stunning photographs with riveting text to reawaken memories of the ""Blizzard of '78."" Chronicling the period before the storm, the book then follows it through its progression, as it caused commuter nightmares and wreaked devastation. From Cape Cod to Connecticut, from Rhode island to Route 128, it explains how people survived the storm by spending more than 48 hours in their cars, and how coastal homes were torn from their foundations and smashed to smithereens by the vicious surf. The book records the brighter sides of the blizzard too, including neighborhood parties, cross-country skiing down abandoned highways, and the many ways that people pitched in to help total strangers. Intriguing analysis also compares the Blizzard of '78 with the Great Blizzard of 1888. This book will be cherished by anyone who survived the Blizzard of '78, as well as those spellbound by its legend.","I was There, Great book. Boston was under snow for a week it was like living back before cars. This book has it all. Thank you"
"When a Butterfly Sneezes: A Guide for Helping Kids Explore Interconnections in Our World Through Favorite Stories (Systems Thinking for Kids, Big and Small, Vol 1)","['Linda Booth Sweeney', 'Dennis Meadows']",['Business & Economics'],"""More and more educators and businesspeople espouse system thinking today---this short workbook helps you do it! From two of the most gifted systems educators, this is a great tool for discovering the systems thinker in us all.""---Peter M. Senge, Senior Lecturer for MIT, founder of the Society for Organizational Learning, author of the Fifth Discipline --","Systems thinking provides structure to understanding our complex world. Stories, whether our own or selections from literature, offer a powerful hook to recognition of the interconnectedness within a system.As an educator, I've been intrigued with the idea of systems thinking, but somewhat intimidated by its complexity. After reading and rereading WHEN A BUTTERFLY SNEEZES, I have a far deeper understanding of its power.I''ve long believed in the power of story to enhance understanding. This little book affirms that belief.Thank you, Linda Booth Sweeney, for this fine work."
The hitchhiker's guide to the galaxy,['Douglas Adams'],['Science'],"The off-beat and occasionally extraterrestrial journeys, notions, and acquaintances of galactic traveler Arthur Dent are illustrated with digitally generated graphic images and tricky visual puns","What a huge dissappointment! I found the book extremely boring. Maybe I've been spoiled by the recent fantasy/sf I've been reading, but I found the plot very slow moving, and generally uninteresting and uninvolving. I also disliked the extreme amount of humor and satire in this book. I prefer my novels to be more realistic. I like adult situations (complex relationships, betrayal, violence, etc), and I couldn't find any here. It felt as if I was watching one LONG episode of Futurama.There were good things, however. The book was extremely short. I got through it in one sitting (about three hours), and I don't think I've ever done that before. Also, I found the book slightly humorous in parts, which served to barely keep my interest for that 3-hour reading stretch."
The Adventures of Sherlock Holmes: Sherlock Holmes Mysteries: Authorized Edition,['Arthur Conan Doyle'],['Criminal investigation'],".0000000000The Casebook of Sherlock Holmes contains Conan Doyle's last twelve stories about his great fictional detective. Compared with earlier collections these tales are darker, exploring such themes as treachery, mutilation and the terrible consequences of infidelity, and containing such gothic touches as a blood-sucking vampire and crypts at midnight. With an Afterword by David Stuart Davies, a Fellow of the Royal Literary Fund, and an authority on Sherlock Holmes. He has written the Afterwords for all the Collector's Library Holmes volumes.","This is an exciting collection of Sherlock Holmes stories. I personally like the ilustrtations,it helps me to get the whole picture of the story."
Songs of the Doomed: More Notes on the Death of the American Dream,['Hunter S. Thompson'],['Literary Collections'],"I was thinking; my mind was running at top speed, scanning and sorting my options. They ranged all the way from Dumb and Dangerous to Crazy, Evil, and utterly wrong from the start . . . stand back. We are on the brink. Yes. I have an idea.' When Hunter S. Thompson has an idea, you just have to listen – and he shares many of his unique ideas in this collection of journalism, social commentary, short fiction and autobiography. Divided into sections by decade, Songs of the Doomed begins with a furious condemnation of the US justice system and ends with the author’s own version of the events that led to his extraordinary court case. Stopping off at the infamous summit conference in Elko, Illinois; Saigon in 1975 (the war zone Thompson was fired while en route to); and Palm Beach in the eighties for the Pulitzer divorce, here – in true Gonzo fashion – is the long strange trip from Kennedy to Nixon to Quayle. ‘Mr Thompson’s best work of the past three decades’ New York Times Book Review ‘There are many hideously funny stories in this collection. Thompson writing on mescalin, staying on for the fall of Saigon, explaining what it must be like to be a multimillionaire in Palm Beach . . .’ Independent on Sunday ‘Dead funny . . . That our guru has made it this far merits drinks and dynamite all round at the Woody Creek Road and Gun Club (and spiritually affiliated North London branches). That he is still alive, and at large, defies medical and legal beliefs’ Andy Kershaw, Literary Review ‘Proves that you can’t keep the old bastard quiet . . . a superb offering’ City Limits",Great overview of all his work. Mike should buy it now and never look back!
Member of the Wedding,['Carson McCullers'],['Fiction'],"The novel that became an award-winning play and a major motion picture and that has charmed generations of readers, Carson McCullers’s classic The Member of the Wedding is now available in small- format trade paperback for the &ﬁrst time. Here is the story of the inimitable twelve-year-old Frankie, who is utterly, hopelessly bored with life until she hears about her older brother’s wedding. Bolstered by lively conversations with her house servant, Berenice, and her six-year-old male cousin — not to mention her own unbridled imagination — Frankie takes on an overly active role in the wedding, hoping even to go, uninvited, on the honeymoon, so deep is her desire to be the member of something larger, more accepting than herself. “A marvelous study of the agony of adolescence” (Detroit Free Press), The Member of the Wedding showcases Carson McCullers at her most sensitive, astute, and lasting best.","It seems that nobody can write about desolation like Carson McCullers. The sense of not being part of something is common to her stories. ""The Member of the Wedding"" is her third novel, published in 1946, six years after her d&eacute;but with ""The Heart is a Lonely Hunter"". Shorter in scoop than that other book, nevertheless as deep, this little novel is an unforgettable tale of a misplace childhood.Frankie is in her early teens. Her older brother, who lives abroad, is getting married, and this is the biggest excitement of her life. The girl sees in the event the chance of abandoning her boring life, populated mostly by the servant, Berenice, and her cousin John Henry. Her father is virtually an absent figure, and this is the family link missing in her life.The girl seems to have spent all the time trying to connect with something or someone. ""This was the summer when for a long time (Frankie) had not been a member"" is stated at some point. The way of overcoming this problem is growing up, becoming an adult, therefore, a member. On the other hand, she expects to become very close friends with her brother and sister-in-law when the three of them would travel all around the world all the time. Frankie seems to fail to recognize that a couple doesn't want a third member.Since she is not happy with herself, the girl chances her own name to F. Jasmie and later to Frances. However much the surface is different, her interior is in the same state of discontentment. Throughout her journey, the girl will come across half a dozen characters who will affect her somehow. A soldier tries to seduce her. It is a victory to the protagonist, since only women - and not teenagers - get involved in such an affair. In ""The Member of the Wedding"", McCullers deals frankly the sexual awakening of her character, and the loss of Frankie's innocence.Colors are extremely important in McCullers' prose. The very first line states that it was a green Summer. We are frequently remembered that Frankie has gray eyes, and Berenice, one blue and another one brown. Other senses are also touched when the girl, the maid and the cousin listen to a tuner working on a piano.Early in ""The Member of the Wedding"" Frankie says that `it looks to me like everything has just walked off and left me'. This sense of not being part of anything accompanies the character the whole time. In the end, this is a feeling that we all have in our lives. And writing about this specific girl in the 1940s, McCullers is talking about the world and time in history."
Cane River,['Lalita Tademy'],['Fiction'],"Set among the plantations in deepest Louisiana, CANE RIVER follows the lives of five generations of women from the time of slavery in the early 1800s into the early years of the 20th century. From down-trodden, philosophical Suzette, who was born and died a slave, to educated, pale-skinned Emily, whose high ambitions born in freedom become her downfall, we are introduced to a remarkable cast of characters whose struggles reflect the tragedy of slavery and, ultimately, the triumph of the spirit. This deeply personal saga - based entirely on the author's research into her own family history - ranks with the best African-American novels and introduces a major new writer.","I was surprised at how much I liked this book. I don't usually read novels, but since it was based on fact I read it anyway. It was one of those books that kept me up until wee hours of the morning because I couldn't stop reading. It has the classic element that keeps you glued to the book: struggle, and overcoming adversity. Like Memoirs of a Geisha I kept thinking &quot;things have got to get better!&quot;. I loved the details and photos. The author did a great job of researching and documenting everything. (what a cool project!) As a middle class white girl I didn't expect to relate but I really did, mainly as a female I suppose. It made me think of my own life, my own upcoming birth, the things I take for granted. You really must read this book!!"
Up from slavery: An autobiography,['Booker T. Washington'],['Biography & Autobiography'],"In this acclaimed autobiography, Booker T. Washington makes a case for lifting up his race through education. Washington uses his personal story as the example, from his birth to slave parents on a Virginia plantation and his struggle to go to school to his adult achievements as a public speaker and black leader. Washington outlines more than forty years of his life, emphasizing how he overcame great obstacles in order to pursue his education at Hampton University. As an adult, he opened a school for black students in Tuskegee, Alabama, and later he established other successful vocational schools. Throughout the book, Washington describes his educational philosophy and his hopes and dreams for African Americans. This is an unabridged version of Booker T. Washington's life story, which was first published in 1901.",One of the most inspiring books I've read. Not only is it a great story of rising out of slavery and documentating an important part of our history but also a very motivational book of the success he was able to achieve by reaching for his goals. Wish this was the stuff that was taught in schools.
Tess of the D'Urbervilles,['Thomas Hardy'],['Fiction'],"A heartbreaking portrayal of a woman faced by an impossible choice in the pursuit of happiness When Tess Durbeyfield is driven by family poverty to claim kinship with the wealthy D'Urbervilles and seek a portion of their family fortune, meeting her 'cousin' Alec proves to be her downfall. A very different man, Angel Clare, seems to offer her love and salvation, but Tess must choose whether to reveal her past or remain silent in the hope of a peaceful future. With its sensitive depiction of the wronged Tess and powerful criticism of social convention, Tess of the D'Urbervilles, subtitled ""A Pure Woman,"" is one of the most moving and poetic of Hardy's novels. Based on the three-volume first edition that shocked readers when first published in 1891, this edition includes as appendices: Hardy's Prefaces, the Landscapes of Tess, episodes originally censored from the Graphic periodical version, and a selection of the Graphic illustrations. For more than seventy years, Penguin has been the leading publisher of classic literature in the English-speaking world. With more than 1,700 titles, Penguin Classics represents a global bookshelf of the best works throughout history and across genres and disciplines. Readers trust the series to provide authoritative texts enhanced by introductions and notes by distinguished scholars and contemporary authors, as well as up-to-date translations by award-winning translators.","Tess Durbeyfield is an outstanding character that overcomes several obstacles to find where she is trully from. She leaves her home to discover if she is a part of the weathly family-the D'Urbervilles. She does come across a distant cousin by the name of Alec. As the two get to know each other, Alec takes advantage of the young dame. Tess then leaves and find work. She finds work on a dairy. A young man by the name of Angel Clare grows quite fond of the young Tess. They both grow to love each other. As the book continues, Tess and Alec re-unite; but, she commits a crime to return to her true love-Angel. This is a wonderful novel of the heroine Tess and her fight through the early society of men dominance."
The Mechanic's Tale: Life in the Pit Lanes of Formula One,['Steve Matchett'],['Biography & Autobiography'],"Essential reading for anyone interested in life behind-the-scenes at Formula One. Formula One Grand Prix mechanic Steve Matchett takes the reader on a compelling journey through his life in the pit-lane, from his beginnings as a young apprentice, through his time at Ferrari and BMW to his later success with Benetton. He gives eye-witness views of the great drivers, including Michael Schumacher, Nigel Mansell, Alain Prost and Ayrton Senna. He also talks of key Benetton personalities, and explains how the team was transformed into a strong, competitive organisation, winning three World Championships. His determination and frustration in trying - and eventually succeeding - to break into the high-pressure world of Formula One leaps off the page.","Highly enjoyed the book. I had an idea of the blood, sweat, and tears that a F1 mechanic goes through but Mr. Matchett opens your eyes even further. I dare say but he manages to do this while weaving humor into the story."
THE CATCHER IN THE RYE,['J.D. Salinger'],['Fiction'],"Anyone who has read J. D. Salinger's New Yorker stories - particularly A Perfect Day for Bananafish, Uncle Wiggily in Connecticut, The Laughing Man, and For Esme - With Love and Squalor, will not be surprised by the fact that his first novel is full of children. The hero-narrator of The Catcher in the Rye is an ancient child of sixteen, a native New Yorker named Holden Caulfield. Through circumstances that tend to preclude adult, secondhand description, he leaves his prep school in Pennsylvania and goes underground in New York City for three days. The boy himself is at once too simple and too complex for us to make any final comment about him or his story. Perhaps the safest thing we can say about Holden is that he was born in the world not just strongly attracted to beauty but, almost, hopelessly impaled on it. There are many voices in this novel: children's voices, adult voices, underground voices-but Holden's voice is the most eloquent of all. Transcending his own vernacular, yet remaining marvelously faithful to it, he issues a perfectly articulated cry of mixed pain and pleasure. However, like most lovers and clowns and poets of the higher orders, he keeps most of the pain to, and for, himself. The pleasure he gives away, or sets aside, with all his heart. It is there for the reader who can handle it to keep.","I have just finished reading this book for the third time and I am fairly confident now that the acclaim this novel has received is well deserved. It provokes discussion and it is an important and well-thought out examination of a life. Some readers may come away thinking that the story should have been more entertaining or more forthcoming with trite and upfront assessments about life. This is not the case with &quot;Rye&quot;. Read it to educated yourself... read it for the experience. For a more modern tale along the same lines as this one, also check out Joseph Green's PSEUDO COOL. Young people examining their lives has always been an interesting topic for debate."
Blink: The Power of Thinking Without Thinking,['Malcolm Gladwell'],['Business & Economics'],"From the #1 bestselling author of The Bomber Mafia, the landmark book that has revolutionized the way we understand leadership and decision making. In his breakthrough bestseller The Tipping Point, Malcolm Gladwell redefined how we understand the world around us. Now, in Blink, he revolutionizes the way we understand the world within. Blink is a book about how we think without thinking, about choices that seem to be made in an instant--in the blink of an eye--that actually aren't as simple as they seem. Why are some people brilliant decision makers, while others are consistently inept? Why do some people follow their instincts and win, while others end up stumbling into error? How do our brains really work--in the office, in the classroom, in the kitchen, and in the bedroom? And why are the best decisions often those that are impossible to explain to others? In Blink we meet the psychologist who has learned to predict whether a marriage will last, based on a few minutes of observing a couple; the tennis coach who knows when a player will double-fault before the racket even makes contact with the ball; the antiquities experts who recognize a fake at a glance. Here, too, are great failures of ""blink"": the election of Warren Harding; ""New Coke""; and the shooting of Amadou Diallo by police. Blink reveals that great decision makers aren't those who process the most information or spend the most time deliberating, but those who have perfected the art of ""thin-slicing""--filtering the very few factors that matter from an overwhelming number of variables.","While this book is well written as an introduction to the influence of Intuition in decision making, it is relatively ""thin soup"". I would suggest that folks with an interest in this topic read ""Educating Intuition "" by Robin Hogarth. R.Olsen, Decision Scientist."
Creation: A novel,['J. G. Ballard'],['Large type books'],"Set on drought affected Africa, by the author of ""Empire of the sun.""",CYRUS STIPAMA WAS THE MAIN CHARACTER. IT WAS ABOUT HIS ADVENTURES THROUGH THE EARLY CIVILIZATIONS. HOW THEY COMPARED WITH EACH OTHER AND THEY DIFFER FROM EACH OTHER.
Fact and Fiction.,['Bertrand Russell'],['Biography & Autobiography'],"Here Russell reflects on the books and writings that influenced his life, including fiction, essays on politics and education, divertissements and parables. This book provides valuable insight into the range of interests and depth of conviction of one of the world’s greatest philosophers.","Bertrand Russell often gathered essays he thought would have lasting value, and published them as collections. This book not only has essays, but the text of talks he gave on the BBC. The topics are wide and disparate. He begins with books (and their authors) that made a deep impression on him while he was in his formative years. Then follow essays on politics, starting off with &quot;What is Freedom?&quot; and &quot;What is Democracy?&quot; -- two basic questions that many people don't even think about. The &quot;Divertissement&quot; section contains pieces of fiction. Russell stated that he found fiction a useful medium to express ideas he half-believed in, but had no firm grounds for belief. The last section is on &quot;Peace and War,&quot; and includes the famous Vienna and Manchester addresses on nuclear bombs. His style is incisive and pithy as usual. If you like Russell, you should not miss reading this book."
"The Beatles - A Hard Day's Night [Non-US Format, PAL, Region 2, Import - Great Britain]",['Timur Vermes'],['Fiction'],"Zomer 2011. Adolf Hitler wordt wakker op een verlaten veld in Berlijn. Zonder oorlog, zonder partij, zonder Eva. Hij dwaalt rond in een volstrekt onherkenbare stad en al wie hij aanspreekt denkt dat hij een hilarische, sarcastische imitator is. In die hoedanigheid wordt Hitler een hype en begint hij zesenzestig jaar na zijn vermeende overlijden aan een televisiecarriere. Timur Vermes heeft een van de grappigste boeken van de laatste jaren geschreven. Hij neemt de media en de cynische massa genadeloos op de korrel zonder aan spanning in te boeten. Slaagt Hitler, gesteund door YouTubefilmpjes en vind-ik-leuks, dit keer wel in zijn opzet?","When you are dealing with a myth you have to look for what was new at the time when that myth appeared. And the Beatles are such a myth. This film reveals the fabric the myth is made of. Pure cinematographic and even photographic silk. The four boys have to be running because at the time everything young and new was on the run since it was chased by the establishment in order to be pilloried and exposed. But it also had to show how these four young men had to be able to capture the attention of other people and bring them into the running, first of all young people, particularly girls, and second the best representatives of the establishment, coppers. The film also had to be in black and white to be out of time, eternal because looking old, even odd or oddly even. Then and but their music did not have to convince their audience. It was new, fresh, lively, light, slightly rocky and rather smoothly rolly, with some drums but not too much, and a lot of harmony and melody, but the main attraction was the use of simple catch phrases to express love, freedom, desire, alienation and yet liberation in a mellow and sweet wrapping, like the cute title of the film taken from one of the songs. Finally the film had to satisfy the audience on the lifestyle of the Beatles and on their surrealistic reality. That is done with a plot based on their real life as musicians, etc, and at the same time with constant reference to impossible, at times absurd, breaches in this realism into some impossible meaningless or humoristic pranks. In one word the film is so real that it reaches beyond reality and even the virtuality of a life imagined as being out of logic.Dr Jacques COULARDEAU, University Paris Dauphine, University Paris 1 Pantheon Sorbonne & University Versailles Saint Quentin en Yvelines"
Pride & Prejudice (Classic Library),['Ibi Zoboi'],['Young Adult Fiction'],"In a timely update of Jane Austen's Pride and Prejudice, National Book Award finalist Ibi Zoboi skillfully balances cultural identity, class, and gentrification against the heady magic of first love in her vibrant reimagining of this beloved classic. A smart, funny, gorgeous retelling starring all characters of color. Zuri Benitez has pride. Brooklyn pride, family pride, and pride in her Afro-Latino roots. But pride might not be enough to save her rapidly gentrifying neighborhood from becoming unrecognizable. When the wealthy Darcy family moves in across the street, Zuri wants nothing to do with their two teenage sons, even as her older sister, Janae, starts to fall for the charming Ainsley. She especially can’t stand the judgmental and arrogant Darius. Yet as Zuri and Darius are forced to find common ground, their initial dislike shifts into an unexpected understanding. But with four wild sisters pulling her in different directions, cute boy Warren vying for her attention, and college applications hovering on the horizon, Zuri fights to find her place in Bushwick’s changing landscape, or lose it all. ""Zoboi skillfully depicts the vicissitudes of teenage relationships, and Zuri’s outsize pride and poetic sensibility make her a sympathetic teenager in a contemporary story about race, gentrification, and young love."" (Publishers Weekly, ""An Anti-Racist Children's and YA Reading List"")",I purchased this for my son's college freshman English class; it arrived promptly ; he read it from cover to cover; and received an &#34;A&#34;.
Wuthering Heights,['Emily Bronte'],,"Wuthering Heights is the name of Mr. HeathcliffÕs dwelling. ÔWutheringÕ being a significant provincial adjective, descriptive of the atmospheric tumult to which its station is exposed in stormy weather. Pure, bracing ventilation they must have up there at all times, indeed: one may guess the power of the north wind blowing over the edge, by the excessive slant of a few stunted firs at the end of the house; and by a range of gaunt thorns all stretching their limbs one way, as if craving alms of the sun. Happily, the architect had foresight to build it strong: the narrow windows are deeply set in the wall, and the corners defended with large jutting stones. Before passing the threshold, I paused to admire a quantity of grotesque carving lavished over the front, and especially about the principal door; above which, among a wilderness of crumbling griffins and shameless little boys, I detected the date Ô1500,Õ and the name ÔHareton Earnshaw.Õ I would have made a few comments, and requested a short history of the place from the surly owner; but his attitude at the door appeared to demand my speedy entrance, or complete departure, and I had no desire to aggravate his impatience previous to inspecting the penetralium. One stop brought us into the family sitting-room, without any introductory lobby or passage: they call it here Ôthe houseÕ pre-eminently. It includes kitchen and parlour, generally; but I believe at Wuthering Heights the kitchen is forced to retreat altogether into another quarter: at least I distinguished a chatter of tongues, and a clatter of culinary utensils, deep within; and I observed no signs of roasting, boiling, or baking, about the huge fireplace; nor any glitter of copper saucepans and tin cullenders on the walls. One end, indeed, reflected splendidly both light and heat from ranks of immense pewter dishes, interspersed with silver jugs and tankards, towering row after row, on a vast oak dresser, to the very roof. The latter had never been under-drawn: its entire anatomy lay bare to an inquiring eye, except where a frame of wood laden with oatcakes and clusters of legs of beef, mutton, and ham, concealed it. Above the chimney were sundry villainous old guns, and a couple of horse-pistols: and, by way of ornament, three gaudily-painted canisters disposed along its ledge. The floor was of smooth, white stone; the chairs, high-backed, primitive structures, painted green: one or two heavy black ones lurking in the shade. In an arch under the dresser reposed a huge, liver-coloured bitch pointer, surrounded by a swarm of squealing puppies; and other dogs haunted other recesses.","I recommend this wonderful book to almost everyone! I especially love reading novels that take place in the past yet can be related to now. One thing I do recommend - when you start reading this book, as you piece character personalities and profiles together - write them down! Make a family tree! That is the one confusing part of this book but by getting things down on paper you help yourself to enjoy the book more and not worry so much about who is who ;)"
OF MICE AND MEN,['John Steinbeck'],['Fiction'],"A controversial tale of friendship and tragedy during the Great Depression A Penguin Classic Over seventy-five years since its first publication, Steinbeck’s tale of commitment, loneliness, hope, and loss remains one of America’s most widely read and taught novels. An unlikely pair, George and Lennie, two migrant workers in California during the Great Depression, grasp for their American Dream. They hustle work when they can, living a hand-to-mouth existence. For George and Lennie have a plan: to own an acre of land and a shack they can call their own. When they land jobs on a ranch in the Salinas Valley, the fulfillment of their dream seems to be within their grasp. But even George cannot guard Lennie from the provocations, nor predict the consequences of Lennie's unswerving obedience to the things George taught him. Of Mice and Men represents an experiment in form, which Steinbeck described as “a kind of playable novel, written in a novel form but so scened and set that it can be played as it stands.” A rarity in American letters, it achieved remarkable success as a novel, a Broadway play, and three acclaimed films. This edition features an introduction by Susan Shillinglaw, one of today’s leading Steinbeck scholars. For more than seventy years, Penguin has been the leading publisher of classic literature in the English-speaking world. With more than 1,700 titles, Penguin Classics represents a global bookshelf of the best works throughout history and across genres and disciplines. Readers trust the series to provide authoritative texts enhanced by introductions and notes by distinguished scholars and contemporary authors, as well as up-to-date translations by award-winning translators.","This book is about two guys that travel together named George and Lennie. Lennie is retarted and George takes care of him. The ending is really sad. We read this book in my language class because its supposed to be so good, but I don't see what's so good about it."
"The Last Lion, Volume I: Winston Spencer Churchill: Visions of Glory, 1874-1932",['William Manchester'],,"The Last Lion: Winston Spencer Churchill: Visions of Glory, 1874-1932 is the first volume in William Manchester's epic three volume The Last Lion - the best-selling and definitive biography of one of Britain's pre-eminent prime ministers. When Winston Churchill was born in Blenheim Palace, Imperial Britain stood at the splendid pinnacle of her power. Yet within a few years, the Empire would hover on the brink of a catastrophic new era. This first volume of the best-selling biography of the adventurer, aristocrat, soldier, and statesman covers the first 58 years of the remarkable man whose courageous vision guided the destiny of those darkly troubled times and who looms today as one of the greatest figures of the twentieth century.","Usually what I get for my Kindle is free books, but when I found about this collection about Churchill, I had to break that rule. And am I glad that I did.Manchester's writing is just as rich and full of life, as what Churchill himself wrote. As someone who has always been impressed by the light speed that Churchill's mind ran at, I can see why a chance meeting with Churchill had such an imprint on Manchester. He really brings it to you the sad story of Churchill's childhood, as well as making the point that with so many diaries being written back then, the source material is just so deep.The Kindle edition is 18,725 locations long. Formatting looked pretty good, with only a few items that look like they need cleaning up. Easy to recommend."
Of Mice And Men,['John Steinbeck'],['Fiction'],"A controversial tale of friendship and tragedy during the Great Depression A Penguin Classic Over seventy-five years since its first publication, Steinbeck’s tale of commitment, loneliness, hope, and loss remains one of America’s most widely read and taught novels. An unlikely pair, George and Lennie, two migrant workers in California during the Great Depression, grasp for their American Dream. They hustle work when they can, living a hand-to-mouth existence. For George and Lennie have a plan: to own an acre of land and a shack they can call their own. When they land jobs on a ranch in the Salinas Valley, the fulfillment of their dream seems to be within their grasp. But even George cannot guard Lennie from the provocations, nor predict the consequences of Lennie's unswerving obedience to the things George taught him. Of Mice and Men represents an experiment in form, which Steinbeck described as “a kind of playable novel, written in a novel form but so scened and set that it can be played as it stands.” A rarity in American letters, it achieved remarkable success as a novel, a Broadway play, and three acclaimed films. This edition features an introduction by Susan Shillinglaw, one of today’s leading Steinbeck scholars. For more than seventy years, Penguin has been the leading publisher of classic literature in the English-speaking world. With more than 1,700 titles, Penguin Classics represents a global bookshelf of the best works throughout history and across genres and disciplines. Readers trust the series to provide authoritative texts enhanced by introductions and notes by distinguished scholars and contemporary authors, as well as up-to-date translations by award-winning translators.",The book is about two guys going from field to field for jobs. George is a small man that protects Lennie. Lennie is a very big man with the mind of a child. The story takes place on a field in California. I disliked the book because to me it was stipid. George is always yelling at Lennie and telling him what to do. Then what George does to Lennie at the end is sad and mean. you would need to read the book yourself to make a decision on it.
Equal Rites,['Terry Pratchett'],['Fiction'],"Terry Pratchett's profoundly irreverent novels, consistent number one bestsellers in England, have garnered him a revered position in the halls of parody along with Mark Twain, Kurt Vonnegut, Douglas Adams, and Carl Hiaasen. In Equal Rites, a dying wizard tries to pass on his powers to an eighth son of an eighth son, who is just at that moment being born. The fact that the son is actually a daughter is discovered just a little too late...","Being rather new to the work of Terry Pratchett, perhaps I had and advantage over some of the more jaded Pratchett fans here. I personally loved this work; thought it hilarious, and simply set back and enjoyed it as a stand alone read. As with most authors, his one has works in print which are simply not as good as others. No one can bat a thousand, and continually living up to all their reader's expectations. Perhaps my ignorance of his other work got in the way of my not enjoying this one. His, the author's, unique brand of wisdom holds many truths...if you just stretch things a bit.It would seem that on Disc World there are no female wizards, never have been, and if all concerned have their way, there never will be. Wizardry is simply not ""female work,"" because as the whole world, in this case Disc World, knows, females simply are not up to the task; they are different than men, and should remain in their ""place"" and if they must indulge in magic, then they should stick to being witches which is something fitting only for females. The female mind just is not up to the task and they think differently then men. Women cannot be wizards and men cannot be witches, although, at times, men can become warlocks.This entire premise of gender roles is suddenly challenged by Eskarina, a precocious young girl of eight, who was born at exactly the wrong time in the right place, or the right time in the wrong place and several combinations of the two. Esk is born a wizard and nothing or anyone is going to stop her. This is her story. She is helped along the way primarily by Granny Weatherwax, a rather unique and loveable, at times, witch. I understand that Granny is introduced in this story and appears later in others.As usually, as with his other work, Pratchett has filled his world with a wonderful assortment of characters, quirky, different, non-logical, but all delightful in their own other world, magical way. One of this author's many talents is word play, and we get plenty of that in this offering. I found myself constantly reading a line or two and asking myself ""did I really read just what I think I read!"" This poking fun at things; the world in general most of the time, either gently, or at times not so gentle, works quite well with his perchance for word play and the reader needs to take close note as she or he reads. There are plenty of chuckles in this work, even if you have to dig a bit deeper than is some of the author's other works.Another aspect of this author's work I like is the fact that I can recognize characters. I have yet to run into one of them that I have not met here on mundane earth. Pratchett simply has and odd ball way of portraying so many of my friends and acquaintances. I can even spot bits and pieces of myself now and then.For hardcore Pratchett fans this may not be their favorite work. For someone just starting his wonderfully imaginative work, it will certainly do. I would gently suggest though that if this work throws you into a complete snit because the author does not write his story the way you want, that you either skip the book completely; or better yet, write your own.Don BlankenshipThe Ozarks"
Mustard Seed vs. McWorld: Reinventing Life and Faith for the Future,['Tom Sine'],['Religion'],A guide for helping Christians understand the rapid-fire global changes in society and grasp God's perspective of working through the seemingly insignificant to effect lasting change.,"Tom Sine looks firstly at the phenomenon of globalisation andthe growth of certain corporations who are now bigger than theeconomies of some countries. In his analysis of this 'race to the top' he presents a vivid picture of the alarming power of these 'super companies.' In this context he introduces the opportunities and dangers of technology and especially e-commerce which is dramatically accelerating globalisation.He then moves on to the dangers and challenges of this new McWorld. He looks at the pressures on young people and their accumulation of debt as they join in the race. He then highlights the plight of the world's poor who increasingly left behind. He uses the example of Ugandan villagers who can no longer afford locally produced fish as the producers have found a higher price from Western purchasers. The local population are left to queue for the scraps.Sine's aim is to challenge Christian leaders to present an alternative to McWorld, based on a concern for the poor and for our environment. He achieves this in a way that is informative and readable. He presents material which is often perceived as dry in a lively and challenging way.I have no hesitation in recommending this book."
Jane Eyre (Signet classics),['Charlotte Brontë'],['Fiction'],"The classic 1847 novel traces the doomed love affair between an orphaned, independent-minded governess and her brooding employer, Mr. Rochester.","I loved jane eyre. I thought the book was well written, and a beautiful love story. Jane is a strong willed woman who stood up for what she wanted, and in the end got what she desired most."
New Jerusalem Bible Standard Edition (Bible Njb),['Henry Wansbrough'],['Bibles'],"Condensed notes and introductions Two-column format Glossary with 200 key words and concepts 1,424 pp.","One caution - be sure of the NJB you are buying, especially if you are buying one for academic study. The one I am reviewing is the one with the extensive scholarly research and footnotes. Amazon sells another NJB as well, which has far less of the scholarly material, and is targeted at general Bible readers.This is the edition which has the copious footnotes, and lots of other helpful information. This Bible has been very useful in my studies at the Archdiocese of Denver's Catholic Biblical College (accredited with Regis University). In my opinion, I have found this version of the NJB to be a far superior alternative to the NAB study Bibles that others use in the class.If you are looking for inspirational or devotional reading, in my opinion,The New Jerusalem Bible: Saints Devotional Editionis simply the best Bible out there for Catholics in particular and Chistians in general. That is, if you can find one - apparently they are out of print and thus expensive/rare these days. The devotional version of the NJB is excellent for faith reading and reflecting on the passages with the aid of the writings of great Saints from throughout history interspersed in a great many places where they illuminate the passages around them.I own them both the scholarly NJB and the Saint;s Devotional and recommend each for its own best purpose."
Goldfish Don't Take Bubble Baths (Abby and Tess Pet-Sitters) (Abby and Tess Pet-Sitters),['Trina Wiebe'],,"Rambunctious Tess is always acting like a dog and older sister Abby can't stand it anymore. But disaster really hits when they team up to look after two adorable goldfish. In the end, Abby saves the day and Tess saves Abby. The award-winning ""Abby & Tess Pet-Sitters"" series features Abby, an aspiring veterinarian who desperately wants a pet but lives in a ""no pets allowed"" apartment building, and her younger sister, Tess. The girls go into the pet-sitting business and discover new things about animals and new ways to solve problems.","Well written. A nice plot, interesting characters and relationships with engaging emotional twists and turns, and a humorous touch. My daughter has recently moved into the chapter book genre and this is her favorite (and mine) so far."
Biohazard 9-1-1,['Mark Kortepeter'],['Fiction'],"Will Denton, a former Army doctor, reluctantly assumes his father's small town medical practice in the Adirondack Mountains while his father recuperates from a stroke. Small town medicine quickly becomes more challenging than he had anticipated when local children begin dying of a horrific disease. Panic grows as the epidemic spreads. Fearing that he and others may already be infected, Dr. Denton teams up with his father's nurse and a former Army colleague from USAMRIID, the Army's biological warfare defense labs. Together they race to investigate the cause and attempt to control the spread before the disease causes a global crisis.","I love medical thrillers, and Biohazard 911 is a riveting tale of disease outbreak. Kortepeter is both entertaining and medically accurate. As he weaves his plot, he teaches his readers how to investigate and contain outbreaks. This book is well researched and relevant to current concerns about biological warfare. I look forward to a sequel!"
Selected Writings of Paul Valery,"['Paul Valery', 'Paul Valéry']",['Literary Collections'],"This selection from representative works of the great French poet-philosopher is based on the Paris Morceaux Choisis volume, which was assembled by Valéry himself.",Its been a long time since I have been waiting to get a hold to Valery's writings. Specially about myths and mythology.
Harry Potter and the Chamber of Secrets,['J. K. Rowling'],['Juvenile Fiction'],"Witchcraft, wizardry - fiction.",The books came in a timely manner. The price was great. They were brand new and excellent condition. My grandson was very happy with his new book.
The Westing Game,['Ellen Raskin'],['Juvenile Fiction'],"The mysterious death of an eccentric millionaire brings together an unlikely assortment of heirs who must uncover the circumstances of his death before they can claim their inheritance, in a special twenty-fifth edition that features a brand new cover.","The Westing GameThe Westing Game is a great mystery that you will have to do a little of solving on your own. In this book they don't really focus on one main character. They more focus on a big group of people. The story begins when sixteen people gather to listen to Samuel Westing will. They find out that it is a contest to finds out who killed Sam. The rewarding 200,000 million dollars is what keeps them motivated. The thing is one of them killed him even know he or she is competing to get the money. They will have fight through bombings, blizzards, and burglaries. The description of the book made me think that the book wasn't going to be very good so... don't let the description that I give you fool you. There are only two people that hold all of the clues. One of them is a heir and the other is you.By: Ben M"
The castle of Otranto: A Gothic story,['Horace Walpole'],['Fiction'],"""The Castle of Otranto"" is a novel by Horace Walpole, generally regarded as the first gothic novel. In the second edition, Walpole used the word ""gothic"" in the subtitle – ""A Gothic Story."" The story is set in a haunted castle. The events develop in the spirit of medievalism and terror, which became a standard mod for the genre ever since.","This book, like Pamela for feminist literary history, is important due to the fact that it was the first gothic novel ever written. The voice is a good one for the story, deep, reverant, dramatic; the writing is of excellent breed as well. With that said, however, so much has been ripped-off from this novel, and into novels that we've already read, that the story itself comes off as a bit cliche, not to mention ridiculous. Although the hyperbole of the novel is based off sybolic intentions, the best that one can say about this piece is that it lit a torch for future great novels--not that it's so much a great novel on its own two feet. Worty of reading if you care about the history of novels in general, but if you're looking for a great gothic novel this shouldn't be a first choice."
Point Deception,['Dan Brown'],['Fiction'],"From the #1 New York Times bestselling author of The Da Vinci Code, Angels & Demons, and Inferno and the “master of smart thrills” (People) comes a “rocket-fast thriller” (Vince Flynn) about an astonishing NASA discovery that unravels a deadly conspiracy that leads all the way to the White House. When a NASA satellite spots evidence of an astoundingly rare object buried deep in the Arctic ice, the floundering space agency proclaims a much-needed victory—one that could have profound implications for US space policy and the impending presidential election. With his re-election hanging in the balance, the President sends White House Intelligence analyst Rachel Sexton to the Milne Ice Shelf to verify the authenticity of the find. Accompanied by a team of experts, including the charismatic academic Michael Tolland, Rachel uncovers the unthinkable: evidence of scientific trickery. Before she can contact the President, she and Michael are attacked by a deadly team of assassins controlled by a mysterious power broker who will stop at nothing to hide the truth. Fleeing for their lives in an environment as desolate as it is lethal, their only hope for survival is to find out who is behind this masterful ploy. The truth, they will learn, is the most shocking deception of all in this “taut, fast-paced, barn-burner of a book” (St. Petersburg Times).","Kudos to Marcia Muller (and my apologies for the ""old girl"" remark) for ""Point Deception,"" a welcome and unexpectedly entertaining departure from her Sharon McCone mysteries. To be honest, I've become tired of the increasingly high-tech McCone series, which in the past few entries seems to be running out of steam. I was wary of following Muller in a new direction, but I'm awfully glad I did! This is a taut, atmospheric thriller that shows Muller in top form, reminding me why I fell for her writing in the first place. I look forward to the next Rhoda Swift novel, which is the greatest praise I can think of."
The normal Christian life,['Watchman Nee'],['Religion'],"Watchman Nee's great Christian classic tracing the steps along the pathway of faith and presenting the eternal purpose of God in simple terms. Its central theme: ""Christ our Life.","This is basically a really in depth look at the book of Romans. Nee takes you through Paul's systematic theology in a way that is easy to understand, but also stays true to the original text. By listening to this book, you will have a better understanding of what it means to actually be a Christian.I really enjoyed this book. Romans is one of my favorite books of the Bible, so I knew I would be blessed by listening to it. Think of Romans as a really long mission support letter!The narrator of the audiobook wasn't great in my opinion. I have heard much better.This review is made possible by the Reviewers program at [...]"
Our Origin and Destiny: An Evolutionary Perspective on the New Millennium,['Kathy Lynn Callahan'],['Religion'],"Through the fascinating story of our spiritual, mental, and physical evolution, an anthropologist and student of the Edgar Cayce readings asserts that we are the beginnings of a new human species. She outlines our future evolution as she reveals new insights into the great changes that engulf us at the turn of the millennium.","Kathy Callahan's book is a priceless treasure of who we really are, where we've been and where we are going.....if we desire to pay the price (of self) for awakening. It is a wonderous book for the seeker, the Sufi (seeking the path of the heart), to reconnect with how loving God, the Friend, the Beloved really is and how much he cares for us in our long journeys away (devolving) and returning (evolving) back to himI find myself returning to her book over and over again, when I have questions about the nature of the soul, about how easy it is to become entrapped in materiality and how to move towards the way of the Christ.For many, this book may seem arcane or obtuse, filled as it is with a history of humanity's journey based on a mystic/seer named Edgar Cayce, who died almost 60 years ago. However, for those of us who came to the Christ precisely because of how he was 're'-presented in the Cayce readings, Kathy Callahan's account of our Origins & Destiny is a touchstone, a wellspring of joy and insight for me to use, in conjunction with other Scripture and practice, as a means of focus, of alignment, so we too can both 'remember and return' to who we were and, more importantly, who we will be, after experiencing and overcoming the earth.Kathy Callahan's book is especially powerful for me for several other reasons as well. She offers a role into the Christ that is truly 'Cosmic' in origin, providing a richness and opportunity for appreciation as to how He truly is 'The Way' for all souls, beyond any religions desire to bind His role to their participants insistence on how His reality MUST be. This is especially appropriate for those who insist that THEIR reality, their beliefs ARE the correct ones and brings to mind Rumi's admonition that 'once we have arrived back home, all arguments as to the various roads there become meaningless'. Kathy's descriptions of the 'larger' view of the soul allow us to transcend our petty differences, that are so prevalent at this level of awareness and provide us an opportunity to see that we are indeed, ALL of God's children and it is totally up to US, to begin to see that 'the Light', is indeed 'Our collective and individual Light' that must be reattuned to, not via power, but via His way, the way of Love.Next, although she doesn't explicity address same, Kathy offers some very insightful into the problems inherent in promiscious sexuality and how souls experience tremendous problems when their focus is on experiencing the 'pleasures of the flesh' and the entrappment/addiction resulting from their desires. Although it is almost taboo to even discuss the possibilities of universal laws in today's culture, Cayce's description of becoming so engrossed in the flesh, that we become lost to our true nature, that of beings of light, of souls. Instead, we risk becoming entrapped in the 'thought forms' of our own creation. Both excessive Promisciousness and homosexuality, may be seen from this perspective as an result of the devolution process, and for those who are 'enraptured' in seeking the physical pleasures, risks losing his/her soul.Although Kathy Callahan's book does not explicitly deal with these issues, they are having increasing social and political impact today. She does point out, from Cayce's perspective, the dangers against ANY excessive sexuality, however directed. She also makes strong note of God's over-riding love for us, a love so committed that he refuses to coerce our free will, even when we have become entrapped in the earth. Instead, he sent His Son, to show us the way home.For those who seek a 'deeper path' than offered in what is contained in much of modern scripture and the nominative modern Christian paradigm, I heartily recommend Dr. Callahan's book as a ready reference for our return. As a therapist, I have discovered that ALL problems presented by client's are ultimately spiritual. Her book describes why.Tom Lawson, Ph.D."
Nobody's Darling,['Teresa Medeiros'],['Fiction'],"He always gets his lady… Billy Darling doesn’t enjoy being a wanted man until the day a duke’s prim and proper granddaughter comes marching into the Tumbleweed Saloon and points her derringer at his heart. Lucky for him, she's a mighty poor shot. She always gets her man… Instead of killing him, Esmerelda Fine hires him to find her runaway brother. Billy knows he should turn down her offer. He should resist her charms. But he doesn't. Because there comes a time in every man's life when he's got nothing left to lose...but his heart. Book 4 of the ROGUES AND GENTLEMEN series, which includes Yours Until Dawn, Thief of Hearts, Once an Angel and Nobody’s Darling “Nobody’s Darling has a little something for everyone. No wonder all of Medeiros’s romances have been national bestsellers.”—Milwaukee Journal-Sentinel “A lively passionate adventure generously peppered with Medeiros’s trademark humor and sense of fun.”—Library Journal “Another fine read from one of romance’s greats!”—Painted Rock “One of the Top Ten Best Romances of the Year.”—Amazon.com ENGLISH LANGUAGE EDITION Victorian romance, Western romance, Humorous romance, Cowboy romance","5 stars isn't enough. Ms. Medeiros is always fantastic, but she really outdid herself with this one. This is one of the few books I can honestly say made me laugh and cry all at the same time. The plot, the romance between the main and secondary characters, the setting...all were perfect. After reading this one, I bought everything I could find that Ms. Medeiros had ever written and I wasn't disappointed. This is a MUST READ!!!"
Pride & Prejudice (Classic Library),['Ibi Zoboi'],['Young Adult Fiction'],"In a timely update of Jane Austen's Pride and Prejudice, National Book Award finalist Ibi Zoboi skillfully balances cultural identity, class, and gentrification against the heady magic of first love in her vibrant reimagining of this beloved classic. A smart, funny, gorgeous retelling starring all characters of color. Zuri Benitez has pride. Brooklyn pride, family pride, and pride in her Afro-Latino roots. But pride might not be enough to save her rapidly gentrifying neighborhood from becoming unrecognizable. When the wealthy Darcy family moves in across the street, Zuri wants nothing to do with their two teenage sons, even as her older sister, Janae, starts to fall for the charming Ainsley. She especially can’t stand the judgmental and arrogant Darius. Yet as Zuri and Darius are forced to find common ground, their initial dislike shifts into an unexpected understanding. But with four wild sisters pulling her in different directions, cute boy Warren vying for her attention, and college applications hovering on the horizon, Zuri fights to find her place in Bushwick’s changing landscape, or lose it all. ""Zoboi skillfully depicts the vicissitudes of teenage relationships, and Zuri’s outsize pride and poetic sensibility make her a sympathetic teenager in a contemporary story about race, gentrification, and young love."" (Publishers Weekly, ""An Anti-Racist Children's and YA Reading List"")","One friend asked me why the book, Pride and Prejudice, became one of the most famous classics of all time. She knew it exemplified a great English writing style, but after reading the book, it only gave her the impression of an early 19th century ""chick-flick"", targeted for fans of romance novels. The book, however, offered me not only a witty, romantic comedy but also educational and historical values through the realistic depictions of an early 19th century English society.Throughout the whole book, the main characters constantly reminded me of the famous maxim: Don't judge a book by its cover. When the heroine, Elizabeth Bennet, meets the male character, Darcy, she finds him handsome, young and rich; the type of men that any women during her time period would consider to be the perfect husband. But his proud arrogance and aloofness prick her pride, causing her to stubbornly decide to dislike Darcy. This fire of hatred is further fueled along when Wickham, a handsome soldier, wins Liz's heart through his seemingly agreeable personality. Providing her with spiteful lies about Darcy, Wickham helps Liz's prejudice to grow. When the truth is reveled, however, Liz realizes that she had made the wrong impressions about both Darcy and Wickham based upon their exterior behaviors and appearances. In fact, Wickham turns out to be a scandalous liar whose addiction for gambling has broke him poor and Darcy turns out to be a truly noble person who knows how to care for and love those dear to him.In the end, Liz learns to correct her mistake of making misimpression and eventually marries Darcy who loves her for who she really is. This unrealistically happy ending, however, caused me to be aware of the real matrimony system in the early 19th century. The main characters ended happily; a girl from a poor family married the perfect man from a wealthy background due to their true, inseparable love. But other characters showed otherwise. For example, Liz's friend, Charlotte Lucas, agreed to marry Mr. Collins despite the fact that her friend had rejected him a few days ago. No love existed in this marriage obviously, but Charlotte could not have been happier as the marriage had much benefit for her: it saved her from her poor financial status and even from the shame of remaining unmarried at her old age. Just like Charlotte, many lower class women settled to be content with marriages, if they brought them or their families a little benefit.On the other hand, Ms. Bingley and Lady Catherine show how the upper class of the early 19th century married. Ignoring love mostly, both compared Darcy's social class, financial status, and family background to judge if marrying herself (Ms. Bingley's case) or her daughter (Lady Catherine's case) would be the most advantageous combination. In both cases, the source of wealth and power could be traced as the men, whom the women had to depend on and negotiate with to marry as best as they could. Both classes considered greatly the effects on the future and the family that the marriage would bring and the way how these female character perceived marriages proved how the real women during the early 19th century actually married.In conclusion, Pride and Prejudice should not be only read for observing Jane Austen's talent in writing or for mere enjoyment of romantic comedy, but also for development in mature perception and the cultural history that the book offered. Pride and Prejudice is an educational novel that clearly depicts the difficulty in forming perspective about other people and the dangers that could arise when our impressions or senses are trusted too much. It does not only offer an insight into how women of the early 19th century really lived but shows their lifestyle, way of thinking and the harsh reality of the matrimony system."
Wuthering Heights,['Emily Bronte'],,"Wuthering Heights is the name of Mr. HeathcliffÕs dwelling. ÔWutheringÕ being a significant provincial adjective, descriptive of the atmospheric tumult to which its station is exposed in stormy weather. Pure, bracing ventilation they must have up there at all times, indeed: one may guess the power of the north wind blowing over the edge, by the excessive slant of a few stunted firs at the end of the house; and by a range of gaunt thorns all stretching their limbs one way, as if craving alms of the sun. Happily, the architect had foresight to build it strong: the narrow windows are deeply set in the wall, and the corners defended with large jutting stones. Before passing the threshold, I paused to admire a quantity of grotesque carving lavished over the front, and especially about the principal door; above which, among a wilderness of crumbling griffins and shameless little boys, I detected the date Ô1500,Õ and the name ÔHareton Earnshaw.Õ I would have made a few comments, and requested a short history of the place from the surly owner; but his attitude at the door appeared to demand my speedy entrance, or complete departure, and I had no desire to aggravate his impatience previous to inspecting the penetralium. One stop brought us into the family sitting-room, without any introductory lobby or passage: they call it here Ôthe houseÕ pre-eminently. It includes kitchen and parlour, generally; but I believe at Wuthering Heights the kitchen is forced to retreat altogether into another quarter: at least I distinguished a chatter of tongues, and a clatter of culinary utensils, deep within; and I observed no signs of roasting, boiling, or baking, about the huge fireplace; nor any glitter of copper saucepans and tin cullenders on the walls. One end, indeed, reflected splendidly both light and heat from ranks of immense pewter dishes, interspersed with silver jugs and tankards, towering row after row, on a vast oak dresser, to the very roof. The latter had never been under-drawn: its entire anatomy lay bare to an inquiring eye, except where a frame of wood laden with oatcakes and clusters of legs of beef, mutton, and ham, concealed it. Above the chimney were sundry villainous old guns, and a couple of horse-pistols: and, by way of ornament, three gaudily-painted canisters disposed along its ledge. The floor was of smooth, white stone; the chairs, high-backed, primitive structures, painted green: one or two heavy black ones lurking in the shade. In an arch under the dresser reposed a huge, liver-coloured bitch pointer, surrounded by a swarm of squealing puppies; and other dogs haunted other recesses.","Of all the things committed to paper, why on Earth was it this? Having been forced to read this tripe under penalty of death in high school, and then once again in college, I must say that death is welcome. Oh poor poo-poo Heathcliff the Brooding and Catherine the ill fated strumpet. Yawn. Emily Bronte lived one of those lives like that of the other Emily, you know, Dickenson, who is another pile of rubbish altogether. Lonely days and cold nights with her father, and no hot little encounters with a horny gardener from Spain. All Emily Bronte needed was a good tango, but I fear that she was too chaste. And so the world must bear the weight of this tragedy, of its endless reprints which will mark the end of Time. Of course you can love this book and curl up with it at night as if it were your secret lover, or teddy bear, (Even if your teddy bear is your secret lover.) and listen to that song by Michael Penn, or whoever wrote that piece of yack. I don't care. I believe that this book sucks, and it is not worthy of being in the Canon. It should be banished to the realm of Cheesy Teeny-Bopperazzi Romance Goo in the back of a used book store somewhere in Northern Alberta."
1984,['George Orwell'],['Fiction'],"Nieuwspraak, Big Brother, het vocabulaire uit 1984 is in onze taal opgenomen en een eigen leven gaan leiden. De roman van George Orwell uit 1949 over de strijd van Winston Smith, ambtenaar op het ministerie van Waarheid, tegen de alles doordringende Partij, en zijn gedoemde liefde voor Julia heeft niets van zijn literarie zeggingskracht verloren. In Orwells steeds weer herdrukte anti-utopie verkeert de wereld in de wurggreep van een systeem dat is gegrondvest op de verbreiding van angst, haat en wreedheid, en dat iedere vorm van persoonlijke vrijheid en indiviualiteit uitsluit. 1984 is onverminderd geldig als benauwend nauwkeurig blauwdruk van elk dictatoriaal regime.","Even though this book has been out for a number of years, it is more appropriate today than the day it was written. It labors through some detail but ties is all together by the close. It will cause you to see today's headlines in a new light."
Agape Leadership,"['Robert L. Peterson', 'Alexander Strauch']",['Biography & Autobiography'],"Today we are desperately in need of examples of true Christian leadership. In the life of Robert Chapman we have such an example. Chapman was a widely respected Christian leader in England during the last century as a pastor, a teacher, and an evangelist. But he was best known for his remarkable life of love.",I have just purchased the Kindle addition. I was very disappointed to see the author took liberty with using a modern version. When Chapman quotes the Bible in the book the author has him quoting from a modern version that was not around then. A few times the King James Version was used. I do not think this should be done and is dishonest and none authentic.
The Four Agreements Companion Book : Using the Four Agreements to Master the Dream of Your Life,"['Don Miguel Ruiz', 'Janet Mills']",['Self-Help'],"The Four Agreements Companion Book takes you further along the journey to recover the awareness and wisdom of your authentic self. This book offers additional insights, practice ideas, a dialogue with don Miguel about applying The Four Agreements, and true stories from people who have transformed their lives.",After reading the four agreements this book makes it more effective and is very worthwhile. If you like the first this makes it better.
Monkey Station,['Ardath Mayhar'],['Fiction'],"A plague is devasting mankind. Deep within the Amazon jungle, scientists have altered the genetic makeup of macaque monkeys, making them self-aware and giving them the power of speech. Only by working together can the two races--man and monkey--find some common road to a future earth.","I was so involved with this book that I could not put it down. The characters were so interesting, and I could, in a way, relate to them. I recomend this book to all young ones, and adults alike. Monkey Station should be in all public and personal home libraries."
"The Great Hunt (Turtleback School & Library Binding Edition) (The Wheel of Time, Book 2)",['Bonnie Dobkin'],['Juvenile Fiction'],For use in schools and libraries only. Children set out looking for insects and they find all kinds.,"The Great Hunt continues the saga of Rand al'Thor and his teen cronies as they search for the 'horn of valere' a mythic relic reputed to bring dead heroes back to life. Along the way, the group gets split up, several new characters are added, and revelations about Rand and his role in the upcoming battle unfolds.I liked the Great Hunt more than the Wheel of time. The characters are slightly better written, more mature, and I liked the Seanchan. I also liked fewer dream sequences than the first and fewer appearances from the ""I'm so eeeeeeevilll..."" villain, Shai'tan.Negatives: I admit I found Rand a bit tedious, though. Must every female character find him hot? Perhaps a bit of Mary-Suism there. The parts with the wookie-like Loial just held no interest for me. Also the Ais Sidai are quite stereotyped: all browns are nerdy introspective people, all reds are man-hating women, all greens idealistic.. A little too cliche for my tastes. Also, I fail to see the attraction as to why so many otherwise normal intelligent people would choose to be dark friends. The author fails to show what enticements/rewards the 'dark lord' offers for the service. Instead we see darkfriends hurt humiliated and abused. I ended up feeling sorry for most of them, which is not, I think what the author intended. Also, I think Paddon Faine has run his course, at least for this reader.4 stars. Good. Could still use some editing and a few less characters."
The Mysterious Island (Classics Illustrated),['Jules Verne'],,Study aids and book notes of classis works written in an illustrated format.,"Really enjoyed this, classic , timeless tale. Gripping from the start with strong characters and a fast paced plot. Great to see such classics available free of charge on Amazon. Great work guys!"
Stories Behind the Best-Loved Songs of Christmas (Stories Behind Books),['Ace Collins'],['Religion'],"Behind the Christmas songs we love to sing lie fascinating stories that will enrich your holiday celebration. Taking you inside the nativity of over thirty favorite songs and carols, Ace Collins introduces you to people you’ve never met, stories you’ve never heard, and meanings you’d never have imagined. The next time you and your family sing ""God Rest Ye Merry Gentlemen,"" you’ll have a new understanding of its message and popular roots. You’ll discover how ""Angels from the Realms of Glory,"" with its sublime lyrics and profound theology, helped usher in a quiet revolution in worship. You’ll learn the strange history of the haunting and powerful ""O Holy Night,"" including the song’s surprising place in the history of modern communications. And you’ll step inside the life of Mark Lowry and find out how he came to pen the words to the contemporary classic ""Mary, Did You Know?""Still other songs such as ""O Come, O Come, Emmanuel"" trace back to mysterious origins--to ninth-century monks, nameless clergy, and unknown commoners of ages past. Joining hands with such modern favorites as ""White Christmas"" and ""The Christmas Song,"" they are part of the legacy of inspiration, faith, tears, love, and spiritual joy that is Christmas. From the rollicking appeal of ""Jingle Bells"" to the tranquil beauty of ""Silent Night,"" the great songs of Christmas contain messages of peace, hope, and truth. Each in its own way expresses a facet of God’s heart and celebrates the birth of his greatest gift to the world--Jesus, the most wonderful Christmas Song of all.","Another reviewer points out the this author seems to weave fairy tales into his narrative. That's exactly the problem. There is often a core of fact in what he's describing - but he weaves about half a page of fact into a fanciful two and half pages which he crams with spiritual extrapolation. He adds a subtext to almost every story that is his own agenda...putting thoughts into the composers head and words into their mouth which are obviously fabricated. It's frustrating - because if he had gone with ""Just the facts, Maam"" it would have been one of the most useful books out there on the subject. Instead, when i'm researching a carol, I have to cross check it with several other sources to make sure he hasn't completely invented part of a story."
To Kill A Mockingbird,['Harper Lee'],['Fiction'],"Voted America's Best-Loved Novel in PBS's The Great American Read Harper Lee's Pulitzer Prize-winning masterwork of honor and injustice in the deep South—and the heroism of one man in the face of blind and violent hatred One of the most cherished stories of all time, To Kill a Mockingbird has been translated into more than forty languages, sold more than forty million copies worldwide, served as the basis for an enormously popular motion picture, and was voted one of the best novels of the twentieth century by librarians across the country. A gripping, heart-wrenching, and wholly remarkable tale of coming-of-age in a South poisoned by virulent prejudice, it views a world of great beauty and savage inequities through the eyes of a young girl, as her father—a crusading local lawyer—risks everything to defend a black man unjustly accused of a terrible crime.","The title says it all. I was forced to read this book in the eigth grade, along with Romeo and Juliet and Things Fall Apart. Before you get on my case, let me just say this: the book is boring.Say what you will, but this never picks up. It starts out with Scout talking about how her brother once broke his arm. Who cares? The book's most exiting part is extremely confusing, and don't tell me I'm stupid; I have an IQ of 140. I personally prefer books that have something called action, such as Michael Chricton or Stephen King novels.If you're in for what Harper Lee calls a love story (even though there is no romance), go ahead and buy this book. If, however, you are like me, and you prefer something exiting, skip this."
What to Expect When You're Expecting: Revised Edition,"['Arlene Eisenberg', 'Heidi Eisenberg Murkoff', 'Sandee Eisenberg Hathaway']",['Health & Fitness'],"Includes information about prenatal diagnosis, exercise, nutrition, monthly check-ups, childbirth, and recovery","Though this book is given to pregnant women by many doctors andinsurance companies, it is not a comprehensive guide to pregnancyand childbirth. The format is easy to read, and gives you thebasics for what is happening each month. From talking to manypregnant women, I've heard that this book only begins to answertheir many questions, and I felt the same way. If you have atextbook pregnancy, and believe that doctors are gods,then this is the only book for you. Otherwise, read it yes, butmake sure you are reading other books too."
Beyond the Highland Mist,['Karen Marie Moning'],['Fiction'],"He would sell his warrior soul to possess her. . . . An alluring laird... He was known throughout the kingdom as Hawk, legendary predator of the battlefield and the boudoir. No woman could refuse his touch, but no woman ever stirred his heart—until a vengeful fairy tumbled Adrienne de Simone out of modern-day Seattle and into medieval Scotland. Captive in a century not her own, entirely too bold, too outspoken, she was an irresistible challenge to the sixteenth-century rogue. Coerced into a marriage with Hawk, Adrienne vowed to keep him at arm's length—but his sweet seduction played havoc with her resolve. A prisoner in time... She had a perfect ""no"" on her perfect lips for the notorious laird, but Hawk swore she would whisper his name with desire, begging for the passion he longed to ignite within her. Not even the barriers of time and space would keep him from winning her love. Despite her uncertainty about following the promptings of her own passionate heart, Adrienne's reservations were no match for Hawk's determination to keep her by his side. . . .","I actually bought this book based on the recommendations on Amazon and I was really disappointed when I finally got to read it. This is Ms. Moning's book and I think she should have spent more time editing it. Although her plot was certainly intruiging, I found her story to be choppy and incoherent at times. Like for example, Adrienne's life in the future was spotty at best, and I wish Ms. Moning spent more time developing Adrienne's background.This book is also not nearly as humorous as her other books. The author certainly tries to be amusing in her dialogue, but it just seems forced rather than clever and lighthearted like in her other books.But don't let this book turn you off from the wonder of Karen Marie Moning's writing. Her other 4 books are absolutely superb, all in the top 20 of my favorite books ever. I especially loved Kiss of the Highlander and its sequel the Drak Higlander is a close second. I highly recommend buying her other books; they're really worth your money."
"Eighth International Parallel Processing Symposium: April 26-29, 1994 Cancun, Mexico :Proceedings/94Th0652-8 (Parallel Processing Symposium//Proceedings)",['IEEE Computer Society'],['Computers'],"Papers from the October 1996 symposium combine perspectives on architecture applications and systems, with special focus on future systems concepts, especially petaflops computing. Includes sections on scheduling and routing, applications and algorithms, petaflops computing and point design studies, SIMD, I/O techniques, memory management, synchronization, networks, and performance analysis. Specific subjects include a quasi-barrier technique to improve performance of an irregular application, hardware-controlled prefeching in directory-based cache coherent systems, and point designs for 100 TF computers using PIM technologies. No index. Annotation copyrighted by Book News, Inc., Portland, OR.","I just want to add, Jays analysis of the ISOMORPHISMS process with induction to the lower frontal reverse cyclops is right on. My boyfriend Richard and I both read it even twice during our vacation in Key West. The rest of the night we just could't stop talking about Jay's work.Fantastic Jay, keep it up...with love, simply Patrick"
Japan Style: Architecture Interiors Design,"['Geeta Mehta', 'Kimie Tada']",['Design'],"Enter the world of the stylish Japanese house, where every object in sight is a work of art. Japan Style introduces 20 special residences. With more than 200 color photographs, this book showcases Japanese design in the stunning beauty of old homes and reveals how they are cared for by their owners. Traditional Japanese homes, with superbly crafted fine wood, great workmanship and seasonal interior arrangements, have an aesthetic of infinite simplicity. Unlike Japanese inns and historical buildings, the Japanese architecture featured in this book is on private property not open to public viewing. Japan Style offers a rare glimpse into the intimate world of everyday Japanese culture and fascinating insight into the traditional architecture of Japan.",I found this book wonderful. An overview of Japanese decor with a wealth of great photos. I got a hell of a lot of ideas from happily going through it again and again and again
Wuthering Heights,['Emily Bronte'],,"Wuthering Heights is the name of Mr. HeathcliffÕs dwelling. ÔWutheringÕ being a significant provincial adjective, descriptive of the atmospheric tumult to which its station is exposed in stormy weather. Pure, bracing ventilation they must have up there at all times, indeed: one may guess the power of the north wind blowing over the edge, by the excessive slant of a few stunted firs at the end of the house; and by a range of gaunt thorns all stretching their limbs one way, as if craving alms of the sun. Happily, the architect had foresight to build it strong: the narrow windows are deeply set in the wall, and the corners defended with large jutting stones. Before passing the threshold, I paused to admire a quantity of grotesque carving lavished over the front, and especially about the principal door; above which, among a wilderness of crumbling griffins and shameless little boys, I detected the date Ô1500,Õ and the name ÔHareton Earnshaw.Õ I would have made a few comments, and requested a short history of the place from the surly owner; but his attitude at the door appeared to demand my speedy entrance, or complete departure, and I had no desire to aggravate his impatience previous to inspecting the penetralium. One stop brought us into the family sitting-room, without any introductory lobby or passage: they call it here Ôthe houseÕ pre-eminently. It includes kitchen and parlour, generally; but I believe at Wuthering Heights the kitchen is forced to retreat altogether into another quarter: at least I distinguished a chatter of tongues, and a clatter of culinary utensils, deep within; and I observed no signs of roasting, boiling, or baking, about the huge fireplace; nor any glitter of copper saucepans and tin cullenders on the walls. One end, indeed, reflected splendidly both light and heat from ranks of immense pewter dishes, interspersed with silver jugs and tankards, towering row after row, on a vast oak dresser, to the very roof. The latter had never been under-drawn: its entire anatomy lay bare to an inquiring eye, except where a frame of wood laden with oatcakes and clusters of legs of beef, mutton, and ham, concealed it. Above the chimney were sundry villainous old guns, and a couple of horse-pistols: and, by way of ornament, three gaudily-painted canisters disposed along its ledge. The floor was of smooth, white stone; the chairs, high-backed, primitive structures, painted green: one or two heavy black ones lurking in the shade. In an arch under the dresser reposed a huge, liver-coloured bitch pointer, surrounded by a swarm of squealing puppies; and other dogs haunted other recesses.",I am trying to read classics that were mandatory in high school. Thought it would be fun to read some without any assignments. Chose this one because i remembered it to be a love story and i had enjoyed Pride and Prejudice.
